feature,CHECKPOINT,group,rank_biserial,boot_ci_lo,boot_ci_hi,median_diff
s1,0945,FAILED_BREAKOUT,0.2789,-11.062,-0.7311,-5.77
s1,0945,STRUCTURE_FAIL,0.0941,-6.0909,5.175,-0.52
invalid,0945,FAILED_BREAKOUT,0.282,-9.8599,-0.6459,-5.31
invalid,0945,STRUCTURE_FAIL,0.0672,-5.34,4.891,-0.09
D1_close,0945,FAILED_BREAKOUT,0.283,-9.8569,-0.4948,-4.83
D1_close,0945,STRUCTURE_FAIL,0.0721,-5.5991,4.55,-0.34
D1_volume,0945,FAILED_BREAKOUT,-0.2211,-3454678.55,38190319.5,10792861.0
D1_volume,0945,STRUCTURE_FAIL,-0.2569,-3970581.0,37121887.6625,13925971.0
D1_upper_shadow_pct,0945,FAILED_BREAKOUT,-0.3211,0.0,2.0661,1.6802
D1_upper_shadow_pct,0945,STRUCTURE_FAIL,-0.3113,0.0,2.0903,1.6802
D1_close_location,0945,FAILED_BREAKOUT,0.332,-0.8955,0.0,-0.778
D1_close_location,0945,STRUCTURE_FAIL,0.2162,-0.8955,0.0,-0.778
dist_D1_close_to_s1_pct,0945,FAILED_BREAKOUT,0.1113,-2.098,1.2709,-0.6515
dist_D1_close_to_s1_pct,0945,STRUCTURE_FAIL,-0.2147,-0.3001,3.7519,1.7283
dist_D1_close_to_support_pct,0945,FAILED_BREAKOUT,0.0191,-1.0612,2.1712,0.4696
dist_D1_close_to_support_pct,0945,STRUCTURE_FAIL,0.0265,-2.1346,2.0619,-0.1134
dist_D1_close_to_invalid_pct,0945,FAILED_BREAKOUT,-0.0119,-1.4637,2.5018,0.9613
dist_D1_close_to_invalid_pct,0945,STRUCTURE_FAIL,0.0098,-2.0201,2.2019,-0.2458
pullback_volume_dry_up_pre_D0,0945,FAILED_BREAKOUT,0.0949,-0.2766,0.1581,-0.0514
pullback_volume_dry_up_pre_D0,0945,STRUCTURE_FAIL,-0.084,-0.1624,0.3217,0.1349
probe_count_pre_D0,0945,FAILED_BREAKOUT,-0.108,0.0,0.5,0.0
probe_count_pre_D0,0945,STRUCTURE_FAIL,-0.0608,0.0,0.5,0.0
closest_high_to_s1_pre_D0_pct,0945,FAILED_BREAKOUT,0.2183,-5.2386,2.0274,-2.2685
closest_high_to_s1_pre_D0_pct,0945,STRUCTURE_FAIL,0.008,-4.2453,4.6295,-0.1115
pre_D0_min_low,0945,FAILED_BREAKOUT,0.2983,-26.27,2.2215,-6.44
pre_D0_min_low,0945,STRUCTURE_FAIL,0.072,-6.731,7.0,0.645
d0_open,0945,FAILED_BREAKOUT,0.2799,-10.1028,-0.599,-4.89
d0_open,0945,STRUCTURE_FAIL,0.0706,-5.6779,4.53,-0.12
prev_close,0945,FAILED_BREAKOUT,0.283,-9.8569,-0.4948,-4.83
prev_close,0945,STRUCTURE_FAIL,0.0721,-5.5991,4.55,-0.34
anchor_volume,0945,FAILED_BREAKOUT,-0.2124,-783196.0,29472921.8,10431811.0
anchor_volume,0945,STRUCTURE_FAIL,-0.2196,-6820401.675,29799121.975,10549477.0
price_to_s1_pct,0945,FAILED_BREAKOUT,-0.0082,-2.1942,1.9667,-0.2227
price_to_s1_pct,0945,STRUCTURE_FAIL,-0.2559,-0.4194,4.0837,2.029
session_high_to_s1_pct,0945,FAILED_BREAKOUT,0.0366,-1.728,1.3534,0.1216
session_high_to_s1_pct,0945,STRUCTURE_FAIL,-0.2284,-0.5938,4.1056,2.3327
best_distance_to_s1_so_far_pct,0945,FAILED_BREAKOUT,0.0258,-2.1133,1.6968,-0.1793
best_distance_to_s1_so_far_pct,0945,STRUCTURE_FAIL,-0.2882,0.3545,4.2503,2.7675
s1_cross_count_so_far,0945,FAILED_BREAKOUT,0.0,0.0,0.0,0.0
s1_cross_count_so_far,0945,STRUCTURE_FAIL,0.0,0.0,0.0,0.0
s1_reject_count_so_far,0945,FAILED_BREAKOUT,0.0,0.0,0.0,0.0
s1_reject_count_so_far,0945,STRUCTURE_FAIL,0.0,0.0,0.0,0.0
price_to_support_pct,0945,FAILED_BREAKOUT,-0.0851,-0.7843,1.974,0.6896
price_to_support_pct,0945,STRUCTURE_FAIL,0.0206,-1.6063,1.5584,-0.4358
price_to_invalid_pct,0945,FAILED_BREAKOUT,-0.1082,-0.7063,1.9814,0.0967
price_to_invalid_pct,0945,STRUCTURE_FAIL,-0.0049,-1.5503,1.7823,-0.4864
session_low_to_support_pct,0945,FAILED_BREAKOUT,-0.1644,-0.3823,2.0644,0.4363
session_low_to_support_pct,0945,STRUCTURE_FAIL,-0.1456,-0.8403,2.3187,0.3232
minutes_since_support_touch,0945,FAILED_BREAKOUT,-0.0484,0.0,0.0,0.0
minutes_since_support_touch,0945,STRUCTURE_FAIL,-0.0175,0.0,0.0,0.0
minutes_from_support_low_to_reclaim,0945,FAILED_BREAKOUT,-0.1282,0.0,0.0,0.0
minutes_from_support_low_to_reclaim,0945,STRUCTURE_FAIL,0.1111,0.0,0.0,0.0
price_after_support_reclaim_pct,0945,FAILED_BREAKOUT,-0.0983,-1.068,2.0892,0.6989
price_after_support_reclaim_pct,0945,STRUCTURE_FAIL,0.2685,-2.7325,0.6815,-0.7778
drawdown_from_open_pct,0945,FAILED_BREAKOUT,-0.1629,-0.1836,0.7742,0.258
drawdown_from_open_pct,0945,STRUCTURE_FAIL,-0.1029,-0.4661,0.6136,-0.0178
session_low_pct_vs_prev_close,0945,FAILED_BREAKOUT,-0.3067,0.0206,1.9606,1.0339
session_low_pct_vs_prev_close,0945,STRUCTURE_FAIL,-0.3147,0.2353,2.0579,1.2313
recovery_from_session_low_pct,0945,FAILED_BREAKOUT,0.1216,-1.3816,0.7271,-0.5435
recovery_from_session_low_pct,0945,STRUCTURE_FAIL,0.2402,-1.7973,0.576,-0.7981
recovery_fraction_of_drawdown,0945,FAILED_BREAKOUT,-0.0895,-0.2788,0.7732,0.4454
recovery_fraction_of_drawdown,0945,STRUCTURE_FAIL,0.0913,-1.1735,0.5383,-0.27
minutes_low_to_open_reclaim,0945,FAILED_BREAKOUT,0.0182,0.0,0.0,0.0
minutes_low_to_open_reclaim,0945,STRUCTURE_FAIL,0.0625,0.0,0.0,0.0
minutes_low_to_prev_close_reclaim,0945,FAILED_BREAKOUT,0.0545,0.0,0.0,0.0
minutes_low_to_prev_close_reclaim,0945,STRUCTURE_FAIL,0.1481,0.0,0.0,0.0
price_vs_vwap_pct,0945,FAILED_BREAKOUT,0.0082,-0.5572,0.5831,0.1719
price_vs_vwap_pct,0945,STRUCTURE_FAIL,0.1593,-0.8973,0.327,-0.1236
minutes_low_to_vwap_reclaim,0945,FAILED_BREAKOUT,-0.3294,0.0,5.0,0.0
minutes_low_to_vwap_reclaim,0945,STRUCTURE_FAIL,-0.3889,0.0,5.0,0.0
pct_bars_above_vwap_since_low,0945,FAILED_BREAKOUT,-0.0057,-33.34,33.34,0.0
pct_bars_above_vwap_since_low,0945,STRUCTURE_FAIL,0.0691,-50.005,25.4165,-16.67
vwap_rebreak_count_after_low,0945,FAILED_BREAKOUT,0.118,0.0,0.0,0.0
vwap_rebreak_count_after_low,0945,STRUCTURE_FAIL,0.0461,0.0,0.0,0.0
vwap_reclaim_count_after_low,0945,FAILED_BREAKOUT,0.0121,0.0,0.0,0.0
vwap_reclaim_count_after_low,0945,STRUCTURE_FAIL,0.0495,0.0,0.0,0.0
closest_high_to_s1_pct_so_far,0945,FAILED_BREAKOUT,0.0258,-2.1133,1.6968,-0.1793
closest_high_to_s1_pct_so_far,0945,STRUCTURE_FAIL,-0.2882,0.3545,4.2503,2.7675
number_of_intraday_local_highs,0945,FAILED_BREAKOUT,-0.067,0.0,0.5,0.0
number_of_intraday_local_highs,0945,STRUCTURE_FAIL,0.0657,-1.0,0.5,0.0
local_high_progression_pct,0945,FAILED_BREAKOUT,-0.0606,-0.3996,1.1505,0.3231
local_high_progression_pct,0945,STRUCTURE_FAIL,0.1186,-1.7469,0.3957,-0.9114
high_progression_pct,0945,FAILED_BREAKOUT,-0.0606,-0.3996,1.1505,0.3231
high_progression_pct,0945,STRUCTURE_FAIL,0.1186,-1.7469,0.3957,-0.9114
probe_v01_compat,0945,FAILED_BREAKOUT,0.0,0.0,0.0,0.0
probe_v01_compat,0945,STRUCTURE_FAIL,0.0,0.0,0.0,0.0
continuous_s1_approach,0945,FAILED_BREAKOUT,0.0258,-2.1133,1.6968,-0.1793
continuous_s1_approach,0945,STRUCTURE_FAIL,-0.2882,0.3545,4.2503,2.7675
cum_volume,0945,FAILED_BREAKOUT,-0.1129,-1839542.55,13151709.375,5765499.0
cum_volume,0945,STRUCTURE_FAIL,-0.0745,-3868202.0375,9891683.525,3277982.0
cum_volume_vs_D1_ratio,0945,FAILED_BREAKOUT,0.2335,-0.128,0.0286,-0.06
cum_volume_vs_D1_ratio,0945,STRUCTURE_FAIL,0.3314,-0.2303,-0.0119,-0.0991
cum_volume_vs_anchor_ratio,0945,FAILED_BREAKOUT,0.2129,-0.1225,0.0153,-0.0343
cum_volume_vs_anchor_ratio,0945,STRUCTURE_FAIL,0.2931,-0.3318,-0.0177,-0.0768
volume_since_session_low,0945,FAILED_BREAKOUT,-0.1113,-875344.2875,9173457.65,3030662.0
volume_since_session_low,0945,STRUCTURE_FAIL,-0.0363,-2078942.9,8358879.025,2370061.0
volume_on_recovery,0945,FAILED_BREAKOUT,-0.0383,-3759317.75,12296364.375,1352412.0
volume_on_recovery,0945,STRUCTURE_FAIL,-0.0261,-5586617.0,12369850.0,414062.0
return_from_open_pct,0945,FAILED_BREAKOUT,-0.0518,-0.7075,1.3963,0.5234
return_from_open_pct,0945,STRUCTURE_FAIL,0.1098,-2.0252,0.4524,-0.8366
return_from_prev_close_pct,0945,FAILED_BREAKOUT,-0.1562,-0.8121,1.8911,0.4438
return_from_prev_close_pct,0945,STRUCTURE_FAIL,-0.0667,-1.1547,1.7205,0.4155
session_range_pct,0945,FAILED_BREAKOUT,0.2098,-1.009,0.2337,-0.5032
session_range_pct,0945,STRUCTURE_FAIL,0.35,-1.696,-0.1903,-0.8104
close_location_so_far,0945,FAILED_BREAKOUT,0.0557,-0.245,0.2097,-0.0675
close_location_so_far,0945,STRUCTURE_FAIL,0.151,-0.3146,0.148,-0.1035
high_from_open_pct,0945,FAILED_BREAKOUT,-0.0606,-0.3996,1.1505,0.3231
high_from_open_pct,0945,STRUCTURE_FAIL,0.1186,-1.7469,0.3957,-0.9114
low_from_open_pct,0945,FAILED_BREAKOUT,-0.1629,-0.1836,0.7742,0.258
low_from_open_pct,0945,STRUCTURE_FAIL,-0.1029,-0.4661,0.6136,-0.0178
lower_shadow_proxy_so_far_pct,0945,FAILED_BREAKOUT,0.0508,-0.5476,0.4518,-0.1965
lower_shadow_proxy_so_far_pct,0945,STRUCTURE_FAIL,0.1,-0.5831,0.4236,-0.1218
upper_shadow_proxy_so_far_pct,0945,FAILED_BREAKOUT,-0.0838,-0.4212,0.5667,0.0938
upper_shadow_proxy_so_far_pct,0945,STRUCTURE_FAIL,-0.0784,-0.3764,0.6025,0.1952
checkpoint_close,0945,FAILED_BREAKOUT,0.2799,-10.1079,-0.6364,-5.71
checkpoint_close,0945,STRUCTURE_FAIL,0.0745,-5.4603,4.5205,-0.62
session_low_price,0945,FAILED_BREAKOUT,0.2755,-9.8235,-0.3443,-5.21
session_low_price,0945,STRUCTURE_FAIL,0.0676,-5.3679,4.58,-0.45
session_high_price,0945,FAILED_BREAKOUT,0.2791,-10.224,-0.5742,-5.325
session_high_price,0945,STRUCTURE_FAIL,0.0725,-5.6619,4.8204,-0.315
vwap_price,0945,FAILED_BREAKOUT,0.2789,-10.0296,-0.4912,-5.418
vwap_price,0945,STRUCTURE_FAIL,0.0686,-5.5298,4.7302,-0.2896
s1,1000,FAILED_BREAKOUT,0.2789,-11.062,-0.7311,-5.77
s1,1000,STRUCTURE_FAIL,0.0941,-6.0909,5.175,-0.52
invalid,1000,FAILED_BREAKOUT,0.282,-9.8599,-0.6459,-5.31
invalid,1000,STRUCTURE_FAIL,0.0672,-5.34,4.891,-0.09
D1_close,1000,FAILED_BREAKOUT,0.283,-9.8569,-0.4948,-4.83
D1_close,1000,STRUCTURE_FAIL,0.0721,-5.5991,4.55,-0.34
D1_volume,1000,FAILED_BREAKOUT,-0.2211,-3454678.55,38190319.5,10792861.0
D1_volume,1000,STRUCTURE_FAIL,-0.2569,-3970581.0,37121887.6625,13925971.0
D1_upper_shadow_pct,1000,FAILED_BREAKOUT,-0.3211,0.0,2.0661,1.6802
D1_upper_shadow_pct,1000,STRUCTURE_FAIL,-0.3113,0.0,2.0903,1.6802
D1_close_location,1000,FAILED_BREAKOUT,0.332,-0.8955,0.0,-0.778
D1_close_location,1000,STRUCTURE_FAIL,0.2162,-0.8955,0.0,-0.778
dist_D1_close_to_s1_pct,1000,FAILED_BREAKOUT,0.1113,-2.098,1.2709,-0.6515
dist_D1_close_to_s1_pct,1000,STRUCTURE_FAIL,-0.2147,-0.3001,3.7519,1.7283
dist_D1_close_to_support_pct,1000,FAILED_BREAKOUT,0.0191,-1.0612,2.1712,0.4696
dist_D1_close_to_support_pct,1000,STRUCTURE_FAIL,0.0265,-2.1346,2.0619,-0.1134
dist_D1_close_to_invalid_pct,1000,FAILED_BREAKOUT,-0.0119,-1.4637,2.5018,0.9613
dist_D1_close_to_invalid_pct,1000,STRUCTURE_FAIL,0.0098,-2.0201,2.2019,-0.2458
pullback_volume_dry_up_pre_D0,1000,FAILED_BREAKOUT,0.0949,-0.2766,0.1581,-0.0514
pullback_volume_dry_up_pre_D0,1000,STRUCTURE_FAIL,-0.084,-0.1624,0.3217,0.1349
probe_count_pre_D0,1000,FAILED_BREAKOUT,-0.108,0.0,0.5,0.0
probe_count_pre_D0,1000,STRUCTURE_FAIL,-0.0608,0.0,0.5,0.0
closest_high_to_s1_pre_D0_pct,1000,FAILED_BREAKOUT,0.2183,-5.2386,2.0274,-2.2685
closest_high_to_s1_pre_D0_pct,1000,STRUCTURE_FAIL,0.008,-4.2453,4.6295,-0.1115
pre_D0_min_low,1000,FAILED_BREAKOUT,0.2983,-26.27,2.2215,-6.44
pre_D0_min_low,1000,STRUCTURE_FAIL,0.072,-6.731,7.0,0.645
d0_open,1000,FAILED_BREAKOUT,0.2799,-10.1028,-0.599,-4.89
d0_open,1000,STRUCTURE_FAIL,0.0706,-5.6779,4.53,-0.12
prev_close,1000,FAILED_BREAKOUT,0.283,-9.8569,-0.4948,-4.83
prev_close,1000,STRUCTURE_FAIL,0.0721,-5.5991,4.55,-0.34
anchor_volume,1000,FAILED_BREAKOUT,-0.2124,-783196.0,29472921.8,10431811.0
anchor_volume,1000,STRUCTURE_FAIL,-0.2196,-6820401.675,29799121.975,10549477.0
price_to_s1_pct,1000,FAILED_BREAKOUT,0.0237,-1.9827,1.7823,0.0632
price_to_s1_pct,1000,STRUCTURE_FAIL,-0.2652,-0.5085,4.7023,2.1048
session_high_to_s1_pct,1000,FAILED_BREAKOUT,0.0588,-1.7867,1.1225,-0.221
session_high_to_s1_pct,1000,STRUCTURE_FAIL,-0.152,-1.3241,3.0344,0.7756
best_distance_to_s1_so_far_pct,1000,FAILED_BREAKOUT,0.0082,-1.7592,1.9604,0.3479
best_distance_to_s1_so_far_pct,1000,STRUCTURE_FAIL,-0.3235,0.3295,5.1156,2.7433
s1_cross_count_so_far,1000,FAILED_BREAKOUT,0.0,0.0,0.0,0.0
s1_cross_count_so_far,1000,STRUCTURE_FAIL,0.0,0.0,0.0,0.0
s1_reject_count_so_far,1000,FAILED_BREAKOUT,0.0,0.0,0.0,0.0
s1_reject_count_so_far,1000,STRUCTURE_FAIL,0.0,0.0,0.0,0.0
price_to_support_pct,1000,FAILED_BREAKOUT,-0.0809,-0.5788,1.3931,0.403
price_to_support_pct,1000,STRUCTURE_FAIL,-0.0304,-0.8858,1.4874,0.0266
price_to_invalid_pct,1000,FAILED_BREAKOUT,-0.1067,-0.6447,1.7173,0.4021
price_to_invalid_pct,1000,STRUCTURE_FAIL,-0.0549,-1.0651,1.4237,0.0197
session_low_to_support_pct,1000,FAILED_BREAKOUT,-0.1753,-0.2359,2.1661,0.49
session_low_to_support_pct,1000,STRUCTURE_FAIL,-0.1794,-0.7068,2.4574,0.6895
minutes_since_support_touch,1000,FAILED_BREAKOUT,-0.0164,0.0,0.0,0.0
minutes_since_support_touch,1000,STRUCTURE_FAIL,-0.0029,0.0,0.0,0.0
minutes_from_support_low_to_reclaim,1000,FAILED_BREAKOUT,-0.051,0.0,0.0,0.0
minutes_from_support_low_to_reclaim,1000,STRUCTURE_FAIL,0.1096,-1.3125,0.0,0.0
price_after_support_reclaim_pct,1000,FAILED_BREAKOUT,0.0065,-1.2377,1.1753,0.3205
price_after_support_reclaim_pct,1000,STRUCTURE_FAIL,0.3262,-2.0293,0.666,-0.576
drawdown_from_open_pct,1000,FAILED_BREAKOUT,-0.1505,-0.1917,0.8806,0.2709
drawdown_from_open_pct,1000,STRUCTURE_FAIL,-0.1029,-0.4335,0.6484,0.0156
session_low_pct_vs_prev_close,1000,FAILED_BREAKOUT,-0.3,-0.0039,1.9117,1.0683
session_low_pct_vs_prev_close,1000,STRUCTURE_FAIL,-0.3637,0.3203,2.1681,1.2532
recovery_from_session_low_pct,1000,FAILED_BREAKOUT,0.143,-1.2196,0.7232,-0.2811
recovery_from_session_low_pct,1000,STRUCTURE_FAIL,0.1348,-1.5032,0.9528,-0.0821
recovery_fraction_of_drawdown,1000,FAILED_BREAKOUT,-0.152,-0.1463,1.0312,0.4168
recovery_fraction_of_drawdown,1000,STRUCTURE_FAIL,0.0095,-1.2213,0.7418,-0.1477
minutes_low_to_open_reclaim,1000,FAILED_BREAKOUT,0.0284,0.0,0.0,0.0
minutes_low_to_open_reclaim,1000,STRUCTURE_FAIL,0.0709,0.0,0.0,0.0
minutes_low_to_prev_close_reclaim,1000,FAILED_BREAKOUT,0.0688,0.0,0.0,0.0
minutes_low_to_prev_close_reclaim,1000,STRUCTURE_FAIL,0.0958,0.0,0.0,0.0
price_vs_vwap_pct,1000,FAILED_BREAKOUT,0.0675,-0.7131,0.3248,-0.2709
price_vs_vwap_pct,1000,STRUCTURE_FAIL,-0.0186,-0.7661,0.6098,0.0016
minutes_low_to_vwap_reclaim,1000,FAILED_BREAKOUT,-0.1569,-5.0,10.0,0.0
minutes_low_to_vwap_reclaim,1000,STRUCTURE_FAIL,-0.3119,0.0,10.0,5.0
pct_bars_above_vwap_since_low,1000,FAILED_BREAKOUT,0.0003,-20.835,21.7482,0.0
pct_bars_above_vwap_since_low,1000,STRUCTURE_FAIL,0.0015,-30.0,26.67,10.0
vwap_rebreak_count_after_low,1000,FAILED_BREAKOUT,-0.0351,-1.0,1.0,0.0
vwap_rebreak_count_after_low,1000,STRUCTURE_FAIL,-0.1059,0.0,1.0,0.0
vwap_reclaim_count_after_low,1000,FAILED_BREAKOUT,0.0119,-1.0,1.0,0.5
vwap_reclaim_count_after_low,1000,STRUCTURE_FAIL,-0.098,-1.0,1.0,0.5
closest_high_to_s1_pct_so_far,1000,FAILED_BREAKOUT,0.0082,-1.7592,1.9604,0.3479
closest_high_to_s1_pct_so_far,1000,STRUCTURE_FAIL,-0.3235,0.3295,5.1156,2.7433
number_of_intraday_local_highs,1000,FAILED_BREAKOUT,0.0322,-1.0,1.0,0.0
number_of_intraday_local_highs,1000,STRUCTURE_FAIL,0.1211,-1.0,1.0,0.0
local_high_progression_pct,1000,FAILED_BREAKOUT,-0.0441,-0.4361,1.2983,0.1129
local_high_progression_pct,1000,STRUCTURE_FAIL,0.1912,-1.675,-0.1364,-1.1829
high_progression_pct,1000,FAILED_BREAKOUT,-0.0441,-0.4361,1.2983,0.1129
high_progression_pct,1000,STRUCTURE_FAIL,0.1912,-1.675,-0.1364,-1.1829
probe_v01_compat,1000,FAILED_BREAKOUT,0.0,0.0,0.0,0.0
probe_v01_compat,1000,STRUCTURE_FAIL,0.0,0.0,0.0,0.0
continuous_s1_approach,1000,FAILED_BREAKOUT,0.0082,-1.7592,1.9604,0.3479
continuous_s1_approach,1000,STRUCTURE_FAIL,-0.3235,0.3295,5.1156,2.7433
cum_volume,1000,FAILED_BREAKOUT,-0.0995,-3272247.025,17182270.5625,6892964.5
cum_volume,1000,STRUCTURE_FAIL,-0.051,-5525671.875,11740283.0,2874264.5
cum_volume_vs_D1_ratio,1000,FAILED_BREAKOUT,0.2853,-0.1836,0.0029,-0.0897
cum_volume_vs_D1_ratio,1000,STRUCTURE_FAIL,0.398,-0.35,-0.0406,-0.1508
cum_volume_vs_anchor_ratio,1000,FAILED_BREAKOUT,0.2536,-0.1957,0.0192,-0.0629
cum_volume_vs_anchor_ratio,1000,STRUCTURE_FAIL,0.326,-0.4147,-0.0254,-0.1545
volume_since_session_low,1000,FAILED_BREAKOUT,-0.0861,-2363065.6,12411572.7875,3176129.5
volume_since_session_low,1000,STRUCTURE_FAIL,-0.101,-3277983.5,11511989.5,2362079.5
volume_on_recovery,1000,FAILED_BREAKOUT,0.0656,-7014912.9,9867320.275,2508756.5
volume_on_recovery,1000,STRUCTURE_FAIL,-0.0037,-5717222.575,10711963.075,2828488.0
return_from_open_pct,1000,FAILED_BREAKOUT,-0.0418,-0.9284,1.4905,0.221
return_from_open_pct,1000,STRUCTURE_FAIL,0.0824,-1.7967,0.5038,-0.6978
return_from_prev_close_pct,1000,FAILED_BREAKOUT,-0.124,-0.6476,2.0798,0.8559
return_from_prev_close_pct,1000,STRUCTURE_FAIL,-0.0941,-1.4086,2.4437,-0.0661
session_range_pct,1000,FAILED_BREAKOUT,0.2418,-1.0913,-0.0315,-0.5797
session_range_pct,1000,STRUCTURE_FAIL,0.4382,-2.0212,-0.4864,-1.1413
close_location_so_far,1000,FAILED_BREAKOUT,0.0719,-0.1513,0.1063,-0.0175
close_location_so_far,1000,STRUCTURE_FAIL,-0.0377,-0.1491,0.1943,0.0185
high_from_open_pct,1000,FAILED_BREAKOUT,-0.0441,-0.4361,1.2983,0.1129
high_from_open_pct,1000,STRUCTURE_FAIL,0.1912,-1.675,-0.1364,-1.1829
low_from_open_pct,1000,FAILED_BREAKOUT,-0.1505,-0.1917,0.8806,0.2709
low_from_open_pct,1000,STRUCTURE_FAIL,-0.1029,-0.4335,0.6484,0.0156
lower_shadow_proxy_so_far_pct,1000,FAILED_BREAKOUT,-0.0028,-0.3484,0.6633,0.2059
lower_shadow_proxy_so_far_pct,1000,STRUCTURE_FAIL,-0.0525,-0.2471,0.7782,0.3578
upper_shadow_proxy_so_far_pct,1000,FAILED_BREAKOUT,-0.1704,-0.2567,0.9844,0.4796
upper_shadow_proxy_so_far_pct,1000,STRUCTURE_FAIL,0.0642,-1.1128,0.7748,0.266
checkpoint_close,1000,FAILED_BREAKOUT,0.2802,-10.0736,-0.5769,-5.475
checkpoint_close,1000,STRUCTURE_FAIL,0.0735,-5.4511,4.5901,-0.755
session_low_price,1000,FAILED_BREAKOUT,0.2747,-9.8235,-0.3443,-5.21
session_low_price,1000,STRUCTURE_FAIL,0.0652,-5.3608,4.58,-0.31
session_high_price,1000,FAILED_BREAKOUT,0.2809,-10.5005,-0.6048,-5.665
session_high_price,1000,STRUCTURE_FAIL,0.0789,-5.6571,4.7244,-0.465
vwap_price,1000,FAILED_BREAKOUT,0.2799,-10.0829,-0.5073,-5.5426
vwap_price,1000,STRUCTURE_FAIL,0.0706,-5.5123,4.6348,-0.3837
s1,1030,FAILED_BREAKOUT,0.2789,-11.062,-0.7311,-5.77
s1,1030,STRUCTURE_FAIL,0.0941,-6.0909,5.175,-0.52
invalid,1030,FAILED_BREAKOUT,0.282,-9.8599,-0.6459,-5.31
invalid,1030,STRUCTURE_FAIL,0.0672,-5.34,4.891,-0.09
D1_close,1030,FAILED_BREAKOUT,0.283,-9.8569,-0.4948,-4.83
D1_close,1030,STRUCTURE_FAIL,0.0721,-5.5991,4.55,-0.34
D1_volume,1030,FAILED_BREAKOUT,-0.2211,-3454678.55,38190319.5,10792861.0
D1_volume,1030,STRUCTURE_FAIL,-0.2569,-3970581.0,37121887.6625,13925971.0
D1_upper_shadow_pct,1030,FAILED_BREAKOUT,-0.3211,0.0,2.0661,1.6802
D1_upper_shadow_pct,1030,STRUCTURE_FAIL,-0.3113,0.0,2.0903,1.6802
D1_close_location,1030,FAILED_BREAKOUT,0.332,-0.8955,0.0,-0.778
D1_close_location,1030,STRUCTURE_FAIL,0.2162,-0.8955,0.0,-0.778
dist_D1_close_to_s1_pct,1030,FAILED_BREAKOUT,0.1113,-2.098,1.2709,-0.6515
dist_D1_close_to_s1_pct,1030,STRUCTURE_FAIL,-0.2147,-0.3001,3.7519,1.7283
dist_D1_close_to_support_pct,1030,FAILED_BREAKOUT,0.0191,-1.0612,2.1712,0.4696
dist_D1_close_to_support_pct,1030,STRUCTURE_FAIL,0.0265,-2.1346,2.0619,-0.1134
dist_D1_close_to_invalid_pct,1030,FAILED_BREAKOUT,-0.0119,-1.4637,2.5018,0.9613
dist_D1_close_to_invalid_pct,1030,STRUCTURE_FAIL,0.0098,-2.0201,2.2019,-0.2458
pullback_volume_dry_up_pre_D0,1030,FAILED_BREAKOUT,0.0949,-0.2766,0.1581,-0.0514
pullback_volume_dry_up_pre_D0,1030,STRUCTURE_FAIL,-0.084,-0.1624,0.3217,0.1349
probe_count_pre_D0,1030,FAILED_BREAKOUT,-0.108,0.0,0.5,0.0
probe_count_pre_D0,1030,STRUCTURE_FAIL,-0.0608,0.0,0.5,0.0
closest_high_to_s1_pre_D0_pct,1030,FAILED_BREAKOUT,0.2183,-5.2386,2.0274,-2.2685
closest_high_to_s1_pre_D0_pct,1030,STRUCTURE_FAIL,0.008,-4.2453,4.6295,-0.1115
pre_D0_min_low,1030,FAILED_BREAKOUT,0.2983,-26.27,2.2215,-6.44
pre_D0_min_low,1030,STRUCTURE_FAIL,0.072,-6.731,7.0,0.645
d0_open,1030,FAILED_BREAKOUT,0.2799,-10.1028,-0.599,-4.89
d0_open,1030,STRUCTURE_FAIL,0.0706,-5.6779,4.53,-0.12
prev_close,1030,FAILED_BREAKOUT,0.283,-9.8569,-0.4948,-4.83
prev_close,1030,STRUCTURE_FAIL,0.0721,-5.5991,4.55,-0.34
anchor_volume,1030,FAILED_BREAKOUT,-0.2124,-783196.0,29472921.8,10431811.0
anchor_volume,1030,STRUCTURE_FAIL,-0.2196,-6820401.675,29799121.975,10549477.0
price_to_s1_pct,1030,FAILED_BREAKOUT,0.0897,-2.0957,0.8675,-0.6553
price_to_s1_pct,1030,STRUCTURE_FAIL,-0.3069,-0.0681,3.8858,1.639
session_high_to_s1_pct,1030,FAILED_BREAKOUT,0.1139,-1.984,0.9611,-0.3143
session_high_to_s1_pct,1030,STRUCTURE_FAIL,-0.1,-1.5398,2.3781,0.5584
best_distance_to_s1_so_far_pct,1030,FAILED_BREAKOUT,0.0384,-1.8016,1.7342,0.5621
best_distance_to_s1_so_far_pct,1030,STRUCTURE_FAIL,-0.3245,0.0251,4.9198,2.4463
s1_cross_count_so_far,1030,FAILED_BREAKOUT,0.0,0.0,0.0,0.0
s1_cross_count_so_far,1030,STRUCTURE_FAIL,0.0,0.0,0.0,0.0
s1_reject_count_so_far,1030,FAILED_BREAKOUT,0.0,0.0,0.0,0.0
s1_reject_count_so_far,1030,STRUCTURE_FAIL,0.0,0.0,0.0,0.0
price_to_support_pct,1030,FAILED_BREAKOUT,-0.0119,-1.1299,0.7721,-0.2485
price_to_support_pct,1030,STRUCTURE_FAIL,-0.1039,-0.5406,1.4674,0.5061
price_to_invalid_pct,1030,FAILED_BREAKOUT,-0.0505,-1.1564,1.2694,-0.2199
price_to_invalid_pct,1030,STRUCTURE_FAIL,-0.1167,-0.5993,1.7004,0.2927
session_low_to_support_pct,1030,FAILED_BREAKOUT,-0.1835,-0.1305,1.9043,0.7758
session_low_to_support_pct,1030,STRUCTURE_FAIL,-0.1912,-0.292,2.2157,0.8041
minutes_since_support_touch,1030,FAILED_BREAKOUT,-0.0625,0.0,0.0,0.0
minutes_since_support_touch,1030,STRUCTURE_FAIL,-0.0909,0.0,0.0,0.0
minutes_from_support_low_to_reclaim,1030,FAILED_BREAKOUT,0.001,0.0,0.0,0.0
minutes_from_support_low_to_reclaim,1030,STRUCTURE_FAIL,0.1093,-2.5,0.0,0.0
price_after_support_reclaim_pct,1030,FAILED_BREAKOUT,0.1142,-1.0319,0.4023,-0.1918
price_after_support_reclaim_pct,1030,STRUCTURE_FAIL,-0.0405,-0.6879,1.1046,0.3547
drawdown_from_open_pct,1030,FAILED_BREAKOUT,-0.1804,-0.0743,1.049,0.618
drawdown_from_open_pct,1030,STRUCTURE_FAIL,-0.0941,-0.5047,0.6413,0.0463
session_low_pct_vs_prev_close,1030,FAILED_BREAKOUT,-0.2933,-0.0935,1.7629,0.8593
session_low_pct_vs_prev_close,1030,STRUCTURE_FAIL,-0.3294,0.0054,1.9764,0.9398
recovery_from_session_low_pct,1030,FAILED_BREAKOUT,0.1696,-1.4777,0.4383,-0.5794
recovery_from_session_low_pct,1030,STRUCTURE_FAIL,0.0686,-1.0289,1.0581,-0.0459
recovery_fraction_of_drawdown,1030,FAILED_BREAKOUT,-0.1116,-0.2737,0.7774,0.1547
recovery_fraction_of_drawdown,1030,STRUCTURE_FAIL,-0.0235,-0.755,0.8164,0.0666
minutes_low_to_open_reclaim,1030,FAILED_BREAKOUT,-0.0526,0.0,0.0,0.0
minutes_low_to_open_reclaim,1030,STRUCTURE_FAIL,-0.0908,0.0,0.0,0.0
minutes_low_to_prev_close_reclaim,1030,FAILED_BREAKOUT,-0.0309,0.0,0.0,0.0
minutes_low_to_prev_close_reclaim,1030,STRUCTURE_FAIL,0.0141,0.0,0.0,0.0
price_vs_vwap_pct,1030,FAILED_BREAKOUT,0.0701,-0.827,0.3851,-0.2713
price_vs_vwap_pct,1030,STRUCTURE_FAIL,-0.1471,-0.2566,1.1495,0.5155
minutes_low_to_vwap_reclaim,1030,FAILED_BREAKOUT,-0.1759,-5.0,12.5,5.0
minutes_low_to_vwap_reclaim,1030,STRUCTURE_FAIL,-0.1226,-5.0,15.0,5.0
pct_bars_above_vwap_since_low,1030,FAILED_BREAKOUT,0.0309,-22.6208,19.2447,0.835
pct_bars_above_vwap_since_low,1030,STRUCTURE_FAIL,-0.1314,-11.1126,39.4,17.495
vwap_rebreak_count_after_low,1030,FAILED_BREAKOUT,-0.0631,-1.0,1.0,0.0
vwap_rebreak_count_after_low,1030,STRUCTURE_FAIL,0.0098,-1.0,1.0,0.0
vwap_reclaim_count_after_low,1030,FAILED_BREAKOUT,-0.0219,0.0,1.0,0.0
vwap_reclaim_count_after_low,1030,STRUCTURE_FAIL,-0.0863,0.0,1.0,0.0
closest_high_to_s1_pct_so_far,1030,FAILED_BREAKOUT,0.0384,-1.8016,1.7342,0.5621
closest_high_to_s1_pct_so_far,1030,STRUCTURE_FAIL,-0.3245,0.0251,4.9198,2.4463
number_of_intraday_local_highs,1030,FAILED_BREAKOUT,0.0696,-1.0,1.0,0.0
number_of_intraday_local_highs,1030,STRUCTURE_FAIL,0.0485,-1.0,1.0,0.0
local_high_progression_pct,1030,FAILED_BREAKOUT,-0.0057,-0.654,1.0869,0.0007
local_high_progression_pct,1030,STRUCTURE_FAIL,0.2255,-2.207,-0.3914,-1.3035
high_progression_pct,1030,FAILED_BREAKOUT,-0.0057,-0.654,1.0869,0.0007
high_progression_pct,1030,STRUCTURE_FAIL,0.2255,-2.207,-0.3914,-1.3035
probe_v01_compat,1030,FAILED_BREAKOUT,0.0,0.0,0.0,0.0
probe_v01_compat,1030,STRUCTURE_FAIL,0.0,0.0,0.0,0.0
continuous_s1_approach,1030,FAILED_BREAKOUT,0.0384,-1.8016,1.7342,0.5621
continuous_s1_approach,1030,STRUCTURE_FAIL,-0.3245,0.0251,4.9198,2.4463
cum_volume,1030,FAILED_BREAKOUT,-0.101,-3525565.2,21189901.8375,10891565.5
cum_volume,1030,STRUCTURE_FAIL,-0.0588,-9017557.3625,13952292.7,2093778.5
cum_volume_vs_D1_ratio,1030,FAILED_BREAKOUT,0.3052,-0.2424,0.0052,-0.1385
cum_volume_vs_D1_ratio,1030,STRUCTURE_FAIL,0.4167,-0.4137,-0.0833,-0.2319
cum_volume_vs_anchor_ratio,1030,FAILED_BREAKOUT,0.2943,-0.242,0.0341,-0.1212
cum_volume_vs_anchor_ratio,1030,STRUCTURE_FAIL,0.3598,-0.4598,-0.0279,-0.2137
volume_since_session_low,1030,FAILED_BREAKOUT,-0.0696,-3917884.6125,16302814.0875,3217602.0
volume_since_session_low,1030,STRUCTURE_FAIL,-0.0382,-8654468.8625,13772661.475,2806527.0
volume_on_recovery,1030,FAILED_BREAKOUT,-0.0841,-1815047.35,12803718.0,6437424.5
volume_on_recovery,1030,STRUCTURE_FAIL,-0.0483,-5002647.9625,12275064.225,3341567.5
return_from_open_pct,1030,FAILED_BREAKOUT,0.0258,-1.0977,0.9502,-0.1258
return_from_open_pct,1030,STRUCTURE_FAIL,-0.0123,-1.0359,1.0854,-0.1234
return_from_prev_close_pct,1030,FAILED_BREAKOUT,-0.0856,-1.1639,1.4607,0.4135
return_from_prev_close_pct,1030,STRUCTURE_FAIL,-0.1554,-0.643,2.2383,0.8739
session_range_pct,1030,FAILED_BREAKOUT,0.3175,-1.4328,-0.2444,-1.0143
session_range_pct,1030,STRUCTURE_FAIL,0.4784,-2.4136,-0.618,-1.4797
close_location_so_far,1030,FAILED_BREAKOUT,0.0719,-0.2086,0.0968,-0.021
close_location_so_far,1030,STRUCTURE_FAIL,-0.1819,-0.048,0.3083,0.15
high_from_open_pct,1030,FAILED_BREAKOUT,-0.0057,-0.654,1.0869,0.0007
high_from_open_pct,1030,STRUCTURE_FAIL,0.2255,-2.207,-0.3914,-1.3035
low_from_open_pct,1030,FAILED_BREAKOUT,-0.1804,-0.0743,1.049,0.618
low_from_open_pct,1030,STRUCTURE_FAIL,-0.0941,-0.5047,0.6413,0.0463
lower_shadow_proxy_so_far_pct,1030,FAILED_BREAKOUT,0.017,-0.676,0.6334,0.1862
lower_shadow_proxy_so_far_pct,1030,STRUCTURE_FAIL,0.0186,-0.5752,0.6959,0.2772
upper_shadow_proxy_so_far_pct,1030,FAILED_BREAKOUT,-0.1392,-0.2641,1.0828,0.2409
upper_shadow_proxy_so_far_pct,1030,STRUCTURE_FAIL,0.1956,-1.598,0.1804,-0.8259
checkpoint_close,1030,FAILED_BREAKOUT,0.2768,-10.1475,-0.64,-5.48
checkpoint_close,1030,STRUCTURE_FAIL,0.0676,-5.3781,4.7007,-0.36
session_low_price,1030,FAILED_BREAKOUT,0.2735,-9.8235,-0.2943,-5.21
session_low_price,1030,STRUCTURE_FAIL,0.0618,-5.3608,4.6331,-0.08
session_high_price,1030,FAILED_BREAKOUT,0.283,-10.6192,-0.5948,-5.6
session_high_price,1030,STRUCTURE_FAIL,0.0824,-5.6571,4.7244,-0.5
vwap_price,1030,FAILED_BREAKOUT,0.2794,-10.1707,-0.5322,-5.4955
vwap_price,1030,STRUCTURE_FAIL,0.0706,-5.4874,4.6609,-0.4888
s1,1130,FAILED_BREAKOUT,0.2789,-11.062,-0.7311,-5.77
s1,1130,STRUCTURE_FAIL,0.0941,-6.0909,5.175,-0.52
invalid,1130,FAILED_BREAKOUT,0.282,-9.8599,-0.6459,-5.31
invalid,1130,STRUCTURE_FAIL,0.0672,-5.34,4.891,-0.09
D1_close,1130,FAILED_BREAKOUT,0.283,-9.8569,-0.4948,-4.83
D1_close,1130,STRUCTURE_FAIL,0.0721,-5.5991,4.55,-0.34
D1_volume,1130,FAILED_BREAKOUT,-0.2211,-3454678.55,38190319.5,10792861.0
D1_volume,1130,STRUCTURE_FAIL,-0.2569,-3970581.0,37121887.6625,13925971.0
D1_upper_shadow_pct,1130,FAILED_BREAKOUT,-0.3211,0.0,2.0661,1.6802
D1_upper_shadow_pct,1130,STRUCTURE_FAIL,-0.3113,0.0,2.0903,1.6802
D1_close_location,1130,FAILED_BREAKOUT,0.332,-0.8955,0.0,-0.778
D1_close_location,1130,STRUCTURE_FAIL,0.2162,-0.8955,0.0,-0.778
dist_D1_close_to_s1_pct,1130,FAILED_BREAKOUT,0.1113,-2.098,1.2709,-0.6515
dist_D1_close_to_s1_pct,1130,STRUCTURE_FAIL,-0.2147,-0.3001,3.7519,1.7283
dist_D1_close_to_support_pct,1130,FAILED_BREAKOUT,0.0191,-1.0612,2.1712,0.4696
dist_D1_close_to_support_pct,1130,STRUCTURE_FAIL,0.0265,-2.1346,2.0619,-0.1134
dist_D1_close_to_invalid_pct,1130,FAILED_BREAKOUT,-0.0119,-1.4637,2.5018,0.9613
dist_D1_close_to_invalid_pct,1130,STRUCTURE_FAIL,0.0098,-2.0201,2.2019,-0.2458
pullback_volume_dry_up_pre_D0,1130,FAILED_BREAKOUT,0.0949,-0.2766,0.1581,-0.0514
pullback_volume_dry_up_pre_D0,1130,STRUCTURE_FAIL,-0.084,-0.1624,0.3217,0.1349
probe_count_pre_D0,1130,FAILED_BREAKOUT,-0.108,0.0,0.5,0.0
probe_count_pre_D0,1130,STRUCTURE_FAIL,-0.0608,0.0,0.5,0.0
closest_high_to_s1_pre_D0_pct,1130,FAILED_BREAKOUT,0.2183,-5.2386,2.0274,-2.2685
closest_high_to_s1_pre_D0_pct,1130,STRUCTURE_FAIL,0.008,-4.2453,4.6295,-0.1115
pre_D0_min_low,1130,FAILED_BREAKOUT,0.2983,-26.27,2.2215,-6.44
pre_D0_min_low,1130,STRUCTURE_FAIL,0.072,-6.731,7.0,0.645
d0_open,1130,FAILED_BREAKOUT,0.2799,-10.1028,-0.599,-4.89
d0_open,1130,STRUCTURE_FAIL,0.0706,-5.6779,4.53,-0.12
prev_close,1130,FAILED_BREAKOUT,0.283,-9.8569,-0.4948,-4.83
prev_close,1130,STRUCTURE_FAIL,0.0721,-5.5991,4.55,-0.34
anchor_volume,1130,FAILED_BREAKOUT,-0.2124,-783196.0,29472921.8,10431811.0
anchor_volume,1130,STRUCTURE_FAIL,-0.2196,-6820401.675,29799121.975,10549477.0
price_to_s1_pct,1130,FAILED_BREAKOUT,0.1363,-2.5494,0.3978,-0.7651
price_to_s1_pct,1130,STRUCTURE_FAIL,-0.2833,-1.001,3.1326,1.1833
session_high_to_s1_pct,1130,FAILED_BREAKOUT,0.1366,-1.6878,0.8168,-0.1795
session_high_to_s1_pct,1130,STRUCTURE_FAIL,-0.1304,-1.1229,2.4569,0.7319
best_distance_to_s1_so_far_pct,1130,FAILED_BREAKOUT,0.0485,-1.7744,1.5027,0.287
best_distance_to_s1_so_far_pct,1130,STRUCTURE_FAIL,-0.3235,-0.0461,4.6356,2.4954
s1_cross_count_so_far,1130,FAILED_BREAKOUT,0.0,0.0,0.0,0.0
s1_cross_count_so_far,1130,STRUCTURE_FAIL,0.0,0.0,0.0,0.0
s1_reject_count_so_far,1130,FAILED_BREAKOUT,0.0,0.0,0.0,0.0
s1_reject_count_so_far,1130,STRUCTURE_FAIL,0.0,0.0,0.0,0.0
price_to_support_pct,1130,FAILED_BREAKOUT,-0.0077,-0.9128,0.9984,0.1837
price_to_support_pct,1130,STRUCTURE_FAIL,-0.0951,-0.5357,1.7458,0.8483
price_to_invalid_pct,1130,FAILED_BREAKOUT,-0.0356,-0.8339,1.3131,0.385
price_to_invalid_pct,1130,STRUCTURE_FAIL,-0.1206,-0.369,1.7598,0.9699
session_low_to_support_pct,1130,FAILED_BREAKOUT,-0.1655,-0.3041,1.9179,0.8207
session_low_to_support_pct,1130,STRUCTURE_FAIL,-0.2059,-0.3862,2.3801,1.3339
minutes_since_support_touch,1130,FAILED_BREAKOUT,0.026,0.0,0.0,0.0
minutes_since_support_touch,1130,STRUCTURE_FAIL,-0.0556,0.0,0.0,0.0
minutes_from_support_low_to_reclaim,1130,FAILED_BREAKOUT,-0.052,0.0,0.0,0.0
minutes_from_support_low_to_reclaim,1130,STRUCTURE_FAIL,0.0495,-5.0,0.0,0.0
price_after_support_reclaim_pct,1130,FAILED_BREAKOUT,0.1724,-1.6351,0.7157,-0.8584
price_after_support_reclaim_pct,1130,STRUCTURE_FAIL,0.1064,-1.3351,1.1111,-0.2395
drawdown_from_open_pct,1130,FAILED_BREAKOUT,-0.15,-0.0997,1.1543,0.5301
drawdown_from_open_pct,1130,STRUCTURE_FAIL,-0.1314,-0.4653,1.0839,0.1071
session_low_pct_vs_prev_close,1130,FAILED_BREAKOUT,-0.2655,-0.2267,1.787,0.5672
session_low_pct_vs_prev_close,1130,STRUCTURE_FAIL,-0.3373,-0.0274,2.1396,0.6477
recovery_from_session_low_pct,1130,FAILED_BREAKOUT,0.25,-1.7782,-0.0084,-0.9621
recovery_from_session_low_pct,1130,STRUCTURE_FAIL,0.1593,-1.638,0.4755,-0.7502
recovery_fraction_of_drawdown,1130,FAILED_BREAKOUT,-0.0745,-0.1603,0.7481,0.1937
recovery_fraction_of_drawdown,1130,STRUCTURE_FAIL,-0.0408,-0.6667,0.976,0.0617
minutes_low_to_open_reclaim,1130,FAILED_BREAKOUT,0.04,0.0,0.0,0.0
minutes_low_to_open_reclaim,1130,STRUCTURE_FAIL,-0.0927,0.0,0.0,0.0
minutes_low_to_prev_close_reclaim,1130,FAILED_BREAKOUT,-0.0732,0.0,0.0,0.0
minutes_low_to_prev_close_reclaim,1130,STRUCTURE_FAIL,-0.0484,0.0,0.0,0.0
price_vs_vwap_pct,1130,FAILED_BREAKOUT,0.1216,-1.0109,0.479,-0.4108
price_vs_vwap_pct,1130,STRUCTURE_FAIL,-0.05,-0.6585,1.1698,0.0296
minutes_low_to_vwap_reclaim,1130,FAILED_BREAKOUT,0.0492,-10.0,10.0,0.0
minutes_low_to_vwap_reclaim,1130,STRUCTURE_FAIL,0.0845,-21.3125,15.0,0.0
pct_bars_above_vwap_since_low,1130,FAILED_BREAKOUT,0.0809,-37.899,20.3954,-14.585
pct_bars_above_vwap_since_low,1130,STRUCTURE_FAIL,-0.1593,-8.9577,46.425,18.755
vwap_rebreak_count_after_low,1130,FAILED_BREAKOUT,0.057,-1.0,0.0,0.0
vwap_rebreak_count_after_low,1130,STRUCTURE_FAIL,0.0348,-1.0,1.0,0.0
vwap_reclaim_count_after_low,1130,FAILED_BREAKOUT,0.1232,-1.0,0.0,0.0
vwap_reclaim_count_after_low,1130,STRUCTURE_FAIL,0.0186,-1.0,1.0,0.0
closest_high_to_s1_pct_so_far,1130,FAILED_BREAKOUT,0.0485,-1.7744,1.5027,0.287
closest_high_to_s1_pct_so_far,1130,STRUCTURE_FAIL,-0.3235,-0.0461,4.6356,2.4954
number_of_intraday_local_highs,1130,FAILED_BREAKOUT,0.074,-1.0,0.0,0.0
number_of_intraday_local_highs,1130,STRUCTURE_FAIL,-0.026,-1.0,1.0,0.0
local_high_progression_pct,1130,FAILED_BREAKOUT,-0.0057,-0.657,1.0013,0.0116
local_high_progression_pct,1130,STRUCTURE_FAIL,0.1775,-2.0323,-0.0967,-1.0963
high_progression_pct,1130,FAILED_BREAKOUT,-0.0057,-0.657,1.0013,0.0116
high_progression_pct,1130,STRUCTURE_FAIL,0.1775,-2.0323,-0.0967,-1.0963
probe_v01_compat,1130,FAILED_BREAKOUT,0.0,0.0,0.0,0.0
probe_v01_compat,1130,STRUCTURE_FAIL,0.0,0.0,0.0,0.0
continuous_s1_approach,1130,FAILED_BREAKOUT,0.0485,-1.7744,1.5027,0.287
continuous_s1_approach,1130,STRUCTURE_FAIL,-0.3235,-0.0461,4.6356,2.4954
cum_volume,1130,FAILED_BREAKOUT,-0.1041,-4348155.7625,24994090.9625,14977363.5
cum_volume,1130,STRUCTURE_FAIL,-0.0863,-9821370.15,16743813.1,5982508.5
cum_volume_vs_D1_ratio,1130,FAILED_BREAKOUT,0.3131,-0.2997,-0.008,-0.1877
cum_volume_vs_D1_ratio,1130,STRUCTURE_FAIL,0.401,-0.4653,-0.0616,-0.2477
cum_volume_vs_anchor_ratio,1130,FAILED_BREAKOUT,0.2995,-0.2958,0.0639,-0.147
cum_volume_vs_anchor_ratio,1130,STRUCTURE_FAIL,0.3373,-0.5634,0.0033,-0.2248
volume_since_session_low,1130,FAILED_BREAKOUT,-0.0335,-5668784.4125,20586815.775,6244075.0
volume_since_session_low,1130,STRUCTURE_FAIL,-0.0529,-11366556.95,18933081.7875,1461031.0
volume_on_recovery,1130,FAILED_BREAKOUT,-0.0148,-3079230.625,10492662.95,3147485.5
volume_on_recovery,1130,STRUCTURE_FAIL,0.0392,-7805024.225,8495374.05,-981140.5
return_from_open_pct,1130,FAILED_BREAKOUT,0.0737,-1.3338,0.7639,-0.4659
return_from_open_pct,1130,STRUCTURE_FAIL,0.002,-1.6005,1.5644,-0.0974
return_from_prev_close_pct,1130,FAILED_BREAKOUT,-0.05,-1.3751,1.3694,-0.0702
return_from_prev_close_pct,1130,STRUCTURE_FAIL,-0.1225,-0.9592,2.4199,0.858
session_range_pct,1130,FAILED_BREAKOUT,0.2655,-1.5128,0.1832,-0.7815
session_range_pct,1130,STRUCTURE_FAIL,0.4167,-2.0783,-0.2937,-1.1457
close_location_so_far,1130,FAILED_BREAKOUT,0.1278,-0.283,0.009,-0.0885
close_location_so_far,1130,STRUCTURE_FAIL,-0.0887,-0.1255,0.1818,0.0895
high_from_open_pct,1130,FAILED_BREAKOUT,-0.0057,-0.657,1.0013,0.0116
high_from_open_pct,1130,STRUCTURE_FAIL,0.1775,-2.0323,-0.0967,-1.0963
low_from_open_pct,1130,FAILED_BREAKOUT,-0.15,-0.0997,1.1543,0.5301
low_from_open_pct,1130,STRUCTURE_FAIL,-0.1314,-0.4653,1.0839,0.1071
lower_shadow_proxy_so_far_pct,1130,FAILED_BREAKOUT,0.116,-0.6465,0.3918,-0.1694
lower_shadow_proxy_so_far_pct,1130,STRUCTURE_FAIL,0.0824,-0.4459,0.5276,0.0057
upper_shadow_proxy_so_far_pct,1130,FAILED_BREAKOUT,-0.0624,-0.5786,0.8436,0.1503
upper_shadow_proxy_so_far_pct,1130,STRUCTURE_FAIL,0.1931,-1.8986,0.4743,-0.5838
checkpoint_close,1130,FAILED_BREAKOUT,0.2791,-10.3075,-0.7038,-5.555
checkpoint_close,1130,STRUCTURE_FAIL,0.0627,-5.3631,4.8661,-0.545
session_low_price,1130,FAILED_BREAKOUT,0.2735,-9.8235,-0.2943,-5.21
session_low_price,1130,STRUCTURE_FAIL,0.0618,-5.2809,4.6331,-0.08
session_high_price,1130,FAILED_BREAKOUT,0.2822,-10.6572,-0.6948,-5.6
session_high_price,1130,STRUCTURE_FAIL,0.0814,-5.6424,4.7244,-0.5
vwap_price,1130,FAILED_BREAKOUT,0.2789,-10.2327,-0.5874,-5.5207
vwap_price,1130,STRUCTURE_FAIL,0.0696,-5.4971,4.6997,-0.5351
s1,1330,FAILED_BREAKOUT,0.2789,-11.062,-0.7311,-5.77
s1,1330,STRUCTURE_FAIL,0.0941,-6.0909,5.175,-0.52
invalid,1330,FAILED_BREAKOUT,0.282,-9.8599,-0.6459,-5.31
invalid,1330,STRUCTURE_FAIL,0.0672,-5.34,4.891,-0.09
D1_close,1330,FAILED_BREAKOUT,0.283,-9.8569,-0.4948,-4.83
D1_close,1330,STRUCTURE_FAIL,0.0721,-5.5991,4.55,-0.34
D1_volume,1330,FAILED_BREAKOUT,-0.2211,-3454678.55,38190319.5,10792861.0
D1_volume,1330,STRUCTURE_FAIL,-0.2569,-3970581.0,37121887.6625,13925971.0
D1_upper_shadow_pct,1330,FAILED_BREAKOUT,-0.3211,0.0,2.0661,1.6802
D1_upper_shadow_pct,1330,STRUCTURE_FAIL,-0.3113,0.0,2.0903,1.6802
D1_close_location,1330,FAILED_BREAKOUT,0.332,-0.8955,0.0,-0.778
D1_close_location,1330,STRUCTURE_FAIL,0.2162,-0.8955,0.0,-0.778
dist_D1_close_to_s1_pct,1330,FAILED_BREAKOUT,0.1113,-2.098,1.2709,-0.6515
dist_D1_close_to_s1_pct,1330,STRUCTURE_FAIL,-0.2147,-0.3001,3.7519,1.7283
dist_D1_close_to_support_pct,1330,FAILED_BREAKOUT,0.0191,-1.0612,2.1712,0.4696
dist_D1_close_to_support_pct,1330,STRUCTURE_FAIL,0.0265,-2.1346,2.0619,-0.1134
dist_D1_close_to_invalid_pct,1330,FAILED_BREAKOUT,-0.0119,-1.4637,2.5018,0.9613
dist_D1_close_to_invalid_pct,1330,STRUCTURE_FAIL,0.0098,-2.0201,2.2019,-0.2458
pullback_volume_dry_up_pre_D0,1330,FAILED_BREAKOUT,0.0949,-0.2766,0.1581,-0.0514
pullback_volume_dry_up_pre_D0,1330,STRUCTURE_FAIL,-0.084,-0.1624,0.3217,0.1349
probe_count_pre_D0,1330,FAILED_BREAKOUT,-0.108,0.0,0.5,0.0
probe_count_pre_D0,1330,STRUCTURE_FAIL,-0.0608,0.0,0.5,0.0
closest_high_to_s1_pre_D0_pct,1330,FAILED_BREAKOUT,0.2183,-5.2386,2.0274,-2.2685
closest_high_to_s1_pre_D0_pct,1330,STRUCTURE_FAIL,0.008,-4.2453,4.6295,-0.1115
pre_D0_min_low,1330,FAILED_BREAKOUT,0.2983,-26.27,2.2215,-6.44
pre_D0_min_low,1330,STRUCTURE_FAIL,0.072,-6.731,7.0,0.645
d0_open,1330,FAILED_BREAKOUT,0.2799,-10.1028,-0.599,-4.89
d0_open,1330,STRUCTURE_FAIL,0.0706,-5.6779,4.53,-0.12
prev_close,1330,FAILED_BREAKOUT,0.283,-9.8569,-0.4948,-4.83
prev_close,1330,STRUCTURE_FAIL,0.0721,-5.5991,4.55,-0.34
anchor_volume,1330,FAILED_BREAKOUT,-0.2124,-783196.0,29472921.8,10431811.0
anchor_volume,1330,STRUCTURE_FAIL,-0.2196,-6820401.675,29799121.975,10549477.0
price_to_s1_pct,1330,FAILED_BREAKOUT,0.0711,-2.4082,1.0286,-0.6515
price_to_s1_pct,1330,STRUCTURE_FAIL,-0.3716,-0.5041,4.0565,1.5447
session_high_to_s1_pct,1330,FAILED_BREAKOUT,0.1371,-1.909,0.9853,-0.4042
session_high_to_s1_pct,1330,STRUCTURE_FAIL,-0.1578,-1.1834,2.7268,0.6932
best_distance_to_s1_so_far_pct,1330,FAILED_BREAKOUT,0.0381,-1.7205,1.5098,0.1466
best_distance_to_s1_so_far_pct,1330,STRUCTURE_FAIL,-0.3245,-0.0447,4.6287,2.1778
s1_cross_count_so_far,1330,FAILED_BREAKOUT,0.0,0.0,0.0,0.0
s1_cross_count_so_far,1330,STRUCTURE_FAIL,0.0,0.0,0.0,0.0
s1_reject_count_so_far,1330,FAILED_BREAKOUT,0.0,0.0,0.0,0.0
s1_reject_count_so_far,1330,STRUCTURE_FAIL,0.0,0.0,0.0,0.0
price_to_support_pct,1330,FAILED_BREAKOUT,-0.0474,-0.7979,1.1398,0.4409
price_to_support_pct,1330,STRUCTURE_FAIL,-0.2225,-0.2949,2.1548,1.2155
price_to_invalid_pct,1330,FAILED_BREAKOUT,-0.0835,-0.3664,1.3453,0.2302
price_to_invalid_pct,1330,STRUCTURE_FAIL,-0.2451,-0.0673,2.2744,0.9107
session_low_to_support_pct,1330,FAILED_BREAKOUT,-0.1753,-0.2585,1.9179,0.8207
session_low_to_support_pct,1330,STRUCTURE_FAIL,-0.2088,-0.3862,2.3822,1.3339
minutes_since_support_touch,1330,FAILED_BREAKOUT,0.0103,0.0,0.0,0.0
minutes_since_support_touch,1330,STRUCTURE_FAIL,-0.1053,0.0,0.0,0.0
minutes_from_support_low_to_reclaim,1330,FAILED_BREAKOUT,-0.0116,0.0,0.0,0.0
minutes_from_support_low_to_reclaim,1330,STRUCTURE_FAIL,0.1146,-5.0,0.0,0.0
price_after_support_reclaim_pct,1330,FAILED_BREAKOUT,0.0449,-1.1835,1.0789,-0.3358
price_after_support_reclaim_pct,1330,STRUCTURE_FAIL,-0.2227,-0.3816,2.0492,0.5257
drawdown_from_open_pct,1330,FAILED_BREAKOUT,-0.149,-0.1052,1.1386,0.4751
drawdown_from_open_pct,1330,STRUCTURE_FAIL,-0.1294,-0.6131,1.1213,0.1333
session_low_pct_vs_prev_close,1330,FAILED_BREAKOUT,-0.2562,-0.3794,1.7212,0.5672
session_low_pct_vs_prev_close,1330,STRUCTURE_FAIL,-0.3373,-0.0113,2.0969,0.8476
recovery_from_session_low_pct,1330,FAILED_BREAKOUT,0.2082,-2.1134,0.3415,-0.4784
recovery_from_session_low_pct,1330,STRUCTURE_FAIL,-0.0088,-1.0451,1.3995,0.7469
recovery_fraction_of_drawdown,1330,FAILED_BREAKOUT,-0.0377,-0.6013,0.8653,0.2293
recovery_fraction_of_drawdown,1330,STRUCTURE_FAIL,-0.0863,-0.6414,0.9946,0.272
minutes_low_to_open_reclaim,1330,FAILED_BREAKOUT,0.0989,0.0,0.0,0.0
minutes_low_to_open_reclaim,1330,STRUCTURE_FAIL,-0.0028,0.0,0.0,0.0
minutes_low_to_prev_close_reclaim,1330,FAILED_BREAKOUT,-0.0301,0.0,5.0,0.0
minutes_low_to_prev_close_reclaim,1330,STRUCTURE_FAIL,-0.0101,-5.0,5.0,0.0
price_vs_vwap_pct,1330,FAILED_BREAKOUT,0.0714,-0.9513,0.4134,-0.3136
price_vs_vwap_pct,1330,STRUCTURE_FAIL,-0.2118,-0.3571,1.5015,0.555
minutes_low_to_vwap_reclaim,1330,FAILED_BREAKOUT,0.0036,-10.0,10.0,2.5
minutes_low_to_vwap_reclaim,1330,STRUCTURE_FAIL,0.0078,-20.0,15.0,-2.5
pct_bars_above_vwap_since_low,1330,FAILED_BREAKOUT,0.0936,-36.66,18.5987,-16.46
pct_bars_above_vwap_since_low,1330,STRUCTURE_FAIL,-0.1647,-10.0,44.1972,12.51
vwap_rebreak_count_after_low,1330,FAILED_BREAKOUT,0.066,-1.0,1.0,0.0
vwap_rebreak_count_after_low,1330,STRUCTURE_FAIL,0.0588,-1.5,1.0,0.0
vwap_reclaim_count_after_low,1330,FAILED_BREAKOUT,0.1,-1.0,1.0,-1.0
vwap_reclaim_count_after_low,1330,STRUCTURE_FAIL,0.0123,-1.0,1.0,0.0
closest_high_to_s1_pct_so_far,1330,FAILED_BREAKOUT,0.0381,-1.7205,1.5098,0.1466
closest_high_to_s1_pct_so_far,1330,STRUCTURE_FAIL,-0.3245,-0.0447,4.6287,2.1778
number_of_intraday_local_highs,1330,FAILED_BREAKOUT,0.0675,-1.5,1.0,0.0
number_of_intraday_local_highs,1330,STRUCTURE_FAIL,-0.0863,-1.0,2.0,0.0
local_high_progression_pct,1330,FAILED_BREAKOUT,0.0149,-0.8429,0.883,-0.1982
local_high_progression_pct,1330,STRUCTURE_FAIL,0.151,-1.9109,0.0749,-0.9443
high_progression_pct,1330,FAILED_BREAKOUT,0.0149,-0.8429,0.883,-0.1982
high_progression_pct,1330,STRUCTURE_FAIL,0.151,-1.9109,0.0749,-0.9443
probe_v01_compat,1330,FAILED_BREAKOUT,0.0,0.0,0.0,0.0
probe_v01_compat,1330,STRUCTURE_FAIL,0.0,0.0,0.0,0.0
continuous_s1_approach,1330,FAILED_BREAKOUT,0.0381,-1.7205,1.5098,0.1466
continuous_s1_approach,1330,STRUCTURE_FAIL,-0.3245,-0.0447,4.6287,2.1778
cum_volume,1330,FAILED_BREAKOUT,-0.0985,-5289349.575,27903905.6,18156092.0
cum_volume,1330,STRUCTURE_FAIL,-0.1029,-10843410.2125,19989189.575,8118007.0
cum_volume_vs_D1_ratio,1330,FAILED_BREAKOUT,0.3149,-0.3421,-0.0098,-0.2164
cum_volume_vs_D1_ratio,1330,STRUCTURE_FAIL,0.3912,-0.5451,-0.0423,-0.2412
cum_volume_vs_anchor_ratio,1330,FAILED_BREAKOUT,0.291,-0.3218,0.076,-0.1387
cum_volume_vs_anchor_ratio,1330,STRUCTURE_FAIL,0.3167,-0.5796,0.0353,-0.1641
volume_since_session_low,1330,FAILED_BREAKOUT,-0.0345,-5532143.95,25619696.025,4073985.5
volume_since_session_low,1330,STRUCTURE_FAIL,-0.0539,-11642712.8,19402413.3625,-3069571.5
volume_on_recovery,1330,FAILED_BREAKOUT,-0.18,-383681.125,12958100.0,6319021.0
volume_on_recovery,1330,STRUCTURE_FAIL,-0.0815,-5507320.3,10343231.65,1775645.0
return_from_open_pct,1330,FAILED_BREAKOUT,0.0546,-1.8947,0.7817,-0.1649
return_from_open_pct,1330,STRUCTURE_FAIL,-0.1029,-0.853,1.8024,0.6709
return_from_prev_close_pct,1330,FAILED_BREAKOUT,-0.0495,-1.1495,1.4895,0.2384
return_from_prev_close_pct,1330,STRUCTURE_FAIL,-0.198,-0.419,2.6225,1.1661
session_range_pct,1330,FAILED_BREAKOUT,0.2366,-1.5544,0.2108,-0.5872
session_range_pct,1330,STRUCTURE_FAIL,0.3583,-1.9383,-0.0005,-1.1417
close_location_so_far,1330,FAILED_BREAKOUT,0.05,-0.2618,0.0988,-0.049
close_location_so_far,1330,STRUCTURE_FAIL,-0.2397,-0.0619,0.3475,0.185
high_from_open_pct,1330,FAILED_BREAKOUT,0.0149,-0.8429,0.883,-0.1982
high_from_open_pct,1330,STRUCTURE_FAIL,0.151,-1.9109,0.0749,-0.9443
low_from_open_pct,1330,FAILED_BREAKOUT,-0.149,-0.1052,1.1386,0.4751
low_from_open_pct,1330,STRUCTURE_FAIL,-0.1294,-0.6131,1.1213,0.1333
lower_shadow_proxy_so_far_pct,1330,FAILED_BREAKOUT,0.1108,-0.6867,0.2775,-0.3191
lower_shadow_proxy_so_far_pct,1330,STRUCTURE_FAIL,0.0623,-0.5663,0.5004,-0.0727
upper_shadow_proxy_so_far_pct,1330,FAILED_BREAKOUT,0.0503,-0.6362,0.5528,-0.3199
upper_shadow_proxy_so_far_pct,1330,STRUCTURE_FAIL,0.3118,-2.0652,-0.1524,-1.5009
checkpoint_close,1330,FAILED_BREAKOUT,0.2802,-10.3805,-0.6447,-5.475
checkpoint_close,1330,STRUCTURE_FAIL,0.0554,-5.4061,4.9696,-0.385
session_low_price,1330,FAILED_BREAKOUT,0.2745,-9.8235,-0.2943,-5.21
session_low_price,1330,STRUCTURE_FAIL,0.0618,-5.2809,4.6331,-0.08
session_high_price,1330,FAILED_BREAKOUT,0.2807,-10.6052,-0.6948,-5.6
session_high_price,1330,STRUCTURE_FAIL,0.0784,-5.5819,4.7244,-0.5
vwap_price,1330,FAILED_BREAKOUT,0.2794,-10.2429,-0.5914,-5.5121
vwap_price,1330,STRUCTURE_FAIL,0.0686,-5.4954,4.7081,-0.5685
s1,1400,FAILED_BREAKOUT,0.2789,-11.062,-0.7311,-5.77
s1,1400,STRUCTURE_FAIL,0.0941,-6.0909,5.175,-0.52
invalid,1400,FAILED_BREAKOUT,0.282,-9.8599,-0.6459,-5.31
invalid,1400,STRUCTURE_FAIL,0.0672,-5.34,4.891,-0.09
D1_close,1400,FAILED_BREAKOUT,0.283,-9.8569,-0.4948,-4.83
D1_close,1400,STRUCTURE_FAIL,0.0721,-5.5991,4.55,-0.34
D1_volume,1400,FAILED_BREAKOUT,-0.2211,-3454678.55,38190319.5,10792861.0
D1_volume,1400,STRUCTURE_FAIL,-0.2569,-3970581.0,37121887.6625,13925971.0
D1_upper_shadow_pct,1400,FAILED_BREAKOUT,-0.3211,0.0,2.0661,1.6802
D1_upper_shadow_pct,1400,STRUCTURE_FAIL,-0.3113,0.0,2.0903,1.6802
D1_close_location,1400,FAILED_BREAKOUT,0.332,-0.8955,0.0,-0.778
D1_close_location,1400,STRUCTURE_FAIL,0.2162,-0.8955,0.0,-0.778
dist_D1_close_to_s1_pct,1400,FAILED_BREAKOUT,0.1113,-2.098,1.2709,-0.6515
dist_D1_close_to_s1_pct,1400,STRUCTURE_FAIL,-0.2147,-0.3001,3.7519,1.7283
dist_D1_close_to_support_pct,1400,FAILED_BREAKOUT,0.0191,-1.0612,2.1712,0.4696
dist_D1_close_to_support_pct,1400,STRUCTURE_FAIL,0.0265,-2.1346,2.0619,-0.1134
dist_D1_close_to_invalid_pct,1400,FAILED_BREAKOUT,-0.0119,-1.4637,2.5018,0.9613
dist_D1_close_to_invalid_pct,1400,STRUCTURE_FAIL,0.0098,-2.0201,2.2019,-0.2458
pullback_volume_dry_up_pre_D0,1400,FAILED_BREAKOUT,0.0949,-0.2766,0.1581,-0.0514
pullback_volume_dry_up_pre_D0,1400,STRUCTURE_FAIL,-0.084,-0.1624,0.3217,0.1349
probe_count_pre_D0,1400,FAILED_BREAKOUT,-0.108,0.0,0.5,0.0
probe_count_pre_D0,1400,STRUCTURE_FAIL,-0.0608,0.0,0.5,0.0
closest_high_to_s1_pre_D0_pct,1400,FAILED_BREAKOUT,0.2183,-5.2386,2.0274,-2.2685
closest_high_to_s1_pre_D0_pct,1400,STRUCTURE_FAIL,0.008,-4.2453,4.6295,-0.1115
pre_D0_min_low,1400,FAILED_BREAKOUT,0.2983,-26.27,2.2215,-6.44
pre_D0_min_low,1400,STRUCTURE_FAIL,0.072,-6.731,7.0,0.645
d0_open,1400,FAILED_BREAKOUT,0.2799,-10.1028,-0.599,-4.89
d0_open,1400,STRUCTURE_FAIL,0.0706,-5.6779,4.53,-0.12
prev_close,1400,FAILED_BREAKOUT,0.283,-9.8569,-0.4948,-4.83
prev_close,1400,STRUCTURE_FAIL,0.0721,-5.5991,4.55,-0.34
anchor_volume,1400,FAILED_BREAKOUT,-0.2124,-783196.0,29472921.8,10431811.0
anchor_volume,1400,STRUCTURE_FAIL,-0.2196,-6820401.675,29799121.975,10549477.0
price_to_s1_pct,1400,FAILED_BREAKOUT,0.0879,-2.4723,0.8689,-0.7813
price_to_s1_pct,1400,STRUCTURE_FAIL,-0.3407,-0.8394,3.8444,0.9248
session_high_to_s1_pct,1400,FAILED_BREAKOUT,0.1325,-1.8134,0.9657,-0.4564
session_high_to_s1_pct,1400,STRUCTURE_FAIL,-0.1608,-1.1348,2.5886,0.6571
best_distance_to_s1_so_far_pct,1400,FAILED_BREAKOUT,0.0294,-1.7768,1.5098,0.1467
best_distance_to_s1_so_far_pct,1400,STRUCTURE_FAIL,-0.3382,-0.0098,4.6612,2.207
s1_cross_count_so_far,1400,FAILED_BREAKOUT,0.0,0.0,0.0,0.0
s1_cross_count_so_far,1400,STRUCTURE_FAIL,0.0,0.0,0.0,0.0
s1_reject_count_so_far,1400,FAILED_BREAKOUT,0.0,0.0,0.0,0.0
s1_reject_count_so_far,1400,STRUCTURE_FAIL,0.0,0.0,0.0,0.0
price_to_support_pct,1400,FAILED_BREAKOUT,-0.0515,-0.7336,1.1251,0.2086
price_to_support_pct,1400,STRUCTURE_FAIL,-0.2304,-0.3136,2.2374,1.0296
price_to_invalid_pct,1400,FAILED_BREAKOUT,-0.0804,-0.6138,1.175,0.2584
price_to_invalid_pct,1400,STRUCTURE_FAIL,-0.2441,-0.2268,2.1944,0.89
session_low_to_support_pct,1400,FAILED_BREAKOUT,-0.1835,-0.2585,1.8819,0.8207
session_low_to_support_pct,1400,STRUCTURE_FAIL,-0.2157,-0.3441,2.3234,1.3339
minutes_since_support_touch,1400,FAILED_BREAKOUT,-0.0619,0.0,0.0,0.0
minutes_since_support_touch,1400,STRUCTURE_FAIL,-0.1053,0.0,0.0,0.0
minutes_from_support_low_to_reclaim,1400,FAILED_BREAKOUT,-0.0125,0.0,0.0,0.0
minutes_from_support_low_to_reclaim,1400,STRUCTURE_FAIL,0.1027,-7.5,0.0,0.0
price_after_support_reclaim_pct,1400,FAILED_BREAKOUT,0.0119,-0.6866,0.5734,-0.192
price_after_support_reclaim_pct,1400,STRUCTURE_FAIL,-0.2923,-0.0912,1.6395,0.7516
drawdown_from_open_pct,1400,FAILED_BREAKOUT,-0.1472,-0.0934,1.1181,0.6345
drawdown_from_open_pct,1400,STRUCTURE_FAIL,-0.1201,-0.6131,1.2304,0.1151
session_low_pct_vs_prev_close,1400,FAILED_BREAKOUT,-0.2598,-0.3794,1.7461,0.5672
session_low_pct_vs_prev_close,1400,STRUCTURE_FAIL,-0.3441,0.0003,2.2077,1.1833
recovery_from_session_low_pct,1400,FAILED_BREAKOUT,0.2263,-1.9846,0.0143,-0.9508
recovery_from_session_low_pct,1400,STRUCTURE_FAIL,-0.0431,-1.033,1.1862,0.0335
recovery_fraction_of_drawdown,1400,FAILED_BREAKOUT,-0.0498,-0.4708,0.704,0.0754
recovery_fraction_of_drawdown,1400,STRUCTURE_FAIL,-0.1251,-0.51,0.8574,0.1349
minutes_low_to_open_reclaim,1400,FAILED_BREAKOUT,0.0813,0.0,0.0,0.0
minutes_low_to_open_reclaim,1400,STRUCTURE_FAIL,-0.0285,0.0,0.0,0.0
minutes_low_to_prev_close_reclaim,1400,FAILED_BREAKOUT,-0.0327,0.0,5.0,0.0
minutes_low_to_prev_close_reclaim,1400,STRUCTURE_FAIL,-0.0156,-5.0,5.0,0.0
price_vs_vwap_pct,1400,FAILED_BREAKOUT,0.1747,-1.196,-0.0897,-0.5948
price_vs_vwap_pct,1400,STRUCTURE_FAIL,-0.1912,-0.3304,0.9469,0.3654
minutes_low_to_vwap_reclaim,1400,FAILED_BREAKOUT,0.0192,-10.0,10.0,0.0
minutes_low_to_vwap_reclaim,1400,STRUCTURE_FAIL,0.0156,-25.0,15.0,-5.0
pct_bars_above_vwap_since_low,1400,FAILED_BREAKOUT,0.1082,-37.4406,14.625,-15.28
pct_bars_above_vwap_since_low,1400,STRUCTURE_FAIL,-0.1873,-10.985,47.4379,14.32
vwap_rebreak_count_after_low,1400,FAILED_BREAKOUT,0.0036,-1.0,1.0,0.0
vwap_rebreak_count_after_low,1400,STRUCTURE_FAIL,0.0152,-1.5,1.0,0.0
vwap_reclaim_count_after_low,1400,FAILED_BREAKOUT,0.0469,-1.0,1.0,-1.0
vwap_reclaim_count_after_low,1400,STRUCTURE_FAIL,-0.026,-1.0,1.0,-1.0
closest_high_to_s1_pct_so_far,1400,FAILED_BREAKOUT,0.0294,-1.7768,1.5098,0.1467
closest_high_to_s1_pct_so_far,1400,STRUCTURE_FAIL,-0.3382,-0.0098,4.6612,2.207
number_of_intraday_local_highs,1400,FAILED_BREAKOUT,0.059,-1.5,1.0,-0.5
number_of_intraday_local_highs,1400,STRUCTURE_FAIL,-0.1015,-1.0,2.0,0.5
local_high_progression_pct,1400,FAILED_BREAKOUT,0.0088,-0.8548,0.949,0.0157
local_high_progression_pct,1400,STRUCTURE_FAIL,0.1402,-1.9777,0.167,-0.7412
high_progression_pct,1400,FAILED_BREAKOUT,0.0088,-0.8548,0.949,0.0157
high_progression_pct,1400,STRUCTURE_FAIL,0.1402,-1.9777,0.167,-0.7412
probe_v01_compat,1400,FAILED_BREAKOUT,0.0,0.0,0.0,0.0
probe_v01_compat,1400,STRUCTURE_FAIL,0.0,0.0,0.0,0.0
continuous_s1_approach,1400,FAILED_BREAKOUT,0.0294,-1.7768,1.5098,0.1467
continuous_s1_approach,1400,STRUCTURE_FAIL,-0.3382,-0.0098,4.6612,2.207
cum_volume,1400,FAILED_BREAKOUT,-0.1046,-5600656.4625,31681159.125,17097487.5
cum_volume,1400,STRUCTURE_FAIL,-0.1137,-10327469.0,23437051.975,8473778.5
cum_volume_vs_D1_ratio,1400,FAILED_BREAKOUT,0.3139,-0.3878,-0.0103,-0.2228
cum_volume_vs_D1_ratio,1400,STRUCTURE_FAIL,0.3789,-0.5543,-0.0235,-0.1996
cum_volume_vs_anchor_ratio,1400,FAILED_BREAKOUT,0.2871,-0.3462,0.0535,-0.1643
cum_volume_vs_anchor_ratio,1400,STRUCTURE_FAIL,0.3059,-0.6158,0.0316,-0.154
volume_since_session_low,1400,FAILED_BREAKOUT,-0.0835,-5357245.15,27094644.55,9074510.5
volume_since_session_low,1400,STRUCTURE_FAIL,-0.0804,-13227669.075,18387365.9125,94737.5
volume_on_recovery,1400,FAILED_BREAKOUT,-0.0355,-2405106.475,8776748.95,2311977.0
volume_on_recovery,1400,STRUCTURE_FAIL,-0.0207,-7311405.0,8108703.025,-1458054.0
return_from_open_pct,1400,FAILED_BREAKOUT,0.0582,-1.6724,0.6518,-0.6845
return_from_open_pct,1400,STRUCTURE_FAIL,-0.0941,-0.7997,1.5288,0.1939
return_from_prev_close_pct,1400,FAILED_BREAKOUT,-0.0515,-1.1099,1.7087,0.3318
return_from_prev_close_pct,1400,STRUCTURE_FAIL,-0.1765,-0.2622,2.5713,1.0177
session_range_pct,1400,FAILED_BREAKOUT,0.217,-1.4728,0.1263,-0.6387
session_range_pct,1400,STRUCTURE_FAIL,0.3294,-1.9433,0.0873,-0.8943
close_location_so_far,1400,FAILED_BREAKOUT,0.1495,-0.243,-0.0267,-0.159
close_location_so_far,1400,STRUCTURE_FAIL,-0.2245,-0.0475,0.2573,0.133
high_from_open_pct,1400,FAILED_BREAKOUT,0.0088,-0.8548,0.949,0.0157
high_from_open_pct,1400,STRUCTURE_FAIL,0.1402,-1.9777,0.167,-0.7412
low_from_open_pct,1400,FAILED_BREAKOUT,-0.1472,-0.0934,1.1181,0.6345
low_from_open_pct,1400,STRUCTURE_FAIL,-0.1201,-0.6131,1.2304,0.1151
lower_shadow_proxy_so_far_pct,1400,FAILED_BREAKOUT,0.0827,-0.6076,0.4158,-0.2367
lower_shadow_proxy_so_far_pct,1400,STRUCTURE_FAIL,-0.0779,-0.1338,0.6728,0.2198
upper_shadow_proxy_so_far_pct,1400,FAILED_BREAKOUT,-0.0763,-0.4666,0.7419,0.2667
upper_shadow_proxy_so_far_pct,1400,STRUCTURE_FAIL,0.2069,-2.0912,0.0865,-0.7714
checkpoint_close,1400,FAILED_BREAKOUT,0.2802,-10.3087,-0.6399,-5.865
checkpoint_close,1400,STRUCTURE_FAIL,0.0598,-5.4834,4.8846,-0.235
session_low_price,1400,FAILED_BREAKOUT,0.274,-9.8235,-0.2943,-5.21
session_low_price,1400,STRUCTURE_FAIL,0.0608,-5.2809,4.6331,-0.08
session_high_price,1400,FAILED_BREAKOUT,0.2817,-10.5857,-0.6948,-5.72
session_high_price,1400,STRUCTURE_FAIL,0.0765,-5.5819,4.795,-0.5
vwap_price,1400,FAILED_BREAKOUT,0.2794,-10.2564,-0.6043,-5.5147
vwap_price,1400,STRUCTURE_FAIL,0.0686,-5.4967,4.7099,-0.6563
s1,1430,FAILED_BREAKOUT,0.2789,-11.062,-0.7311,-5.77
s1,1430,STRUCTURE_FAIL,0.0941,-6.0909,5.175,-0.52
invalid,1430,FAILED_BREAKOUT,0.282,-9.8599,-0.6459,-5.31
invalid,1430,STRUCTURE_FAIL,0.0672,-5.34,4.891,-0.09
D1_close,1430,FAILED_BREAKOUT,0.283,-9.8569,-0.4948,-4.83
D1_close,1430,STRUCTURE_FAIL,0.0721,-5.5991,4.55,-0.34
D1_volume,1430,FAILED_BREAKOUT,-0.2211,-3454678.55,38190319.5,10792861.0
D1_volume,1430,STRUCTURE_FAIL,-0.2569,-3970581.0,37121887.6625,13925971.0
D1_upper_shadow_pct,1430,FAILED_BREAKOUT,-0.3211,0.0,2.0661,1.6802
D1_upper_shadow_pct,1430,STRUCTURE_FAIL,-0.3113,0.0,2.0903,1.6802
D1_close_location,1430,FAILED_BREAKOUT,0.332,-0.8955,0.0,-0.778
D1_close_location,1430,STRUCTURE_FAIL,0.2162,-0.8955,0.0,-0.778
dist_D1_close_to_s1_pct,1430,FAILED_BREAKOUT,0.1113,-2.098,1.2709,-0.6515
dist_D1_close_to_s1_pct,1430,STRUCTURE_FAIL,-0.2147,-0.3001,3.7519,1.7283
dist_D1_close_to_support_pct,1430,FAILED_BREAKOUT,0.0191,-1.0612,2.1712,0.4696
dist_D1_close_to_support_pct,1430,STRUCTURE_FAIL,0.0265,-2.1346,2.0619,-0.1134
dist_D1_close_to_invalid_pct,1430,FAILED_BREAKOUT,-0.0119,-1.4637,2.5018,0.9613
dist_D1_close_to_invalid_pct,1430,STRUCTURE_FAIL,0.0098,-2.0201,2.2019,-0.2458
pullback_volume_dry_up_pre_D0,1430,FAILED_BREAKOUT,0.0949,-0.2766,0.1581,-0.0514
pullback_volume_dry_up_pre_D0,1430,STRUCTURE_FAIL,-0.084,-0.1624,0.3217,0.1349
probe_count_pre_D0,1430,FAILED_BREAKOUT,-0.108,0.0,0.5,0.0
probe_count_pre_D0,1430,STRUCTURE_FAIL,-0.0608,0.0,0.5,0.0
closest_high_to_s1_pre_D0_pct,1430,FAILED_BREAKOUT,0.2183,-5.2386,2.0274,-2.2685
closest_high_to_s1_pre_D0_pct,1430,STRUCTURE_FAIL,0.008,-4.2453,4.6295,-0.1115
pre_D0_min_low,1430,FAILED_BREAKOUT,0.2983,-26.27,2.2215,-6.44
pre_D0_min_low,1430,STRUCTURE_FAIL,0.072,-6.731,7.0,0.645
d0_open,1430,FAILED_BREAKOUT,0.2799,-10.1028,-0.599,-4.89
d0_open,1430,STRUCTURE_FAIL,0.0706,-5.6779,4.53,-0.12
prev_close,1430,FAILED_BREAKOUT,0.283,-9.8569,-0.4948,-4.83
prev_close,1430,STRUCTURE_FAIL,0.0721,-5.5991,4.55,-0.34
anchor_volume,1430,FAILED_BREAKOUT,-0.2124,-783196.0,29472921.8,10431811.0
anchor_volume,1430,STRUCTURE_FAIL,-0.2196,-6820401.675,29799121.975,10549477.0
price_to_s1_pct,1430,FAILED_BREAKOUT,0.0711,-1.7138,0.953,-0.3648
price_to_s1_pct,1430,STRUCTURE_FAIL,-0.4206,0.0961,4.2387,1.6208
session_high_to_s1_pct,1430,FAILED_BREAKOUT,0.1559,-1.854,0.8988,-0.5442
session_high_to_s1_pct,1430,STRUCTURE_FAIL,-0.1686,-1.1348,2.5886,0.6571
best_distance_to_s1_so_far_pct,1430,FAILED_BREAKOUT,0.0263,-1.7132,1.5098,-0.2903
best_distance_to_s1_so_far_pct,1430,STRUCTURE_FAIL,-0.3412,-0.0098,4.7671,1.8876
s1_cross_count_so_far,1430,FAILED_BREAKOUT,0.0,0.0,0.0,0.0
s1_cross_count_so_far,1430,STRUCTURE_FAIL,0.0,0.0,0.0,0.0
s1_reject_count_so_far,1430,FAILED_BREAKOUT,0.0,0.0,0.0,0.0
s1_reject_count_so_far,1430,STRUCTURE_FAIL,0.0,0.0,0.0,0.0
price_to_support_pct,1430,FAILED_BREAKOUT,-0.0294,-1.0348,1.2218,-0.072
price_to_support_pct,1430,STRUCTURE_FAIL,-0.3049,0.3536,2.7105,1.3536
price_to_invalid_pct,1430,FAILED_BREAKOUT,-0.0464,-0.9697,1.328,0.1728
price_to_invalid_pct,1430,STRUCTURE_FAIL,-0.3279,0.3155,2.7367,1.2578
session_low_to_support_pct,1430,FAILED_BREAKOUT,-0.1871,-0.1914,1.8819,0.8207
session_low_to_support_pct,1430,STRUCTURE_FAIL,-0.2275,-0.2148,2.3234,1.3339
minutes_since_support_touch,1430,FAILED_BREAKOUT,-0.0619,0.0,0.0,0.0
minutes_since_support_touch,1430,STRUCTURE_FAIL,-0.1282,0.0,0.0,0.0
minutes_from_support_low_to_reclaim,1430,FAILED_BREAKOUT,-0.0237,0.0,0.0,0.0
minutes_from_support_low_to_reclaim,1430,STRUCTURE_FAIL,0.1384,-7.5,0.0,0.0
price_after_support_reclaim_pct,1430,FAILED_BREAKOUT,0.1014,-1.0385,0.3312,-0.291
price_after_support_reclaim_pct,1430,STRUCTURE_FAIL,-0.3867,0.1768,1.5392,0.9774
drawdown_from_open_pct,1430,FAILED_BREAKOUT,-0.1518,-0.0752,1.1507,0.6612
drawdown_from_open_pct,1430,STRUCTURE_FAIL,-0.1368,-0.6131,1.2304,0.1428
session_low_pct_vs_prev_close,1430,FAILED_BREAKOUT,-0.2562,-0.3794,1.7461,0.5672
session_low_pct_vs_prev_close,1430,STRUCTURE_FAIL,-0.3422,0.0003,2.2128,1.1833
recovery_from_session_low_pct,1430,FAILED_BREAKOUT,0.2258,-1.9451,0.2078,-1.073
recovery_from_session_low_pct,1430,STRUCTURE_FAIL,-0.1088,-0.6255,1.5784,0.3845
recovery_fraction_of_drawdown,1430,FAILED_BREAKOUT,-0.0474,-0.3303,0.8296,0.2356
recovery_fraction_of_drawdown,1430,STRUCTURE_FAIL,-0.1892,-0.214,1.2382,0.4102
minutes_low_to_open_reclaim,1430,FAILED_BREAKOUT,0.0678,-2.5,0.0,0.0
minutes_low_to_open_reclaim,1430,STRUCTURE_FAIL,-0.0436,0.0,0.0,0.0
minutes_low_to_prev_close_reclaim,1430,FAILED_BREAKOUT,-0.0193,0.0,5.0,0.0
minutes_low_to_prev_close_reclaim,1430,STRUCTURE_FAIL,0.036,-5.0,10.0,0.0
price_vs_vwap_pct,1430,FAILED_BREAKOUT,0.1598,-0.9954,0.1858,-0.2722
price_vs_vwap_pct,1430,STRUCTURE_FAIL,-0.2623,-0.104,1.4445,0.922
minutes_low_to_vwap_reclaim,1430,FAILED_BREAKOUT,0.0062,-10.0,10.0,-2.5
minutes_low_to_vwap_reclaim,1430,STRUCTURE_FAIL,0.0558,-27.5,15.0,-7.5
pct_bars_above_vwap_since_low,1430,FAILED_BREAKOUT,0.1531,-40.885,10.5159,-12.33
pct_bars_above_vwap_since_low,1430,STRUCTURE_FAIL,-0.1946,-11.9609,50.6509,23.11
vwap_rebreak_count_after_low,1430,FAILED_BREAKOUT,0.0374,-1.0,1.0,0.0
vwap_rebreak_count_after_low,1430,STRUCTURE_FAIL,0.0755,-2.0,1.0,-1.0
vwap_reclaim_count_after_low,1430,FAILED_BREAKOUT,0.0902,-1.0,1.0,-1.0
vwap_reclaim_count_after_low,1430,STRUCTURE_FAIL,0.0294,-2.0,1.0,-1.0
closest_high_to_s1_pct_so_far,1430,FAILED_BREAKOUT,0.0263,-1.7132,1.5098,-0.2903
closest_high_to_s1_pct_so_far,1430,STRUCTURE_FAIL,-0.3412,-0.0098,4.7671,1.8876
number_of_intraday_local_highs,1430,FAILED_BREAKOUT,0.0655,-2.0,1.5,0.0
number_of_intraday_local_highs,1430,STRUCTURE_FAIL,-0.1328,-1.0,2.0,1.0
local_high_progression_pct,1430,FAILED_BREAKOUT,0.0232,-0.9991,0.9226,-0.0226
local_high_progression_pct,1430,STRUCTURE_FAIL,0.1265,-1.9602,0.167,-0.7412
high_progression_pct,1430,FAILED_BREAKOUT,0.0232,-0.9991,0.9226,-0.0226
high_progression_pct,1430,STRUCTURE_FAIL,0.1265,-1.9602,0.167,-0.7412
probe_v01_compat,1430,FAILED_BREAKOUT,0.0,0.0,0.0,0.0
probe_v01_compat,1430,STRUCTURE_FAIL,0.0,0.0,0.0,0.0
continuous_s1_approach,1430,FAILED_BREAKOUT,0.0263,-1.7132,1.5098,-0.2903
continuous_s1_approach,1430,STRUCTURE_FAIL,-0.3412,-0.0098,4.7671,1.8876
cum_volume,1430,FAILED_BREAKOUT,-0.1072,-5855806.2,34519026.0,18543300.0
cum_volume,1430,STRUCTURE_FAIL,-0.1127,-10166636.2125,23955933.0,9284159.0
cum_volume_vs_D1_ratio,1430,FAILED_BREAKOUT,0.3134,-0.4146,0.0236,-0.2166
cum_volume_vs_D1_ratio,1430,STRUCTURE_FAIL,0.3647,-0.6268,0.0063,-0.2129
cum_volume_vs_anchor_ratio,1430,FAILED_BREAKOUT,0.2887,-0.3797,0.0557,-0.203
cum_volume_vs_anchor_ratio,1430,STRUCTURE_FAIL,0.3088,-0.6788,0.0537,-0.2117
volume_since_session_low,1430,FAILED_BREAKOUT,-0.0593,-7224276.8,27047749.425,7061491.5
volume_since_session_low,1430,STRUCTURE_FAIL,-0.0765,-15311265.6875,20419332.2125,-1195147.5
volume_on_recovery,1430,FAILED_BREAKOUT,-0.0741,-2304798.2,8753124.775,2109866.0
volume_on_recovery,1430,STRUCTURE_FAIL,0.0583,-8170371.8375,7315147.375,-2921579.0
return_from_open_pct,1430,FAILED_BREAKOUT,0.0428,-1.4899,0.7684,-0.3542
return_from_open_pct,1430,STRUCTURE_FAIL,-0.1922,-0.216,2.1198,0.9085
return_from_prev_close_pct,1430,FAILED_BREAKOUT,-0.0454,-1.1287,1.5378,0.2357
return_from_prev_close_pct,1430,STRUCTURE_FAIL,-0.2225,0.1637,2.9951,1.3881
session_range_pct,1430,FAILED_BREAKOUT,0.234,-1.5553,0.0351,-0.7744
session_range_pct,1430,STRUCTURE_FAIL,0.3294,-1.9255,-0.0004,-1.072
close_location_so_far,1430,FAILED_BREAKOUT,0.107,-0.2103,0.056,-0.0555
close_location_so_far,1430,STRUCTURE_FAIL,-0.2897,0.0291,0.3361,0.2125
high_from_open_pct,1430,FAILED_BREAKOUT,0.0232,-0.9991,0.9226,-0.0226
high_from_open_pct,1430,STRUCTURE_FAIL,0.1265,-1.9602,0.167,-0.7412
low_from_open_pct,1430,FAILED_BREAKOUT,-0.1518,-0.0752,1.1507,0.6612
low_from_open_pct,1430,STRUCTURE_FAIL,-0.1368,-0.6131,1.2304,0.1428
lower_shadow_proxy_so_far_pct,1430,FAILED_BREAKOUT,0.1433,-0.9491,0.2391,-0.2294
lower_shadow_proxy_so_far_pct,1430,STRUCTURE_FAIL,-0.0382,-0.1374,0.7833,0.3309
upper_shadow_proxy_so_far_pct,1430,FAILED_BREAKOUT,-0.0436,-0.5867,0.6139,0.1254
upper_shadow_proxy_so_far_pct,1430,STRUCTURE_FAIL,0.2397,-2.1487,0.1592,-1.0771
checkpoint_close,1430,FAILED_BREAKOUT,0.2789,-10.3505,-0.5756,-5.33
checkpoint_close,1430,STRUCTURE_FAIL,0.0583,-5.4315,5.001,0.0
session_low_price,1430,FAILED_BREAKOUT,0.274,-9.8235,-0.2943,-5.21
session_low_price,1430,STRUCTURE_FAIL,0.0608,-5.2809,4.6331,-0.08
session_high_price,1430,FAILED_BREAKOUT,0.2814,-10.5857,-0.7493,-5.685
session_high_price,1430,STRUCTURE_FAIL,0.0745,-5.5819,4.795,-0.465
vwap_price,1430,FAILED_BREAKOUT,0.2794,-10.2626,-0.6052,-5.4933
vwap_price,1430,STRUCTURE_FAIL,0.0676,-5.4948,4.7112,-0.6165
