episode_id,symbol,anchor_date,candidate_date,outcome_event_date,s1_price,current_outcome,s1_source,s1_source_sha,event_date_source,event_date_source_sha,asl_5m_status
000063:20260528:3830,000063,2026-05-28,2026-06-02,2026-06-05,38.78,SUCCESS,current_frozen_outcome,01a9f2fac6cab66686648b112c53eebf0526cee8a5c07559bdd3381578fa108d,legacy_frozen_case_set,b22eae1dd438ed1b4053ce2cfce7ce668010518462261cb724f149615894f4e6,NOT_AVAILABLE
002903:20260602:4329,002903,2026-06-02,2026-06-03,2026-06-05,45.6,FAILED_BREAKOUT,current_frozen_outcome,01a9f2fac6cab66686648b112c53eebf0526cee8a5c07559bdd3381578fa108d,legacy_frozen_case_set,b22eae1dd438ed1b4053ce2cfce7ce668010518462261cb724f149615894f4e6,NOT_AVAILABLE
002637:20260601:1194,002637,2026-06-01,2026-06-03,2026-06-05,13.3,FAILED_BREAKOUT,current_frozen_outcome,01a9f2fac6cab66686648b112c53eebf0526cee8a5c07559bdd3381578fa108d,legacy_frozen_case_set,b22eae1dd438ed1b4053ce2cfce7ce668010518462261cb724f149615894f4e6,NOT_AVAILABLE
002068:20260601:1041,002068,2026-06-01,2026-06-03,2026-06-05,11.03,FAILED_BREAKOUT,current_frozen_outcome,01a9f2fac6cab66686648b112c53eebf0526cee8a5c07559bdd3381578fa108d,legacy_frozen_case_set,b22eae1dd438ed1b4053ce2cfce7ce668010518462261cb724f149615894f4e6,NOT_AVAILABLE
600105:20260602:4962,600105,2026-06-02,2026-06-03,2026-06-05,55.99,FAILED_BREAKOUT,current_frozen_outcome,01a9f2fac6cab66686648b112c53eebf0526cee8a5c07559bdd3381578fa108d,legacy_frozen_case_set,b22eae1dd438ed1b4053ce2cfce7ce668010518462261cb724f149615894f4e6,NOT_AVAILABLE
600516:20260603:548,600516,2026-06-03,2026-06-04,2026-06-05,5.63,SUCCESS,current_frozen_outcome,01a9f2fac6cab66686648b112c53eebf0526cee8a5c07559bdd3381578fa108d,legacy_frozen_case_set,b22eae1dd438ed1b4053ce2cfce7ce668010518462261cb724f149615894f4e6,NOT_AVAILABLE
603065:20260603:839,603065,2026-06-03,2026-06-04,2026-06-05,9.41,SUCCESS,current_frozen_outcome,01a9f2fac6cab66686648b112c53eebf0526cee8a5c07559bdd3381578fa108d,legacy_frozen_case_set,b22eae1dd438ed1b4053ce2cfce7ce668010518462261cb724f149615894f4e6,NOT_AVAILABLE
002971:20260604:3739,002971,2026-06-04,2026-06-05,2026-06-10,45.33,FAILED_BREAKOUT,current_frozen_outcome,01a9f2fac6cab66686648b112c53eebf0526cee8a5c07559bdd3381578fa108d,legacy_frozen_case_set,b22eae1dd438ed1b4053ce2cfce7ce668010518462261cb724f149615894f4e6,NOT_AVAILABLE
002931:20260604:5786,002931,2026-06-04,2026-06-05,2026-06-08,64.95,FAILED_BREAKOUT,current_frozen_outcome,01a9f2fac6cab66686648b112c53eebf0526cee8a5c07559bdd3381578fa108d,legacy_frozen_case_set,b22eae1dd438ed1b4053ce2cfce7ce668010518462261cb724f149615894f4e6,NOT_AVAILABLE
000670:20260604:967,000670,2026-06-04,2026-06-08,2026-06-09,9.88,SUCCESS,current_frozen_outcome,01a9f2fac6cab66686648b112c53eebf0526cee8a5c07559bdd3381578fa108d,legacy_frozen_case_set,b22eae1dd438ed1b4053ce2cfce7ce668010518462261cb724f149615894f4e6,NOT_AVAILABLE
002983:20260605:2484,002983,2026-06-05,2026-06-08,2026-06-11,25.28,FAILED_BREAKOUT,current_frozen_outcome,01a9f2fac6cab66686648b112c53eebf0526cee8a5c07559bdd3381578fa108d,legacy_frozen_case_set,b22eae1dd438ed1b4053ce2cfce7ce668010518462261cb724f149615894f4e6,NOT_AVAILABLE
002631:20260605:745,002631,2026-06-05,2026-06-08,2026-06-10,8.38,FAILED_BREAKOUT,current_frozen_outcome,01a9f2fac6cab66686648b112c53eebf0526cee8a5c07559bdd3381578fa108d,legacy_frozen_case_set,b22eae1dd438ed1b4053ce2cfce7ce668010518462261cb724f149615894f4e6,NOT_AVAILABLE
002585:20260604:1180,002585,2026-06-04,2026-06-08,2026-06-10,12.98,FAILED_BREAKOUT,current_frozen_outcome,01a9f2fac6cab66686648b112c53eebf0526cee8a5c07559bdd3381578fa108d,legacy_frozen_case_set,b22eae1dd438ed1b4053ce2cfce7ce668010518462261cb724f149615894f4e6,NOT_AVAILABLE
001309:20260604:68085,001309,2026-06-04,2026-06-08,2026-06-10,633.0,FAILED_BREAKOUT,current_frozen_outcome,01a9f2fac6cab66686648b112c53eebf0526cee8a5c07559bdd3381578fa108d,legacy_frozen_case_set,b22eae1dd438ed1b4053ce2cfce7ce668010518462261cb724f149615894f4e6,NOT_AVAILABLE
603020:20260605:1067,603020,2026-06-05,2026-06-08,2026-06-09,11.36,SUCCESS,current_frozen_outcome,01a9f2fac6cab66686648b112c53eebf0526cee8a5c07559bdd3381578fa108d,legacy_frozen_case_set,b22eae1dd438ed1b4053ce2cfce7ce668010518462261cb724f149615894f4e6,NOT_AVAILABLE
002051:20260604:1202,002051,2026-06-04,2026-06-08,2026-06-10,12.27,FAILED_BREAKOUT,current_frozen_outcome,01a9f2fac6cab66686648b112c53eebf0526cee8a5c07559bdd3381578fa108d,legacy_frozen_case_set,b22eae1dd438ed1b4053ce2cfce7ce668010518462261cb724f149615894f4e6,NOT_AVAILABLE
603938:20260605:5282,603938,2026-06-05,2026-06-08,2026-06-10,56.78,FAILED_BREAKOUT,current_frozen_outcome,01a9f2fac6cab66686648b112c53eebf0526cee8a5c07559bdd3381578fa108d,legacy_frozen_case_set,b22eae1dd438ed1b4053ce2cfce7ce668010518462261cb724f149615894f4e6,NOT_AVAILABLE
601869:20260602:40874,601869,2026-06-02,2026-06-08,2026-06-10,487.1,FAILED_BREAKOUT,current_frozen_outcome,01a9f2fac6cab66686648b112c53eebf0526cee8a5c07559bdd3381578fa108d,legacy_frozen_case_set,b22eae1dd438ed1b4053ce2cfce7ce668010518462261cb724f149615894f4e6,NOT_AVAILABLE
000833:20260608:2368,000833,2026-06-08,2026-06-09,2026-06-10,25.36,FAILED_BREAKOUT,current_frozen_outcome,01a9f2fac6cab66686648b112c53eebf0526cee8a5c07559bdd3381578fa108d,legacy_frozen_case_set,b22eae1dd438ed1b4053ce2cfce7ce668010518462261cb724f149615894f4e6,NOT_AVAILABLE
003030:20260601:2574,003030,2026-06-01,2026-06-09,2026-06-10,22.42,SUCCESS,current_frozen_outcome,01a9f2fac6cab66686648b112c53eebf0526cee8a5c07559bdd3381578fa108d,legacy_frozen_case_set,b22eae1dd438ed1b4053ce2cfce7ce668010518462261cb724f149615894f4e6,NOT_AVAILABLE
002931:20260608:6560,002931,2026-06-08,2026-06-09,2026-06-10,70.68,FAILED_BREAKOUT,current_frozen_outcome,01a9f2fac6cab66686648b112c53eebf0526cee8a5c07559bdd3381578fa108d,legacy_frozen_case_set,b22eae1dd438ed1b4053ce2cfce7ce668010518462261cb724f149615894f4e6,NOT_AVAILABLE
003018:20260609:5468,003018,2026-06-09,2026-06-10,2026-06-11,58.0,FAILED_BREAKOUT,current_frozen_outcome,01a9f2fac6cab66686648b112c53eebf0526cee8a5c07559bdd3381578fa108d,legacy_frozen_case_set,b22eae1dd438ed1b4053ce2cfce7ce668010518462261cb724f149615894f4e6,NOT_AVAILABLE
600110:20260609:1181,600110,2026-06-09,2026-06-10,2026-06-12,13.19,FAILED_BREAKOUT,current_frozen_outcome,01a9f2fac6cab66686648b112c53eebf0526cee8a5c07559bdd3381578fa108d,legacy_frozen_case_set,b22eae1dd438ed1b4053ce2cfce7ce668010518462261cb724f149615894f4e6,NOT_AVAILABLE
603260:20260609:3933,603260,2026-06-09,2026-06-10,2026-06-11,41.8,FAILED_BREAKOUT,current_frozen_outcome,01a9f2fac6cab66686648b112c53eebf0526cee8a5c07559bdd3381578fa108d,legacy_frozen_case_set,b22eae1dd438ed1b4053ce2cfce7ce668010518462261cb724f149615894f4e6,NOT_AVAILABLE
002129:20260609:981,002129,2026-06-09,2026-06-10,2026-06-12,10.61,FAILED_BREAKOUT,current_frozen_outcome,01a9f2fac6cab66686648b112c53eebf0526cee8a5c07559bdd3381578fa108d,legacy_frozen_case_set,b22eae1dd438ed1b4053ce2cfce7ce668010518462261cb724f149615894f4e6,NOT_AVAILABLE
000037:20260609:1139,000037,2026-06-09,2026-06-10,2026-06-11,11.73,FAILED_BREAKOUT,current_frozen_outcome,01a9f2fac6cab66686648b112c53eebf0526cee8a5c07559bdd3381578fa108d,legacy_frozen_case_set,b22eae1dd438ed1b4053ce2cfce7ce668010518462261cb724f149615894f4e6,NOT_AVAILABLE
600641:20260609:2703,600641,2026-06-09,2026-06-10,2026-06-11,29.06,FAILED_BREAKOUT,current_frozen_outcome,01a9f2fac6cab66686648b112c53eebf0526cee8a5c07559bdd3381578fa108d,legacy_frozen_case_set,b22eae1dd438ed1b4053ce2cfce7ce668010518462261cb724f149615894f4e6,NOT_AVAILABLE
002490:20260608:823,002490,2026-06-08,2026-06-10,2026-06-12,8.59,SUCCESS,current_frozen_outcome,01a9f2fac6cab66686648b112c53eebf0526cee8a5c07559bdd3381578fa108d,legacy_frozen_case_set,b22eae1dd438ed1b4053ce2cfce7ce668010518462261cb724f149615894f4e6,NOT_AVAILABLE
605111:20260609:6199,605111,2026-06-09,2026-06-11,2026-06-17,66.8,SUCCESS,current_frozen_outcome,01a9f2fac6cab66686648b112c53eebf0526cee8a5c07559bdd3381578fa108d,legacy_frozen_case_set,b22eae1dd438ed1b4053ce2cfce7ce668010518462261cb724f149615894f4e6,NOT_AVAILABLE
600714:20260605:3290,600714,2026-06-05,2026-06-11,2026-06-12,30.81,FAILED_BREAKOUT,current_frozen_outcome,01a9f2fac6cab66686648b112c53eebf0526cee8a5c07559bdd3381578fa108d,legacy_frozen_case_set,b22eae1dd438ed1b4053ce2cfce7ce668010518462261cb724f149615894f4e6,NOT_AVAILABLE
600732:20260610:1207,600732,2026-06-10,2026-06-11,2026-06-12,13.26,FAILED_BREAKOUT,current_frozen_outcome,01a9f2fac6cab66686648b112c53eebf0526cee8a5c07559bdd3381578fa108d,legacy_frozen_case_set,b22eae1dd438ed1b4053ce2cfce7ce668010518462261cb724f149615894f4e6,NOT_AVAILABLE
003030:20260610:2342,003030,2026-06-10,2026-06-11,2026-06-15,25.23,FAILED_BREAKOUT,current_frozen_outcome,01a9f2fac6cab66686648b112c53eebf0526cee8a5c07559bdd3381578fa108d,legacy_frozen_case_set,b22eae1dd438ed1b4053ce2cfce7ce668010518462261cb724f149615894f4e6,NOT_AVAILABLE
603335:20260609:768,603335,2026-06-09,2026-06-11,2026-06-12,7.8,FAILED_BREAKOUT,current_frozen_outcome,01a9f2fac6cab66686648b112c53eebf0526cee8a5c07559bdd3381578fa108d,legacy_frozen_case_set,b22eae1dd438ed1b4053ce2cfce7ce668010518462261cb724f149615894f4e6,NOT_AVAILABLE
002583:20260609:939,002583,2026-06-09,2026-06-11,2026-06-12,9.81,FAILED_BREAKOUT,current_frozen_outcome,01a9f2fac6cab66686648b112c53eebf0526cee8a5c07559bdd3381578fa108d,legacy_frozen_case_set,b22eae1dd438ed1b4053ce2cfce7ce668010518462261cb724f149615894f4e6,NOT_AVAILABLE
002837:20260609:6972,002837,2026-06-09,2026-06-11,2026-06-16,72.69,SUCCESS,current_frozen_outcome,01a9f2fac6cab66686648b112c53eebf0526cee8a5c07559bdd3381578fa108d,legacy_frozen_case_set,b22eae1dd438ed1b4053ce2cfce7ce668010518462261cb724f149615894f4e6,NOT_AVAILABLE
002378:20260611:3363,002378,2026-06-11,2026-06-12,2026-06-16,38.02,FAILED_BREAKOUT,current_frozen_outcome,01a9f2fac6cab66686648b112c53eebf0526cee8a5c07559bdd3381578fa108d,legacy_frozen_case_set,b22eae1dd438ed1b4053ce2cfce7ce668010518462261cb724f149615894f4e6,NOT_AVAILABLE
002842:20260611:3934,002842,2026-06-11,2026-06-12,2026-06-17,45.3,FAILED_BREAKOUT,current_frozen_outcome,01a9f2fac6cab66686648b112c53eebf0526cee8a5c07559bdd3381578fa108d,legacy_frozen_case_set,b22eae1dd438ed1b4053ce2cfce7ce668010518462261cb724f149615894f4e6,NOT_AVAILABLE
002428:20260611:8824,002428,2026-06-11,2026-06-12,2026-06-15,95.55,FAILED_BREAKOUT,current_frozen_outcome,01a9f2fac6cab66686648b112c53eebf0526cee8a5c07559bdd3381578fa108d,legacy_frozen_case_set,b22eae1dd438ed1b4053ce2cfce7ce668010518462261cb724f149615894f4e6,NOT_AVAILABLE
603315:20260611:1650,603315,2026-06-11,2026-06-12,2026-06-16,17.38,FAILED_BREAKOUT,current_frozen_outcome,01a9f2fac6cab66686648b112c53eebf0526cee8a5c07559bdd3381578fa108d,legacy_frozen_case_set,b22eae1dd438ed1b4053ce2cfce7ce668010518462261cb724f149615894f4e6,NOT_AVAILABLE
000815:20260610:1687,000815,2026-06-10,2026-06-15,2026-06-16,16.46,FAILED_BREAKOUT,current_frozen_outcome,01a9f2fac6cab66686648b112c53eebf0526cee8a5c07559bdd3381578fa108d,legacy_frozen_case_set,b22eae1dd438ed1b4053ce2cfce7ce668010518462261cb724f149615894f4e6,NOT_AVAILABLE
001360:20260612:1874,001360,2026-06-12,2026-06-15,2026-06-16,21.36,FAILED_BREAKOUT,current_frozen_outcome,01a9f2fac6cab66686648b112c53eebf0526cee8a5c07559bdd3381578fa108d,legacy_frozen_case_set,b22eae1dd438ed1b4053ce2cfce7ce668010518462261cb724f149615894f4e6,NOT_AVAILABLE
002997:20260612:2938,002997,2026-06-12,2026-06-15,2026-06-17,30.77,FAILED_BREAKOUT,current_frozen_outcome,01a9f2fac6cab66686648b112c53eebf0526cee8a5c07559bdd3381578fa108d,legacy_frozen_case_set,b22eae1dd438ed1b4053ce2cfce7ce668010518462261cb724f149615894f4e6,NOT_AVAILABLE
600667:20260611:1751,600667,2026-06-11,2026-06-15,2026-06-17,18.86,SUCCESS,current_frozen_outcome,01a9f2fac6cab66686648b112c53eebf0526cee8a5c07559bdd3381578fa108d,legacy_frozen_case_set,b22eae1dd438ed1b4053ce2cfce7ce668010518462261cb724f149615894f4e6,NOT_AVAILABLE
002965:20260611:3854,002965,2026-06-11,2026-06-15,2026-06-16,41.99,SUCCESS,current_frozen_outcome,01a9f2fac6cab66686648b112c53eebf0526cee8a5c07559bdd3381578fa108d,legacy_frozen_case_set,b22eae1dd438ed1b4053ce2cfce7ce668010518462261cb724f149615894f4e6,NOT_AVAILABLE
000969:20260612:2446,000969,2026-06-12,2026-06-15,2026-06-22,26.17,FAILED_BREAKOUT,current_frozen_outcome,01a9f2fac6cab66686648b112c53eebf0526cee8a5c07559bdd3381578fa108d,legacy_frozen_case_set,b22eae1dd438ed1b4053ce2cfce7ce668010518462261cb724f149615894f4e6,NOT_AVAILABLE
603519:20260612:1364,603519,2026-06-12,2026-06-15,2026-06-17,14.84,FAILED_BREAKOUT,current_frozen_outcome,01a9f2fac6cab66686648b112c53eebf0526cee8a5c07559bdd3381578fa108d,legacy_frozen_case_set,b22eae1dd438ed1b4053ce2cfce7ce668010518462261cb724f149615894f4e6,NOT_AVAILABLE
603318:20260611:985,603318,2026-06-11,2026-06-15,2026-06-16,9.48,SUCCESS,current_frozen_outcome,01a9f2fac6cab66686648b112c53eebf0526cee8a5c07559bdd3381578fa108d,legacy_frozen_case_set,b22eae1dd438ed1b4053ce2cfce7ce668010518462261cb724f149615894f4e6,NOT_AVAILABLE
002927:20260612:2017,002927,2026-06-12,2026-06-15,2026-06-18,23.09,FAILED_BREAKOUT,current_frozen_outcome,01a9f2fac6cab66686648b112c53eebf0526cee8a5c07559bdd3381578fa108d,legacy_frozen_case_set,b22eae1dd438ed1b4053ce2cfce7ce668010518462261cb724f149615894f4e6,NOT_AVAILABLE
600601:20260612:1289,600601,2026-06-12,2026-06-15,2026-06-16,14.26,FAILED_BREAKOUT,current_frozen_outcome,01a9f2fac6cab66686648b112c53eebf0526cee8a5c07559bdd3381578fa108d,legacy_frozen_case_set,b22eae1dd438ed1b4053ce2cfce7ce668010518462261cb724f149615894f4e6,NOT_AVAILABLE
603936:20260611:2372,603936,2026-06-11,2026-06-15,2026-06-17,25.73,SUCCESS,current_frozen_outcome,01a9f2fac6cab66686648b112c53eebf0526cee8a5c07559bdd3381578fa108d,legacy_frozen_case_set,b22eae1dd438ed1b4053ce2cfce7ce668010518462261cb724f149615894f4e6,NOT_AVAILABLE
002208:20260610:1674,002208,2026-06-10,2026-06-15,2026-06-17,17.58,SUCCESS,current_frozen_outcome,01a9f2fac6cab66686648b112c53eebf0526cee8a5c07559bdd3381578fa108d,legacy_frozen_case_set,b22eae1dd438ed1b4053ce2cfce7ce668010518462261cb724f149615894f4e6,NOT_AVAILABLE
600497:20260612:928,600497,2026-06-12,2026-06-16,2026-06-22,10.72,FAILED_BREAKOUT,current_frozen_outcome,01a9f2fac6cab66686648b112c53eebf0526cee8a5c07559bdd3381578fa108d,legacy_frozen_case_set,b22eae1dd438ed1b4053ce2cfce7ce668010518462261cb724f149615894f4e6,NOT_AVAILABLE
002745:20260615:1025,002745,2026-06-15,2026-06-16,2026-06-17,11.2,SUCCESS,current_frozen_outcome,01a9f2fac6cab66686648b112c53eebf0526cee8a5c07559bdd3381578fa108d,legacy_frozen_case_set,b22eae1dd438ed1b4053ce2cfce7ce668010518462261cb724f149615894f4e6,NOT_AVAILABLE
000070:20260615:1881,000070,2026-06-15,2026-06-16,2026-06-17,20.38,SUCCESS,current_frozen_outcome,01a9f2fac6cab66686648b112c53eebf0526cee8a5c07559bdd3381578fa108d,legacy_frozen_case_set,b22eae1dd438ed1b4053ce2cfce7ce668010518462261cb724f149615894f4e6,NOT_AVAILABLE
002174:20260615:1109,002174,2026-06-15,2026-06-16,2026-06-22,12.25,FAILED_BREAKOUT,current_frozen_outcome,01a9f2fac6cab66686648b112c53eebf0526cee8a5c07559bdd3381578fa108d,legacy_frozen_case_set,b22eae1dd438ed1b4053ce2cfce7ce668010518462261cb724f149615894f4e6,NOT_AVAILABLE
000593:20260615:2267,000593,2026-06-15,2026-06-16,2026-06-18,25.65,FAILED_BREAKOUT,current_frozen_outcome,01a9f2fac6cab66686648b112c53eebf0526cee8a5c07559bdd3381578fa108d,legacy_frozen_case_set,b22eae1dd438ed1b4053ce2cfce7ce668010518462261cb724f149615894f4e6,NOT_AVAILABLE
002106:20260615:1338,002106,2026-06-15,2026-06-16,2026-06-18,14.06,SUCCESS,current_frozen_outcome,01a9f2fac6cab66686648b112c53eebf0526cee8a5c07559bdd3381578fa108d,legacy_frozen_case_set,b22eae1dd438ed1b4053ce2cfce7ce668010518462261cb724f149615894f4e6,NOT_AVAILABLE
000811:20260615:3385,000811,2026-06-15,2026-06-16,2026-06-17,35.88,FAILED_BREAKOUT,current_frozen_outcome,01a9f2fac6cab66686648b112c53eebf0526cee8a5c07559bdd3381578fa108d,legacy_frozen_case_set,b22eae1dd438ed1b4053ce2cfce7ce668010518462261cb724f149615894f4e6,NOT_AVAILABLE
603993:20260612:1911,603993,2026-06-12,2026-06-16,2026-06-18,21.0,FAILED_BREAKOUT,current_frozen_outcome,01a9f2fac6cab66686648b112c53eebf0526cee8a5c07559bdd3381578fa108d,legacy_frozen_case_set,b22eae1dd438ed1b4053ce2cfce7ce668010518462261cb724f149615894f4e6,NOT_AVAILABLE
603052:20260615:9078,603052,2026-06-15,2026-06-16,2026-06-18,98.0,FAILED_BREAKOUT,current_frozen_outcome,01a9f2fac6cab66686648b112c53eebf0526cee8a5c07559bdd3381578fa108d,legacy_frozen_case_set,b22eae1dd438ed1b4053ce2cfce7ce668010518462261cb724f149615894f4e6,NOT_AVAILABLE
600237:20260615:1068,600237,2026-06-15,2026-06-16,2026-06-22,12.6,SUCCESS,current_frozen_outcome,01a9f2fac6cab66686648b112c53eebf0526cee8a5c07559bdd3381578fa108d,legacy_frozen_case_set,b22eae1dd438ed1b4053ce2cfce7ce668010518462261cb724f149615894f4e6,NOT_AVAILABLE
002281:20260615:22547,002281,2026-06-15,2026-06-16,2026-06-18,246.8,FAILED_BREAKOUT,current_frozen_outcome,01a9f2fac6cab66686648b112c53eebf0526cee8a5c07559bdd3381578fa108d,legacy_frozen_case_set,b22eae1dd438ed1b4053ce2cfce7ce668010518462261cb724f149615894f4e6,NOT_AVAILABLE
603070:20260615:1604,603070,2026-06-15,2026-06-16,2026-06-17,17.98,FAILED_BREAKOUT,current_frozen_outcome,01a9f2fac6cab66686648b112c53eebf0526cee8a5c07559bdd3381578fa108d,legacy_frozen_case_set,b22eae1dd438ed1b4053ce2cfce7ce668010518462261cb724f149615894f4e6,NOT_AVAILABLE
600520:20260615:2958,600520,2026-06-15,2026-06-16,2026-06-18,31.23,SUCCESS,current_frozen_outcome,01a9f2fac6cab66686648b112c53eebf0526cee8a5c07559bdd3381578fa108d,legacy_frozen_case_set,b22eae1dd438ed1b4053ce2cfce7ce668010518462261cb724f149615894f4e6,NOT_AVAILABLE
002734:20260616:1639,002734,2026-06-16,2026-06-17,2026-06-18,17.22,SUCCESS,current_frozen_outcome,01a9f2fac6cab66686648b112c53eebf0526cee8a5c07559bdd3381578fa108d,legacy_frozen_case_set,b22eae1dd438ed1b4053ce2cfce7ce668010518462261cb724f149615894f4e6,NOT_AVAILABLE
002805:20260616:2420,002805,2026-06-16,2026-06-17,2026-06-18,25.04,FAILED_BREAKOUT,current_frozen_outcome,01a9f2fac6cab66686648b112c53eebf0526cee8a5c07559bdd3381578fa108d,legacy_frozen_case_set,b22eae1dd438ed1b4053ce2cfce7ce668010518462261cb724f149615894f4e6,NOT_AVAILABLE
603950:20260615:6549,603950,2026-06-15,2026-06-17,2026-06-22,69.82,SUCCESS,current_frozen_outcome,01a9f2fac6cab66686648b112c53eebf0526cee8a5c07559bdd3381578fa108d,legacy_frozen_case_set,b22eae1dd438ed1b4053ce2cfce7ce668010518462261cb724f149615894f4e6,NOT_AVAILABLE
002428:20260615:10149,002428,2026-06-15,2026-06-17,2026-06-22,105.17,FAILED_BREAKOUT,current_frozen_outcome,01a9f2fac6cab66686648b112c53eebf0526cee8a5c07559bdd3381578fa108d,legacy_frozen_case_set,b22eae1dd438ed1b4053ce2cfce7ce668010518462261cb724f149615894f4e6,NOT_AVAILABLE
002729:20260616:1947,002729,2026-06-16,2026-06-17,2026-06-18,20.5,FAILED_BREAKOUT,current_frozen_outcome,01a9f2fac6cab66686648b112c53eebf0526cee8a5c07559bdd3381578fa108d,legacy_frozen_case_set,b22eae1dd438ed1b4053ce2cfce7ce668010518462261cb724f149615894f4e6,NOT_AVAILABLE
603629:20260615:16737,603629,2026-06-15,2026-06-17,2026-06-18,173.58,FAILED_BREAKOUT,current_frozen_outcome,01a9f2fac6cab66686648b112c53eebf0526cee8a5c07559bdd3381578fa108d,legacy_frozen_case_set,b22eae1dd438ed1b4053ce2cfce7ce668010518462261cb724f149615894f4e6,NOT_AVAILABLE
600362:20260615:4736,600362,2026-06-15,2026-06-17,2026-06-18,51.88,SUCCESS,current_frozen_outcome,01a9f2fac6cab66686648b112c53eebf0526cee8a5c07559bdd3381578fa108d,legacy_frozen_case_set,b22eae1dd438ed1b4053ce2cfce7ce668010518462261cb724f149615894f4e6,NOT_AVAILABLE
603318:20260616:965,603318,2026-06-16,2026-06-17,2026-06-22,10.47,FAILED_BREAKOUT,current_frozen_outcome,01a9f2fac6cab66686648b112c53eebf0526cee8a5c07559bdd3381578fa108d,legacy_frozen_case_set,b22eae1dd438ed1b4053ce2cfce7ce668010518462261cb724f149615894f4e6,NOT_AVAILABLE
000657:20260615:8690,000657,2026-06-15,2026-06-17,2026-06-18,94.14,FAILED_BREAKOUT,current_frozen_outcome,01a9f2fac6cab66686648b112c53eebf0526cee8a5c07559bdd3381578fa108d,legacy_frozen_case_set,b22eae1dd438ed1b4053ce2cfce7ce668010518462261cb724f149615894f4e6,NOT_AVAILABLE
600563:20260615:15730,600563,2026-06-15,2026-06-17,2026-06-22,176.58,FAILED_BREAKOUT,current_frozen_outcome,01a9f2fac6cab66686648b112c53eebf0526cee8a5c07559bdd3381578fa108d,legacy_frozen_case_set,b22eae1dd438ed1b4053ce2cfce7ce668010518462261cb724f149615894f4e6,NOT_AVAILABLE
002910:20260616:1121,002910,2026-06-16,2026-06-17,2026-06-18,11.99,FAILED_BREAKOUT,current_frozen_outcome,01a9f2fac6cab66686648b112c53eebf0526cee8a5c07559bdd3381578fa108d,legacy_frozen_case_set,b22eae1dd438ed1b4053ce2cfce7ce668010518462261cb724f149615894f4e6,NOT_AVAILABLE
002645:20260616:3363,002645,2026-06-16,2026-06-17,2026-06-18,36.1,FAILED_BREAKOUT,current_frozen_outcome,01a9f2fac6cab66686648b112c53eebf0526cee8a5c07559bdd3381578fa108d,legacy_frozen_case_set,b22eae1dd438ed1b4053ce2cfce7ce668010518462261cb724f149615894f4e6,NOT_AVAILABLE
603637:20260617:1827,603637,2026-06-17,2026-06-18,2026-06-22,19.95,FAILED_BREAKOUT,current_frozen_outcome,01a9f2fac6cab66686648b112c53eebf0526cee8a5c07559bdd3381578fa108d,legacy_frozen_case_set,b22eae1dd438ed1b4053ce2cfce7ce668010518462261cb724f149615894f4e6,NOT_AVAILABLE
603042:20260616:2097,603042,2026-06-16,2026-06-18,2026-06-22,21.6,SUCCESS,current_frozen_outcome,01a9f2fac6cab66686648b112c53eebf0526cee8a5c07559bdd3381578fa108d,legacy_frozen_case_set,b22eae1dd438ed1b4053ce2cfce7ce668010518462261cb724f149615894f4e6,NOT_AVAILABLE
002885:20260616:4329,002885,2026-06-16,2026-06-18,2026-06-23,47.55,FAILED_BREAKOUT,current_frozen_outcome,01a9f2fac6cab66686648b112c53eebf0526cee8a5c07559bdd3381578fa108d,legacy_frozen_case_set,b22eae1dd438ed1b4053ce2cfce7ce668010518462261cb724f149615894f4e6,NOT_AVAILABLE
605069:20260611:1155,605069,2026-06-11,2026-06-18,2026-06-22,12.15,FAILED_BREAKOUT,current_frozen_outcome,01a9f2fac6cab66686648b112c53eebf0526cee8a5c07559bdd3381578fa108d,legacy_frozen_case_set,b22eae1dd438ed1b4053ce2cfce7ce668010518462261cb724f149615894f4e6,NOT_AVAILABLE
000050:20260617:914,000050,2026-06-17,2026-06-18,2026-06-22,9.33,FAILED_BREAKOUT,current_frozen_outcome,01a9f2fac6cab66686648b112c53eebf0526cee8a5c07559bdd3381578fa108d,legacy_frozen_case_set,b22eae1dd438ed1b4053ce2cfce7ce668010518462261cb724f149615894f4e6,NOT_AVAILABLE
002346:20260616:1801,002346,2026-06-16,2026-06-18,2026-06-22,19.17,FAILED_BREAKOUT,current_frozen_outcome,01a9f2fac6cab66686648b112c53eebf0526cee8a5c07559bdd3381578fa108d,legacy_frozen_case_set,b22eae1dd438ed1b4053ce2cfce7ce668010518462261cb724f149615894f4e6,NOT_AVAILABLE
002830:20260612:1676,002830,2026-06-12,2026-06-18,2026-06-22,15.98,SUCCESS,current_frozen_outcome,01a9f2fac6cab66686648b112c53eebf0526cee8a5c07559bdd3381578fa108d,legacy_frozen_case_set,b22eae1dd438ed1b4053ce2cfce7ce668010518462261cb724f149615894f4e6,NOT_AVAILABLE
002317:20260618:2290,002317,2026-06-18,2026-06-22,2026-06-25,23.97,FAILED_BREAKOUT,current_frozen_outcome,01a9f2fac6cab66686648b112c53eebf0526cee8a5c07559bdd3381578fa108d,legacy_frozen_case_set,b22eae1dd438ed1b4053ce2cfce7ce668010518462261cb724f149615894f4e6,NOT_AVAILABLE
002442:20260618:548,002442,2026-06-18,2026-06-22,2026-06-23,5.86,FAILED_BREAKOUT,current_frozen_outcome,01a9f2fac6cab66686648b112c53eebf0526cee8a5c07559bdd3381578fa108d,legacy_frozen_case_set,b22eae1dd438ed1b4053ce2cfce7ce668010518462261cb724f149615894f4e6,NOT_AVAILABLE
603127:20260618:3566,603127,2026-06-18,2026-06-22,2026-06-23,37.95,FAILED_BREAKOUT,current_frozen_outcome,01a9f2fac6cab66686648b112c53eebf0526cee8a5c07559bdd3381578fa108d,legacy_frozen_case_set,b22eae1dd438ed1b4053ce2cfce7ce668010518462261cb724f149615894f4e6,NOT_AVAILABLE
603929:20260617:23218,603929,2026-06-17,2026-06-22,2026-06-25,246.98,FAILED_BREAKOUT,current_frozen_outcome,01a9f2fac6cab66686648b112c53eebf0526cee8a5c07559bdd3381578fa108d,legacy_frozen_case_set,b22eae1dd438ed1b4053ce2cfce7ce668010518462261cb724f149615894f4e6,NOT_AVAILABLE
600026:20260617:1969,600026,2026-06-17,2026-06-22,2026-06-24,21.8,FAILED_BREAKOUT,current_frozen_outcome,01a9f2fac6cab66686648b112c53eebf0526cee8a5c07559bdd3381578fa108d,legacy_frozen_case_set,b22eae1dd438ed1b4053ce2cfce7ce668010518462261cb724f149615894f4e6,NOT_AVAILABLE
601872:20260622:1885,601872,2026-06-22,2026-06-23,2026-06-24,21.27,FAILED_BREAKOUT,current_frozen_outcome,01a9f2fac6cab66686648b112c53eebf0526cee8a5c07559bdd3381578fa108d,legacy_frozen_case_set,b22eae1dd438ed1b4053ce2cfce7ce668010518462261cb724f149615894f4e6,NOT_AVAILABLE
002392:20260618:881,002392,2026-06-18,2026-06-23,2026-06-24,9.39,FAILED_BREAKOUT,current_frozen_outcome,01a9f2fac6cab66686648b112c53eebf0526cee8a5c07559bdd3381578fa108d,legacy_frozen_case_set,b22eae1dd438ed1b4053ce2cfce7ce668010518462261cb724f149615894f4e6,NOT_AVAILABLE
002601:20260622:1703,002601,2026-06-22,2026-06-23,2026-06-25,17.77,FAILED_BREAKOUT,current_frozen_outcome,01a9f2fac6cab66686648b112c53eebf0526cee8a5c07559bdd3381578fa108d,legacy_frozen_case_set,b22eae1dd438ed1b4053ce2cfce7ce668010518462261cb724f149615894f4e6,NOT_AVAILABLE
002440:20260622:1099,002440,2026-06-22,2026-06-23,2026-06-25,11.87,FAILED_BREAKOUT,current_frozen_outcome,01a9f2fac6cab66686648b112c53eebf0526cee8a5c07559bdd3381578fa108d,legacy_frozen_case_set,b22eae1dd438ed1b4053ce2cfce7ce668010518462261cb724f149615894f4e6,NOT_AVAILABLE
600531:20260622:1481,600531,2026-06-22,2026-06-24,2026-06-25,16.91,SUCCESS,current_frozen_outcome,01a9f2fac6cab66686648b112c53eebf0526cee8a5c07559bdd3381578fa108d,legacy_frozen_case_set,b22eae1dd438ed1b4053ce2cfce7ce668010518462261cb724f149615894f4e6,NOT_AVAILABLE
600708:20260623:329,600708,2026-06-23,2026-06-24,2026-06-25,3.47,SUCCESS,current_frozen_outcome,01a9f2fac6cab66686648b112c53eebf0526cee8a5c07559bdd3381578fa108d,legacy_frozen_case_set,b22eae1dd438ed1b4053ce2cfce7ce668010518462261cb724f149615894f4e6,NOT_AVAILABLE
603661:20260622:3573,603661,2026-06-22,2026-06-24,2026-06-25,36.79,FAILED_BREAKOUT,current_frozen_outcome,01a9f2fac6cab66686648b112c53eebf0526cee8a5c07559bdd3381578fa108d,legacy_frozen_case_set,b22eae1dd438ed1b4053ce2cfce7ce668010518462261cb724f149615894f4e6,NOT_AVAILABLE
002963:20260622:2144,002963,2026-06-22,2026-06-24,2026-06-25,23.58,FAILED_BREAKOUT,current_frozen_outcome,01a9f2fac6cab66686648b112c53eebf0526cee8a5c07559bdd3381578fa108d,legacy_frozen_case_set,b22eae1dd438ed1b4053ce2cfce7ce668010518462261cb724f149615894f4e6,NOT_AVAILABLE
001206:20260623:1854,001206,2026-06-23,2026-06-24,2026-06-29,20.79,FAILED_BREAKOUT,current_frozen_outcome,01a9f2fac6cab66686648b112c53eebf0526cee8a5c07559bdd3381578fa108d,legacy_frozen_case_set,b22eae1dd438ed1b4053ce2cfce7ce668010518462261cb724f149615894f4e6,NOT_AVAILABLE
603588:20260622:1761,603588,2026-06-22,2026-06-24,2026-06-25,19.37,SUCCESS,current_frozen_outcome,01a9f2fac6cab66686648b112c53eebf0526cee8a5c07559bdd3381578fa108d,legacy_frozen_case_set,b22eae1dd438ed1b4053ce2cfce7ce668010518462261cb724f149615894f4e6,NOT_AVAILABLE
002549:20260623:1867,002549,2026-06-23,2026-06-24,2026-06-29,20.7,FAILED_BREAKOUT,current_frozen_outcome,01a9f2fac6cab66686648b112c53eebf0526cee8a5c07559bdd3381578fa108d,legacy_frozen_case_set,b22eae1dd438ed1b4053ce2cfce7ce668010518462261cb724f149615894f4e6,NOT_AVAILABLE
600058:20260622:1131,600058,2026-06-22,2026-06-24,2026-06-25,11.45,SUCCESS,current_frozen_outcome,01a9f2fac6cab66686648b112c53eebf0526cee8a5c07559bdd3381578fa108d,legacy_frozen_case_set,b22eae1dd438ed1b4053ce2cfce7ce668010518462261cb724f149615894f4e6,NOT_AVAILABLE
600234:20260622:3034,600234,2026-06-22,2026-06-24,2026-06-26,30.95,FAILED_BREAKOUT,current_frozen_outcome,01a9f2fac6cab66686648b112c53eebf0526cee8a5c07559bdd3381578fa108d,legacy_frozen_case_set,b22eae1dd438ed1b4053ce2cfce7ce668010518462261cb724f149615894f4e6,NOT_AVAILABLE
605369:20260623:1694,605369,2026-06-23,2026-06-24,2026-06-25,19.19,FAILED_BREAKOUT,current_frozen_outcome,01a9f2fac6cab66686648b112c53eebf0526cee8a5c07559bdd3381578fa108d,legacy_frozen_case_set,b22eae1dd438ed1b4053ce2cfce7ce668010518462261cb724f149615894f4e6,NOT_AVAILABLE
002427:20260624:474,002427,2026-06-24,2026-06-25,2026-06-26,5.0,FAILED_BREAKOUT,current_frozen_outcome,01a9f2fac6cab66686648b112c53eebf0526cee8a5c07559bdd3381578fa108d,legacy_frozen_case_set,b22eae1dd438ed1b4053ce2cfce7ce668010518462261cb724f149615894f4e6,NOT_AVAILABLE
603203:20260624:7014,603203,2026-06-24,2026-06-25,2026-06-29,77.9,FAILED_BREAKOUT,current_frozen_outcome,01a9f2fac6cab66686648b112c53eebf0526cee8a5c07559bdd3381578fa108d,legacy_frozen_case_set,b22eae1dd438ed1b4053ce2cfce7ce668010518462261cb724f149615894f4e6,NOT_AVAILABLE
605300:20260625:943,605300,2026-06-25,2026-06-26,2026-06-30,10.68,FAILED_BREAKOUT,current_frozen_outcome,01a9f2fac6cab66686648b112c53eebf0526cee8a5c07559bdd3381578fa108d,legacy_frozen_case_set,b22eae1dd438ed1b4053ce2cfce7ce668010518462261cb724f149615894f4e6,NOT_AVAILABLE
603297:20260624:13289,603297,2026-06-24,2026-06-26,2026-06-29,142.63,FAILED_BREAKOUT,current_frozen_outcome,01a9f2fac6cab66686648b112c53eebf0526cee8a5c07559bdd3381578fa108d,legacy_frozen_case_set,b22eae1dd438ed1b4053ce2cfce7ce668010518462261cb724f149615894f4e6,NOT_AVAILABLE
600539:20260626:1432,600539,2026-06-26,2026-06-29,2026-06-30,15.95,FAILED_BREAKOUT,current_frozen_outcome,01a9f2fac6cab66686648b112c53eebf0526cee8a5c07559bdd3381578fa108d,legacy_frozen_case_set,b22eae1dd438ed1b4053ce2cfce7ce668010518462261cb724f149615894f4e6,NOT_AVAILABLE
002518:20260625:5443,002518,2026-06-25,2026-06-29,2026-06-30,52.86,FAILED_BREAKOUT,current_frozen_outcome,01a9f2fac6cab66686648b112c53eebf0526cee8a5c07559bdd3381578fa108d,legacy_frozen_case_set,b22eae1dd438ed1b4053ce2cfce7ce668010518462261cb724f149615894f4e6,NOT_AVAILABLE
002497:20260624:2360,002497,2026-06-24,2026-06-29,2026-07-02,22.3,FAILED_BREAKOUT,current_frozen_outcome,01a9f2fac6cab66686648b112c53eebf0526cee8a5c07559bdd3381578fa108d,legacy_frozen_case_set,b22eae1dd438ed1b4053ce2cfce7ce668010518462261cb724f149615894f4e6,NOT_AVAILABLE
600118:20260626:7777,600118,2026-06-26,2026-06-29,2026-06-30,84.0,FAILED_BREAKOUT,current_frozen_outcome,01a9f2fac6cab66686648b112c53eebf0526cee8a5c07559bdd3381578fa108d,legacy_frozen_case_set,b22eae1dd438ed1b4053ce2cfce7ce668010518462261cb724f149615894f4e6,NOT_AVAILABLE
603063:20260625:5517,603063,2026-06-25,2026-06-29,2026-06-30,53.5,FAILED_BREAKOUT,current_frozen_outcome,01a9f2fac6cab66686648b112c53eebf0526cee8a5c07559bdd3381578fa108d,legacy_frozen_case_set,b22eae1dd438ed1b4053ce2cfce7ce668010518462261cb724f149615894f4e6,NOT_AVAILABLE
002728:20260629:880,002728,2026-06-29,2026-06-30,2026-07-01,9.56,SUCCESS,current_frozen_outcome,01a9f2fac6cab66686648b112c53eebf0526cee8a5c07559bdd3381578fa108d,legacy_frozen_case_set,b22eae1dd438ed1b4053ce2cfce7ce668010518462261cb724f149615894f4e6,NOT_AVAILABLE
002370:20260629:537,002370,2026-06-29,2026-06-30,2026-07-01,5.74,SUCCESS,current_frozen_outcome,01a9f2fac6cab66686648b112c53eebf0526cee8a5c07559bdd3381578fa108d,legacy_frozen_case_set,b22eae1dd438ed1b4053ce2cfce7ce668010518462261cb724f149615894f4e6,NOT_AVAILABLE
002038:20260629:558,002038,2026-06-29,2026-06-30,2026-07-01,6.09,SUCCESS,current_frozen_outcome,01a9f2fac6cab66686648b112c53eebf0526cee8a5c07559bdd3381578fa108d,legacy_frozen_case_set,b22eae1dd438ed1b4053ce2cfce7ce668010518462261cb724f149615894f4e6,NOT_AVAILABLE
001270:20260626:13943,001270,2026-06-26,2026-06-30,2026-07-01,160.98,FAILED_BREAKOUT,current_frozen_outcome,01a9f2fac6cab66686648b112c53eebf0526cee8a5c07559bdd3381578fa108d,legacy_frozen_case_set,b22eae1dd438ed1b4053ce2cfce7ce668010518462261cb724f149615894f4e6,NOT_AVAILABLE
002693:20260629:911,002693,2026-06-29,2026-06-30,2026-07-02,9.83,SUCCESS,current_frozen_outcome,01a9f2fac6cab66686648b112c53eebf0526cee8a5c07559bdd3381578fa108d,legacy_frozen_case_set,b22eae1dd438ed1b4053ce2cfce7ce668010518462261cb724f149615894f4e6,NOT_AVAILABLE
002915:20260629:2034,002915,2026-06-29,2026-06-30,2026-07-01,21.21,SUCCESS,current_frozen_outcome,01a9f2fac6cab66686648b112c53eebf0526cee8a5c07559bdd3381578fa108d,legacy_frozen_case_set,b22eae1dd438ed1b4053ce2cfce7ce668010518462261cb724f149615894f4e6,NOT_AVAILABLE
600516:20260625:677,600516,2026-06-25,2026-06-30,2026-07-01,6.33,FAILED_BREAKOUT,current_frozen_outcome,01a9f2fac6cab66686648b112c53eebf0526cee8a5c07559bdd3381578fa108d,legacy_frozen_case_set,b22eae1dd438ed1b4053ce2cfce7ce668010518462261cb724f149615894f4e6,NOT_AVAILABLE
000756:20260629:1359,000756,2026-06-29,2026-06-30,2026-07-01,14.78,FAILED_BREAKOUT,current_frozen_outcome,01a9f2fac6cab66686648b112c53eebf0526cee8a5c07559bdd3381578fa108d,legacy_frozen_case_set,b22eae1dd438ed1b4053ce2cfce7ce668010518462261cb724f149615894f4e6,NOT_AVAILABLE
603477:20260629:1455,603477,2026-06-29,2026-06-30,2026-07-01,15.66,FAILED_BREAKOUT,current_frozen_outcome,01a9f2fac6cab66686648b112c53eebf0526cee8a5c07559bdd3381578fa108d,legacy_frozen_case_set,b22eae1dd438ed1b4053ce2cfce7ce668010518462261cb724f149615894f4e6,NOT_AVAILABLE
600488:20260629:484,600488,2026-06-29,2026-07-01,2026-07-02,5.33,SUCCESS,current_frozen_outcome,01a9f2fac6cab66686648b112c53eebf0526cee8a5c07559bdd3381578fa108d,legacy_frozen_case_set,b22eae1dd438ed1b4053ce2cfce7ce668010518462261cb724f149615894f4e6,NOT_AVAILABLE
002472:20260630:4151,002472,2026-06-30,2026-07-01,2026-07-03,44.85,SUCCESS,current_frozen_outcome,01a9f2fac6cab66686648b112c53eebf0526cee8a5c07559bdd3381578fa108d,legacy_frozen_case_set,b22eae1dd438ed1b4053ce2cfce7ce668010518462261cb724f149615894f4e6,NOT_AVAILABLE
603717:20260623:679,603717,2026-06-23,2026-07-01,2026-07-03,6.91,SUCCESS,current_frozen_outcome,01a9f2fac6cab66686648b112c53eebf0526cee8a5c07559bdd3381578fa108d,legacy_frozen_case_set,b22eae1dd438ed1b4053ce2cfce7ce668010518462261cb724f149615894f4e6,NOT_AVAILABLE
002615:20260630:690,002615,2026-06-30,2026-07-01,2026-07-03,7.85,FAILED_BREAKOUT,current_frozen_outcome,01a9f2fac6cab66686648b112c53eebf0526cee8a5c07559bdd3381578fa108d,legacy_frozen_case_set,b22eae1dd438ed1b4053ce2cfce7ce668010518462261cb724f149615894f4e6,NOT_AVAILABLE
001215:20260626:3917,001215,2026-06-26,2026-07-01,2026-07-02,39.29,FAILED_BREAKOUT,current_frozen_outcome,01a9f2fac6cab66686648b112c53eebf0526cee8a5c07559bdd3381578fa108d,legacy_frozen_case_set,b22eae1dd438ed1b4053ce2cfce7ce668010518462261cb724f149615894f4e6,NOT_AVAILABLE
601882:20260630:2023,601882,2026-06-30,2026-07-01,2026-07-02,21.35,FAILED_BREAKOUT,current_frozen_outcome,01a9f2fac6cab66686648b112c53eebf0526cee8a5c07559bdd3381578fa108d,legacy_frozen_case_set,b22eae1dd438ed1b4053ce2cfce7ce668010518462261cb724f149615894f4e6,NOT_AVAILABLE
600846:20260630:1000,600846,2026-06-30,2026-07-01,2026-07-02,10.99,FAILED_BREAKOUT,current_frozen_outcome,01a9f2fac6cab66686648b112c53eebf0526cee8a5c07559bdd3381578fa108d,legacy_frozen_case_set,b22eae1dd438ed1b4053ce2cfce7ce668010518462261cb724f149615894f4e6,NOT_AVAILABLE
603211:20260630:3551,603211,2026-06-30,2026-07-02,2026-07-06,36.65,SUCCESS,current_frozen_outcome,01a9f2fac6cab66686648b112c53eebf0526cee8a5c07559bdd3381578fa108d,legacy_frozen_case_set,b22eae1dd438ed1b4053ce2cfce7ce668010518462261cb724f149615894f4e6,NOT_AVAILABLE
603118:20260630:1211,603118,2026-06-30,2026-07-02,2026-07-07,13.46,SUCCESS,current_frozen_outcome,01a9f2fac6cab66686648b112c53eebf0526cee8a5c07559bdd3381578fa108d,legacy_frozen_case_set,b22eae1dd438ed1b4053ce2cfce7ce668010518462261cb724f149615894f4e6,NOT_AVAILABLE
002403:20260701:981,002403,2026-07-01,2026-07-02,2026-07-03,10.66,FAILED_BREAKOUT,current_frozen_outcome,01a9f2fac6cab66686648b112c53eebf0526cee8a5c07559bdd3381578fa108d,legacy_frozen_case_set,b22eae1dd438ed1b4053ce2cfce7ce668010518462261cb724f149615894f4e6,NOT_AVAILABLE
000938:20260630:2886,000938,2026-06-30,2026-07-02,2026-07-03,30.49,FAILED_BREAKOUT,current_frozen_outcome,01a9f2fac6cab66686648b112c53eebf0526cee8a5c07559bdd3381578fa108d,legacy_frozen_case_set,b22eae1dd438ed1b4053ce2cfce7ce668010518462261cb724f149615894f4e6,NOT_AVAILABLE
600661:20260701:760,600661,2026-07-01,2026-07-02,2026-07-06,8.17,FAILED_BREAKOUT,current_frozen_outcome,01a9f2fac6cab66686648b112c53eebf0526cee8a5c07559bdd3381578fa108d,legacy_frozen_case_set,b22eae1dd438ed1b4053ce2cfce7ce668010518462261cb724f149615894f4e6,NOT_AVAILABLE
605018:20260630:1491,605018,2026-06-30,2026-07-02,2026-07-03,15.3,FAILED_BREAKOUT,current_frozen_outcome,01a9f2fac6cab66686648b112c53eebf0526cee8a5c07559bdd3381578fa108d,legacy_frozen_case_set,b22eae1dd438ed1b4053ce2cfce7ce668010518462261cb724f149615894f4e6,NOT_AVAILABLE
603615:20260701:1777,603615,2026-07-01,2026-07-02,2026-07-06,19.68,FAILED_BREAKOUT,current_frozen_outcome,01a9f2fac6cab66686648b112c53eebf0526cee8a5c07559bdd3381578fa108d,legacy_frozen_case_set,b22eae1dd438ed1b4053ce2cfce7ce668010518462261cb724f149615894f4e6,NOT_AVAILABLE
002124:20260701:232,002124,2026-07-01,2026-07-03,2026-07-06,2.4,SUCCESS,current_frozen_outcome,01a9f2fac6cab66686648b112c53eebf0526cee8a5c07559bdd3381578fa108d,legacy_frozen_case_set,b22eae1dd438ed1b4053ce2cfce7ce668010518462261cb724f149615894f4e6,NOT_AVAILABLE
600975:20260701:474,600975,2026-07-01,2026-07-03,2026-07-07,5.02,FAILED_BREAKOUT,current_frozen_outcome,01a9f2fac6cab66686648b112c53eebf0526cee8a5c07559bdd3381578fa108d,legacy_frozen_case_set,b22eae1dd438ed1b4053ce2cfce7ce668010518462261cb724f149615894f4e6,NOT_AVAILABLE
002607:20260701:198,002607,2026-07-01,2026-07-03,2026-07-07,2.12,SUCCESS,current_frozen_outcome,01a9f2fac6cab66686648b112c53eebf0526cee8a5c07559bdd3381578fa108d,legacy_frozen_case_set,b22eae1dd438ed1b4053ce2cfce7ce668010518462261cb724f149615894f4e6,NOT_AVAILABLE
600449:20260702:1239,600449,2026-07-02,2026-07-03,2026-07-06,13.98,FAILED_BREAKOUT,current_frozen_outcome,01a9f2fac6cab66686648b112c53eebf0526cee8a5c07559bdd3381578fa108d,legacy_frozen_case_set,b22eae1dd438ed1b4053ce2cfce7ce668010518462261cb724f149615894f4e6,NOT_AVAILABLE
000876:20260701:690,000876,2026-07-01,2026-07-03,2026-07-07,7.39,SUCCESS,current_frozen_outcome,01a9f2fac6cab66686648b112c53eebf0526cee8a5c07559bdd3381578fa108d,legacy_frozen_case_set,b22eae1dd438ed1b4053ce2cfce7ce668010518462261cb724f149615894f4e6,NOT_AVAILABLE
002642:20260708:670,002642,2026-07-08,2026-07-27,2026-07-28,7.16,SUCCESS,current_frozen_outcome,01a9f2fac6cab66686648b112c53eebf0526cee8a5c07559bdd3381578fa108d,legacy_frozen_case_set,b22eae1dd438ed1b4053ce2cfce7ce668010518462261cb724f149615894f4e6,NOT_AVAILABLE
000892:20260706:376,000892,2026-07-06,2026-07-27,2026-07-29,3.4,FAILED_BREAKOUT,current_frozen_outcome,01a9f2fac6cab66686648b112c53eebf0526cee8a5c07559bdd3381578fa108d,legacy_frozen_case_set,b22eae1dd438ed1b4053ce2cfce7ce668010518462261cb724f149615894f4e6,NOT_AVAILABLE
601369:20260626:905,601369,2026-06-26,2026-07-27,2026-07-28,9.25,FAILED_BREAKOUT,current_frozen_outcome,01a9f2fac6cab66686648b112c53eebf0526cee8a5c07559bdd3381578fa108d,legacy_frozen_case_set,b22eae1dd438ed1b4053ce2cfce7ce668010518462261cb724f149615894f4e6,NOT_AVAILABLE
603988:20260727:1804,603988,2026-07-27,2026-07-28,2026-07-30,19.79,SUCCESS,current_frozen_outcome,01a9f2fac6cab66686648b112c53eebf0526cee8a5c07559bdd3381578fa108d,legacy_frozen_case_set,b22eae1dd438ed1b4053ce2cfce7ce668010518462261cb724f149615894f4e6,NOT_AVAILABLE
603955:20260727:1862,603955,2026-07-27,2026-07-28,2026-07-30,20.08,FAILED_BREAKOUT,current_frozen_outcome,01a9f2fac6cab66686648b112c53eebf0526cee8a5c07559bdd3381578fa108d,legacy_frozen_case_set,b22eae1dd438ed1b4053ce2cfce7ce668010518462261cb724f149615894f4e6,NOT_AVAILABLE
002292:20260727:776,002292,2026-07-27,2026-07-28,2026-07-29,8.15,FAILED_BREAKOUT,current_frozen_outcome,01a9f2fac6cab66686648b112c53eebf0526cee8a5c07559bdd3381578fa108d,legacy_frozen_case_set,b22eae1dd438ed1b4053ce2cfce7ce668010518462261cb724f149615894f4e6,NOT_AVAILABLE
603630:20260727:1443,603630,2026-07-27,2026-07-28,2026-07-30,15.51,FAILED_BREAKOUT,current_frozen_outcome,01a9f2fac6cab66686648b112c53eebf0526cee8a5c07559bdd3381578fa108d,legacy_frozen_case_set,b22eae1dd438ed1b4053ce2cfce7ce668010518462261cb724f149615894f4e6,NOT_AVAILABLE
