episode_id,symbol,candidate_date,CHECKPOINT,volume_pace,abs_session_low,session_range,session_low_price,session_high_price
601369:20260528:961,601369,2026-05-29,0945,16.4764674499,0.0,4.7521,9.61,10.07
601369:20260528:961,601369,2026-05-29,1000,12.6668282478,0.0,4.7521,9.61,10.07
002963:20260608:1774,002963,2026-06-09,0945,1.7045952881,1.8038,5.7995,17.42,18.45
002963:20260608:1774,002963,2026-06-09,1000,2.3745382342,1.8038,5.7995,17.42,18.45
600539:20260608:1540,600539,2026-06-09,0945,2.4740447163,1.9481,6.6172,15.1,16.17
600539:20260608:1540,600539,2026-06-09,1000,1.662673838,1.9481,6.6172,15.1,16.17
000833:20260608:2368,000833,2026-06-09,0945,1.7491913252,1.9003,5.3594,23.23,24.52
000833:20260608:2368,000833,2026-06-09,1000,2.3164713851,1.9003,5.3594,23.23,24.52
600667:20260604:1636,600667,2026-06-09,0945,0.8003387412,0.2677,4.5161,14.98,15.68
600667:20260604:1636,600667,2026-06-09,1000,0.7805011109,1.2048,5.9355,14.76,15.68
003030:20260601:2574,003030,2026-06-09,0945,0.3103072232,0.381,3.197,20.92,21.6
003030:20260601:2574,003030,2026-06-09,1000,0.3817954211,0.381,4.1373,20.92,21.8
002931:20260608:6560,002931,2026-06-09,0945,0.9547032452,0.4421,4.0576,65.31,67.96
002931:20260608:6560,002931,2026-06-09,1000,0.9522850624,0.4421,4.2566,65.31,68.09
603070:20260605:1673,603070,2026-06-09,0945,0.3618195934,0.5445,2.2768,16.44,16.82
603070:20260605:1673,603070,2026-06-09,1000,0.389553558,0.6655,2.3966,16.42,16.82
003018:20260609:5468,003018,2026-06-10,0945,1.0223236209,5.6693,8.6933,51.58,56.45
003018:20260609:5468,003018,2026-06-10,1000,1.2017884258,7.2238,10.2106,50.73,56.45
001215:20260609:4232,001215,2026-06-10,0945,1.1530484144,1.2287,5.1294,41.8,44.06
001215:20260609:4232,001215,2026-06-10,1000,0.7243161169,1.2287,5.1294,41.8,44.06
600110:20260609:1181,600110,2026-06-10,0945,1.3564104272,2.3709,3.958,12.09,12.58
600110:20260609:1181,600110,2026-06-10,1000,1.0045745699,2.3709,3.958,12.09,12.58
002051:20260609:1223,002051,2026-06-10,0945,0.8236100266,3.5159,4.2484,11.8,12.32
002051:20260609:1223,002051,2026-06-10,1000,0.6468023733,3.5159,4.2484,11.8,12.32
603260:20260609:3933,603260,2026-06-10,0945,4.183654918,1.3476,4.746,38.8,40.65
603260:20260609:3933,603260,2026-06-10,1000,3.7270716358,1.3476,4.746,38.8,40.65
603020:20260609:1164,603020,2026-06-10,0945,1.9869529864,1.0309,5.3219,11.52,12.14
603020:20260609:1164,603020,2026-06-10,1000,1.7333126839,1.0309,5.3219,11.52,12.14
002129:20260609:981,002129,2026-06-10,0945,2.2467848544,0.0,4.7,9.81,10.28
002129:20260609:981,002129,2026-06-10,1000,1.8615569957,0.0,4.7,9.81,10.28
000037:20260609:1139,000037,2026-06-10,0945,2.2819238025,3.0729,4.0744,11.04,11.5
000037:20260609:1139,000037,2026-06-10,1000,1.767094297,3.0729,4.0744,11.04,11.5
600641:20260609:2703,600641,2026-06-10,0945,1.6447565333,1.2209,8.1784,26.7,28.9
600641:20260609:2703,600641,2026-06-10,1000,1.205220383,1.2209,8.1784,26.7,28.9
002490:20260608:823,002490,2026-06-10,0945,1.0131954907,1.8277,3.8168,7.8,8.1
002490:20260608:823,002490,2026-06-10,1000,1.1059304263,1.8277,3.8168,7.8,8.1
601869:20260609:48433,601869,2026-06-11,0945,0.4839927427,2.6597,4.3522,440.65,459.96
601869:20260609:48433,601869,2026-06-11,1000,0.4770895554,2.6597,4.3522,440.65,459.96
605111:20260609:6199,605111,2026-06-11,0945,0.8241819232,1.4606,3.8553,58.02,60.29
605111:20260609:6199,605111,2026-06-11,1000,0.8498035899,1.4606,4.2459,58.02,60.52
605018:20260609:1977,605018,2026-06-11,0945,0.5232010521,6.4643,6.9712,16.64,17.8
605018:20260609:1977,605018,2026-06-11,1000,0.5751560011,6.4643,6.9712,16.64,17.8
600714:20260605:3290,600714,2026-06-11,0945,0.6423976512,3.2616,3.5628,27.88,28.91
600714:20260605:3290,600714,2026-06-11,1000,0.5660560381,3.2616,3.5628,27.88,28.91
600732:20260610:1207,600732,2026-06-11,0945,9.0916426703,0.0,8.0365,12.07,13.04
600732:20260610:1207,600732,2026-06-11,1000,8.1355153411,0.0,8.0365,12.07,13.04
003030:20260610:2342,003030,2026-06-11,0945,2.5671941521,4.3553,4.3721,22.4,23.42
003030:20260610:2342,003030,2026-06-11,1000,2.1958408297,4.3553,4.5006,22.4,23.45
603661:20260610:3675,603661,2026-06-11,0945,0.6826831858,3.5102,5.3799,35.46,37.4
603661:20260610:3675,603661,2026-06-11,1000,0.9929366158,3.5102,5.3799,35.46,37.4
000811:20260609:3214,000811,2026-06-11,0945,0.6271322579,2.259,3.2557,30.72,31.74
000811:20260609:3214,000811,2026-06-11,1000,0.740638566,2.259,4.3409,30.72,32.08
603335:20260609:768,603335,2026-06-11,0945,0.6886256083,3.3467,5.474,7.22,7.63
603335:20260609:768,603335,2026-06-11,1000,0.6468477791,3.3467,5.474,7.22,7.63
002583:20260609:939,002583,2026-06-11,0945,0.4689090042,2.6549,3.9019,8.8,9.15
002583:20260609:939,002583,2026-06-11,1000,0.7075037517,2.6549,5.2397,8.8,9.27
002837:20260609:6972,002837,2026-06-11,0945,0.3416835747,3.2221,4.0929,66.68,69.5
002837:20260609:6972,002837,2026-06-11,1000,0.3865499185,3.2221,4.0929,66.68,69.5
002378:20260611:3363,002378,2026-06-12,0945,1.5213238781,2.2599,6.0857,32.87,35.0
002378:20260611:3363,002378,2026-06-12,1000,1.0952641793,2.2599,6.1714,32.87,35.03
002842:20260611:3934,002842,2026-06-12,0945,1.3527242353,3.3808,8.6078,38.01,41.59
002842:20260611:3934,002842,2026-06-12,1000,1.7637635118,3.3808,8.6078,38.01,41.59
002490:20260611:856,002490,2026-06-12,0945,0.9166385329,6.1916,7.2229,8.03,8.61
002490:20260611:856,002490,2026-06-12,1000,1.2837629917,6.1916,14.944,8.03,9.23
600058:20260610:1034,600058,2026-06-12,0945,0.4488095555,1.4271,5.0968,9.67,10.17
600058:20260610:1034,600058,2026-06-12,1000,0.4803460672,1.4271,5.0968,9.67,10.17
002428:20260611:8824,002428,2026-06-12,0945,1.9604650488,0.0113,5.0726,88.25,92.79
002428:20260611:8824,002428,2026-06-12,1000,1.6370512306,0.0113,5.0726,88.25,92.79
603315:20260611:1650,603315,2026-06-12,0945,0.7706006891,2.9697,6.6833,16.01,17.08
603315:20260611:1650,603315,2026-06-12,1000,0.6885524298,2.9697,7.0581,16.01,17.14
600531:20260612:1309,600531,2026-06-15,0945,1.2371365099,0.0,3.8636,13.09,13.6
600531:20260612:1309,600531,2026-06-15,1000,1.2917123759,0.0,3.8636,13.09,13.6
002549:20260611:1815,002549,2026-06-15,0945,0.3612879622,3.804,2.7075,16.69,17.15
002549:20260611:1815,002549,2026-06-15,1000,0.4387481321,3.804,2.7075,16.69,17.15
002637:20260612:1268,002637,2026-06-15,0945,1.7935418368,2.2082,2.9827,12.4,12.78
002637:20260612:1268,002637,2026-06-15,1000,1.3072979076,2.4448,3.2182,12.37,12.78
000815:20260610:1687,000815,2026-06-15,0945,0.9070475924,0.7194,2.9716,15.4,15.86
000815:20260610:1687,000815,2026-06-15,1000,0.8090379116,0.7194,3.23,15.4,15.9
001360:20260612:1874,001360,2026-06-15,0945,4.2068592133,1.0139,4.9762,18.55,19.49
001360:20260612:1874,001360,2026-06-15,1000,5.822275188,1.0139,8.6289,18.55,20.18
002997:20260612:2938,002997,2026-06-15,0945,2.5266916838,0.8509,2.8956,29.13,29.99
002997:20260612:2938,002997,2026-06-15,1000,1.5181959066,0.8509,2.8956,29.13,29.99
600667:20260611:1751,600667,2026-06-15,0945,0.6349672058,0.0,4.6181,16.42,17.2
600667:20260611:1751,600667,2026-06-15,1000,0.6053247927,0.0,4.6181,16.42,17.2
002965:20260611:3854,002965,2026-06-15,0945,0.4090416305,1.4401,4.0544,39.01,40.62
002965:20260611:3854,002965,2026-06-15,1000,0.4313273219,1.4401,4.0544,39.01,40.62
000969:20260612:2446,000969,2026-06-15,0945,1.3172648139,2.8618,5.0243,23.76,25.0
000969:20260612:2446,000969,2026-06-15,1000,1.561612218,2.8618,5.0243,23.76,25.0
603519:20260612:1364,603519,2026-06-15,0945,0.5622364331,2.7859,2.6471,13.26,13.62
603519:20260612:1364,603519,2026-06-15,1000,0.6299234087,2.7859,5.1471,13.26,13.96
001206:20260612:1723,001206,2026-06-15,0945,16.0855438596,1.1608,3.5918,17.43,18.06
001206:20260612:1723,001206,2026-06-15,1000,8.2244816054,1.1608,3.5918,17.43,18.06
603318:20260611:985,603318,2026-06-15,0945,0.5012240069,4.8035,3.6954,8.72,9.05
603318:20260611:985,603318,2026-06-15,1000,0.57910121,4.8035,3.6954,8.72,9.05
002927:20260612:2017,002927,2026-06-15,0945,1.6196492624,4.0159,5.4353,19.36,20.44
002927:20260612:2017,002927,2026-06-15,1000,1.9569969796,4.0159,5.4353,19.36,20.44
600601:20260612:1289,600601,2026-06-15,0945,1.4876978215,1.8619,3.5659,12.65,13.11
600601:20260612:1289,600601,2026-06-15,1000,1.4323282848,1.8619,5.4264,12.65,13.35
603936:20260611:2372,603936,2026-06-15,0945,0.4940607546,0.0,6.1939,23.41,24.86
603936:20260611:2372,603936,2026-06-15,1000,0.518572142,0.0,6.1939,23.41,24.86
002208:20260610:1674,002208,2026-06-15,0945,1.1223434478,2.9754,3.0151,15.92,16.4
002208:20260610:1674,002208,2026-06-15,1000,1.0691263597,2.9754,3.0151,15.92,16.4
600497:20260612:928,600497,2026-06-16,0945,0.607794532,2.3715,4.3216,9.88,10.31
600497:20260612:928,600497,2026-06-16,1000,0.6155274835,2.3715,4.3216,9.88,10.31
600539:20260612:1634,600539,2026-06-16,0945,0.5189991225,1.3497,3.0656,16.08,16.58
600539:20260612:1634,600539,2026-06-16,1000,0.5418107196,1.9632,3.6787,15.98,16.58
002745:20260615:1025,002745,2026-06-16,0945,3.9044037642,0.3902,5.1707,10.21,10.74
002745:20260615:1025,002745,2026-06-16,1000,3.4110181575,0.3902,5.1707,10.21,10.74
000070:20260615:1881,000070,2026-06-16,0945,3.778572893,1.0101,4.5431,19.0,19.88
000070:20260615:1881,000070,2026-06-16,1000,2.7911604712,1.0101,4.5431,19.0,19.88
002174:20260615:1109,002174,2026-06-16,0945,1.5378183374,1.7133,7.7063,10.9,11.75
002174:20260615:1109,002174,2026-06-16,1000,1.5023751305,1.7133,7.7063,10.9,11.75
000593:20260615:2267,000593,2026-06-16,0945,2.7001251795,0.3529,5.913,22.75,24.11
000593:20260615:2267,000593,2026-06-16,1000,2.5923980065,0.0882,6.1739,22.69,24.11
002106:20260615:1338,002106,2026-06-16,0945,0.8231097119,2.0927,4.6442,13.1,13.72
002106:20260615:1338,002106,2026-06-16,1000,0.8252383874,2.0927,4.6442,13.1,13.72
000811:20260615:3385,000811,2026-06-16,0945,2.2325776456,3.0133,5.6587,32.83,34.78
000811:20260615:3385,000811,2026-06-16,1000,1.8357524492,3.0133,5.6587,32.83,34.78
603993:20260612:1911,603993,2026-06-16,0945,0.4685378356,3.7763,2.8922,20.13,20.72
603993:20260612:1911,603993,2026-06-16,1000,0.474820491,3.7763,2.8922,20.13,20.72
603052:20260615:9078,603052,2026-06-16,0945,1.2727549467,1.2448,3.4091,89.65,92.8
603052:20260615:9078,603052,2026-06-16,1000,1.0910145488,1.2448,3.4091,89.65,92.8
600237:20260615:1068,600237,2026-06-16,0945,0.8788314663,3.7453,3.5104,11.08,11.47
600237:20260615:1068,600237,2026-06-16,1000,1.1193779813,3.7453,3.9604,11.08,11.52
002281:20260615:22547,002281,2026-06-16,0945,1.2666901214,2.0136,3.3747,230.01,237.89
002281:20260615:22547,002281,2026-06-16,1000,0.7893772236,2.0136,3.3747,230.01,237.89
603070:20260615:1604,603070,2026-06-16,0945,2.1478583227,1.4963,7.6048,16.28,17.55
603070:20260615:1604,603070,2026-06-16,1000,2.7230793578,1.4963,7.6048,16.28,17.55
600520:20260615:2958,600520,2026-06-16,0945,1.2940769595,1.217,3.2116,29.22,30.17
600520:20260615:2958,600520,2026-06-16,1000,1.2857032138,1.217,3.2116,29.22,30.17
002734:20260616:1639,002734,2026-06-17,0945,3.2356507111,0.6711,2.4184,16.28,16.68
002734:20260616:1639,002734,2026-06-17,1000,2.1213208704,0.6711,2.4184,16.28,16.68
002805:20260616:2420,002805,2026-06-17,0945,1.1149519805,3.9256,3.2486,23.25,24.03
002805:20260616:2420,002805,2026-06-17,1000,1.0830051928,3.9256,3.2486,23.25,24.03
603950:20260615:6549,603950,2026-06-17,0945,0.5004527385,1.8883,3.1845,61.31,63.3
603950:20260615:6549,603950,2026-06-17,1000,0.6852721646,1.8883,6.513,61.31,65.38
002428:20260615:10149,002428,2026-06-17,0945,0.8770608218,4.3478,3.1642,96.8,99.9
002428:20260615:10149,002428,2026-06-17,1000,0.8091944387,4.3478,3.2459,96.8,99.98
002729:20260616:1947,002729,2026-06-17,0945,2.4208564415,0.9759,3.0801,19.28,19.88
002729:20260616:1947,002729,2026-06-17,1000,1.8187549251,0.9759,3.0801,19.28,19.88
603629:20260615:16737,603629,2026-06-17,0945,0.68078659,2.2011,5.1963,159.51,167.98
603629:20260615:16737,603629,2026-06-17,1000,0.6295875104,2.3973,5.3926,159.19,167.98
600362:20260615:4736,600362,2026-06-17,0945,0.5504069724,1.7204,3.6809,45.7,47.43
600362:20260615:4736,600362,2026-06-17,1000,0.5469496238,1.7204,3.6809,45.7,47.43
603318:20260616:965,603318,2026-06-17,0945,2.8542445057,1.658,5.6237,9.49,10.04
603318:20260616:965,603318,2026-06-17,1000,2.8000423925,1.658,5.6237,9.49,10.04
000657:20260615:8690,000657,2026-06-17,0945,0.670007772,4.5405,2.6966,88.3,90.7
000657:20260615:8690,000657,2026-06-17,1000,0.7357037596,4.5405,2.6966,88.3,90.7
600563:20260615:15730,600563,2026-06-17,0945,0.5110716426,1.3548,2.674,166.01,170.51
600563:20260615:15730,600563,2026-06-17,1000,0.5696686983,1.3548,2.674,166.01,170.51
002910:20260616:1121,002910,2026-06-17,0945,1.3275510204,3.6574,4.7449,10.8,11.33
002910:20260616:1121,002910,2026-06-17,1000,1.2718897142,3.6574,5.103,10.8,11.37
002645:20260616:3363,002645,2026-06-17,0945,1.3012477152,1.6354,4.0316,33.08,34.46
002645:20260616:3363,002645,2026-06-17,1000,0.754410479,1.6354,4.0316,33.08,34.46
002440:20260615:998,002440,2026-06-17,0945,0.4806176427,1.8519,3.6534,9.54,9.89
002440:20260615:998,002440,2026-06-17,1000,0.8800347829,1.8519,7.9332,9.54,10.3
002931:20260616:7194,002931,2026-06-17,0945,1.5230148194,1.4456,3.786,70.9,73.66
002931:20260616:7194,002931,2026-06-17,1000,1.1237133025,2.6967,5.0206,70.0,73.66
603637:20260617:1827,603637,2026-06-18,0945,1.6533717849,0.0,4.6524,18.27,19.12
603637:20260617:1827,603637,2026-06-18,1000,0.9007772207,0.0,4.6524,18.27,19.12
603042:20260616:2097,603042,2026-06-18,0945,0.6933862478,0.6369,4.4444,20.28,21.2
603042:20260616:2097,603042,2026-06-18,1000,0.6776754599,0.6369,4.4444,20.28,21.2
002885:20260616:4329,002885,2026-06-18,0945,0.5399892438,0.7089,3.0453,42.02,43.31
002885:20260616:4329,002885,2026-06-18,1000,0.5296305582,0.7089,3.0453,42.02,43.31
605069:20260611:1155,605069,2026-06-18,0945,1.6670391913,0.7421,8.1308,10.7,11.57
605069:20260611:1155,605069,2026-06-18,1000,2.531222407,0.7421,10.8411,10.7,11.86
000050:20260617:914,000050,2026-06-18,0945,1.4310170837,3.7199,3.5556,8.8,9.12
000050:20260617:914,000050,2026-06-18,1000,1.6498515243,3.9387,3.7778,8.78,9.12
002927:20260616:2224,002927,2026-06-18,0945,0.3856571133,1.9248,2.6827,21.4,21.98
002927:20260616:2224,002927,2026-06-18,1000,0.7739792208,1.9248,8.3256,21.4,23.2
002346:20260616:1801,002346,2026-06-18,0945,0.5837904586,0.3819,3.2,18.4,19.0
002346:20260616:1801,002346,2026-06-18,1000,0.6887892927,0.3273,3.8933,18.27,19.0
002830:20260612:1676,002830,2026-06-18,0945,1.2139611361,7.6818,7.3038,13.58,14.65
002830:20260612:1676,002830,2026-06-18,1000,0.9162407688,7.6818,7.3038,13.58,14.65
002317:20260618:2290,002317,2026-06-22,0945,3.0482799351,7.8603,7.4271,21.1,22.78
002317:20260618:2290,002317,2026-06-22,1000,2.7615509395,7.8603,7.4271,21.1,22.78
002442:20260618:548,002442,2026-06-22,0945,1.3793241385,4.1971,4.3796,5.25,5.49
002442:20260618:548,002442,2026-06-22,1000,1.2422037849,4.1971,4.3796,5.25,5.49
603127:20260618:3566,603127,2026-06-22,0945,4.051701871,3.1408,3.5684,34.54,35.79
603127:20260618:3566,603127,2026-06-22,1000,1.9843877552,3.281,3.7111,34.49,35.79
603929:20260617:23218,603929,2026-06-22,0945,0.6470541791,1.1693,4.2908,213.0,222.22
603929:20260617:23218,603929,2026-06-22,1000,0.5617699121,1.6286,4.7515,212.01,222.22
600026:20260617:1969,600026,2026-06-22,0945,0.7797615785,3.886,5.483,18.55,19.6
600026:20260617:1969,600026,2026-06-22,1000,0.8966279947,3.886,6.7885,18.55,19.85
601872:20260622:1885,601872,2026-06-23,0945,1.2446988232,0.2653,4.2717,18.9,19.73
601872:20260622:1885,601872,2026-06-23,1000,1.18411057,0.2653,5.5069,18.9,19.97
000833:20260622:2413,000833,2026-06-23,0945,3.2031668729,0.0,3.895,24.13,25.08
000833:20260622:2413,000833,2026-06-23,1000,3.2113260915,0.0,5.0841,24.13,25.37
002885:20260622:4687,002885,2026-06-23,0945,0.7470541805,4.6512,3.4211,44.69,46.25
002885:20260622:4687,002885,2026-06-23,1000,0.8836108981,4.6512,3.4211,44.69,46.25
002392:20260618:881,002392,2026-06-23,0945,0.6977281265,1.199,4.1766,8.24,8.59
002392:20260618:881,002392,2026-06-23,1000,0.6999319474,1.199,4.1766,8.24,8.59
603629:20260622:19424,603629,2026-06-23,0945,1.041165947,2.4403,6.3586,189.5,201.9
603629:20260622:19424,603629,2026-06-23,1000,1.1079616525,4.757,8.6662,185.0,201.9
002601:20260622:1703,002601,2026-06-23,0945,0.6759381161,1.8203,4.4237,16.72,17.48
002601:20260622:1703,002601,2026-06-23,1000,0.7229722961,1.8203,4.4237,16.72,17.48
002440:20260622:1099,002440,2026-06-23,0945,1.4779261748,0.182,4.6429,10.97,11.49
002440:20260622:1099,002440,2026-06-23,1000,1.4133793025,0.182,4.6429,10.97,11.49
600488:20260623:497,600488,2026-06-24,0945,1.5323460008,4.2254,8.2136,4.76,5.16
600488:20260623:497,600488,2026-06-24,1000,1.5685769629,4.2254,11.7043,4.76,5.33
600531:20260622:1481,600531,2026-06-24,0945,0.6315364141,0.0,6.7568,14.44,15.44
600531:20260622:1481,600531,2026-06-24,1000,0.6427279746,0.0,6.7568,14.44,15.44
002728:20260623:882,002728,2026-06-24,0945,1.7569861801,1.8141,4.7727,8.66,9.08
002728:20260623:882,002728,2026-06-24,1000,2.4431073559,1.8141,6.7045,8.66,9.25
000756:20260623:1344,000756,2026-06-24,0945,3.5972473652,4.1667,5.5437,14.0,14.78
000756:20260623:1344,000756,2026-06-24,1000,4.2670416123,4.1667,5.5437,14.0,14.78
600708:20260623:329,600708,2026-06-24,0945,1.9927146609,3.0395,6.7073,3.19,3.41
600708:20260623:329,600708,2026-06-24,1000,1.8466376277,3.0395,6.7073,3.19,3.41
603661:20260622:3573,603661,2026-06-24,0945,0.4167249596,5.4852,4.8433,33.6,35.3
603661:20260622:3573,603661,2026-06-24,1000,0.5118969983,6.526,5.8974,33.23,35.3
002963:20260622:2144,002963,2026-06-24,0945,0.4436747825,1.5349,6.7548,21.17,22.6
002963:20260622:2144,002963,2026-06-24,1000,0.4605249687,1.5349,6.8493,21.17,22.62
603630:20260623:1425,603630,2026-06-24,0945,4.3155195282,3.2281,2.8329,13.79,14.19
603630:20260623:1425,603630,2026-06-24,1000,3.380149855,4.2105,3.8244,13.65,14.19
001206:20260623:1854,001206,2026-06-24,0945,3.3220516332,2.9126,5.3341,18.0,18.99
001206:20260623:1854,001206,2026-06-24,1000,1.7124072039,2.9126,5.3341,18.0,18.99
603588:20260622:1761,603588,2026-06-24,0945,0.5229432886,2.0285,5.8338,17.87,18.93
603588:20260622:1761,603588,2026-06-24,1000,0.5103002315,2.0285,5.8338,17.87,18.93
002549:20260623:1867,002549,2026-06-24,0945,1.2901486638,0.9106,5.3609,18.5,19.51
002549:20260623:1867,002549,2026-06-24,1000,1.6011168574,0.9106,6.2633,18.5,19.68
600058:20260622:1131,600058,2026-06-24,0945,0.4333310659,1.9337,2.6852,10.65,10.94
600058:20260622:1131,600058,2026-06-24,1000,0.4941416705,2.3941,3.1481,10.6,10.94
002910:20260622:1282,002910,2026-06-24,0945,0.9200281873,2.9046,4.5719,11.7,12.25
002910:20260622:1282,002910,2026-06-24,1000,0.913816709,2.9046,4.5719,11.7,12.25
600234:20260622:3034,600234,2026-06-24,0945,0.4439005028,2.557,4.9709,28.2,29.65
600234:20260622:3034,600234,2026-06-24,1000,0.4240150979,2.9026,5.3137,28.1,29.65
002370:20260623:541,002370,2026-06-24,0945,2.0007415014,3.1423,8.2117,5.24,5.69
002370:20260623:541,002370,2026-06-24,1000,2.8933332239,3.1423,10.7664,5.24,5.83
605369:20260623:1694,605369,2026-06-24,0945,2.7142122226,1.9481,6.8946,16.61,17.84
605369:20260623:1694,605369,2026-06-24,1000,2.321338533,1.9481,6.8946,16.61,17.84
002038:20260623:554,002038,2026-06-24,0945,2.2106915637,2.5271,11.0307,5.4,6.01
002038:20260623:554,002038,2026-06-24,1000,2.7513769908,2.5271,12.4774,5.4,6.09
603318:20260623:1169,603318,2026-06-25,0945,0.8960422281,9.981,5.5094,9.47,10.0
603318:20260623:1169,603318,2026-06-25,1000,1.2050254944,9.981,5.5094,9.47,10.0
002427:20260624:474,002427,2026-06-25,0945,2.3180344358,4.2194,3.8961,4.54,4.72
002427:20260624:474,002427,2026-06-25,1000,1.021607202,4.4304,4.1126,4.53,4.72
603203:20260624:7014,603203,2026-06-25,0945,1.5913446292,1.7394,5.2888,68.92,72.72
603203:20260624:7014,603203,2026-06-25,1000,1.632072603,1.7394,5.2888,68.92,72.72
605300:20260625:943,605300,2026-06-26,0945,1.546021793,2.439,5.2632,9.2,9.7
605300:20260625:943,605300,2026-06-26,1000,1.724528363,3.0753,5.8947,9.14,9.7
603297:20260624:13289,603297,2026-06-26,0945,0.7690538261,1.2719,4.0915,129.63,134.98
603297:20260624:13289,603297,2026-06-26,1000,0.8396318778,1.2719,4.0915,129.63,134.98
600539:20260626:1432,600539,2026-06-29,0945,0.6482168041,7.1229,11.0335,13.3,14.88
600539:20260626:1432,600539,2026-06-29,1000,0.7449219721,7.1229,11.0335,13.3,14.88
002518:20260625:5443,002518,2026-06-29,0945,0.4212669324,3.1827,3.1984,49.28,50.9
002518:20260625:5443,002518,2026-06-29,1000,0.5689712896,4.6562,4.6792,48.53,50.9
002497:20260624:2360,002497,2026-06-29,0945,1.4919966081,3.7019,4.6987,19.25,20.17
002497:20260624:2360,002497,2026-06-29,1000,2.1615202283,6.4532,7.5077,18.7,20.17
600118:20260626:7777,600118,2026-06-29,0945,3.7315662107,3.6518,4.5769,74.93,78.5
600118:20260626:7777,600118,2026-06-29,1000,2.9964845158,3.6518,4.5769,74.93,78.5
603063:20260625:5517,603063,2026-06-29,0945,0.4494469206,2.9214,4.736,50.51,52.95
603063:20260625:5517,603063,2026-06-29,1000,0.5093017373,3.1328,4.9495,50.4,52.95
603318:20260629:969,603318,2026-06-30,0945,0.6582134645,7.0175,6.2165,9.01,9.59
603318:20260629:969,603318,2026-06-30,1000,0.7506218358,7.4303,6.6452,8.97,9.59
002728:20260629:880,002728,2026-06-30,0945,4.7017334808,0.0,4.2458,8.8,9.18
002728:20260629:880,002728,2026-06-30,1000,1.877512108,0.0,4.2458,8.8,9.18
002370:20260629:537,002370,2026-06-30,0945,4.7331086601,1.1173,5.5556,5.31,5.61
002370:20260629:537,002370,2026-06-30,1000,2.6964206193,1.1173,5.5556,5.31,5.61
002038:20260629:558,002038,2026-06-30,0945,4.249428694,0.5376,5.9859,5.61,5.95
002038:20260629:558,002038,2026-06-30,1000,2.872534045,0.5376,5.9859,5.61,5.95
001270:20260626:13943,001270,2026-06-30,0945,0.5942974194,2.433,3.6065,149.58,155.17
001270:20260626:13943,001270,2026-06-30,1000,0.6625302407,2.433,3.6065,149.58,155.17
002693:20260629:911,002693,2026-06-30,0945,1.5376807579,1.0977,4.6563,9.01,9.43
002693:20260629:911,002693,2026-06-30,1000,1.4609401812,1.0977,4.6563,9.01,9.43
002915:20260629:2034,002915,2026-06-30,0945,0.6957867653,3.6382,4.25,19.6,20.45
002915:20260629:2034,002915,2026-06-30,1000,0.624340191,3.6382,4.25,19.6,20.45
600516:20260625:677,600516,2026-06-30,0945,1.3333017853,1.7153,7.2414,5.73,6.15
600516:20260625:677,600516,2026-06-30,1000,0.6952261259,1.7153,7.2414,5.73,6.15
000756:20260629:1359,000756,2026-06-30,0945,3.6317107204,0.9566,4.1605,13.46,14.02
000756:20260629:1359,000756,2026-06-30,1000,1.8339184784,0.9566,4.1605,13.46,14.02
002910:20260626:1227,002910,2026-06-30,0945,0.7669736776,2.1739,8.5145,10.8,11.74
002910:20260626:1227,002910,2026-06-30,1000,0.8493916326,2.1739,8.5145,10.8,11.74
603477:20260629:1455,603477,2026-06-30,0945,2.0959735475,2.1306,3.931,14.24,14.81
603477:20260629:1455,603477,2026-06-30,1000,1.8025792244,2.1306,4.8276,14.24,14.94
600488:20260629:484,600488,2026-07-01,0945,0.4250186996,2.6915,3.3126,4.7,4.86
600488:20260629:484,600488,2026-07-01,1000,0.4753415814,2.8986,3.5197,4.69,4.86
002472:20260630:4151,002472,2026-07-01,0945,2.7674291581,1.3009,3.8616,42.05,43.68
002472:20260630:4151,002472,2026-07-01,1000,2.1774093449,1.3009,3.8616,42.05,43.68
002805:20260630:2859,002805,2026-07-01,0945,1.1446923283,4.1623,4.8466,27.4,28.79
002805:20260630:2859,002805,2026-07-01,1000,1.418568681,4.1623,4.8466,27.4,28.79
603717:20260623:679,603717,2026-07-01,0945,2.1037033206,1.5544,5.059,5.88,6.18
603717:20260623:679,603717,2026-07-01,1000,2.5734240029,0.8636,7.5885,5.84,6.29
002615:20260630:690,002615,2026-07-01,0945,0.8398005074,2.8986,3.8737,6.7,6.97
002615:20260630:690,002615,2026-07-01,1000,0.9117223411,3.0435,4.1607,6.69,6.98
001215:20260626:3917,001215,2026-07-01,0945,0.9775262332,3.1707,4.4015,35.73,37.37
001215:20260626:3917,001215,2026-07-01,1000,1.0328270456,3.1707,4.4015,35.73,37.37
601882:20260630:2023,601882,2026-07-01,0945,2.9183151812,0.0,3.1707,20.23,20.88
601882:20260630:2023,601882,2026-07-01,1000,2.6710867472,0.0,3.1707,20.23,20.88
600846:20260630:1000,600846,2026-07-01,0945,3.3859986838,0.0,5.5,10.0,10.55
600846:20260630:1000,600846,2026-07-01,1000,3.6667560947,0.0,6.9,10.0,10.69
603211:20260630:3551,603211,2026-07-02,0945,0.5546942027,3.0157,4.8451,32.16,33.74
603211:20260630:3551,603211,2026-07-02,1000,0.4832605242,3.0157,4.8451,32.16,33.74
603118:20260630:1211,603118,2026-07-02,0945,0.5889913339,3.1535,2.5941,11.67,11.98
603118:20260630:1211,603118,2026-07-02,1000,0.625308386,3.6515,3.0962,11.61,11.98
002403:20260701:981,002403,2026-07-02,0945,1.1016131583,1.9368,3.996,9.62,10.02
002403:20260701:981,002403,2026-07-02,1000,0.8282918547,1.9368,3.996,9.62,10.02
000938:20260630:2886,000938,2026-07-02,0945,0.4127617433,4.1096,4.0439,28.7,29.88
000938:20260630:2886,000938,2026-07-02,1000,0.4508326264,4.1096,4.0439,28.7,29.88
002903:20260630:4542,002903,2026-07-02,0945,0.3979519627,3.6384,3.6061,42.11,43.67
002903:20260630:4542,002903,2026-07-02,1000,0.4242731616,3.8902,3.8604,42.0,43.67
600661:20260701:760,600661,2026-07-02,0945,1.1904293464,2.5,3.8564,7.41,7.7
600661:20260701:760,600661,2026-07-02,1000,1.5985981211,2.5,5.5851,7.41,7.83
002442:20260701:542,002442,2026-07-02,0945,2.2943000437,2.3985,4.8689,5.29,5.55
002442:20260701:542,002442,2026-07-02,1000,1.7774117761,2.3985,5.0562,5.29,5.56
605300:20260629:1035,605300,2026-07-02,0945,0.4293627573,2.452,3.3659,9.15,9.46
605300:20260629:1035,605300,2026-07-02,1000,0.567870649,2.452,4.6688,9.15,9.58
605018:20260630:1491,605018,2026-07-02,0945,0.5858628651,0.7666,3.1579,14.24,14.69
605018:20260630:1491,605018,2026-07-02,1000,0.6771494475,0.7666,4.2105,14.24,14.84
603615:20260701:1777,603615,2026-07-02,0945,5.9897163636,0.0,5.7606,17.77,18.8
603615:20260701:1777,603615,2026-07-02,1000,2.8961354454,0.0,6.0962,17.77,18.86
002124:20260701:232,002124,2026-07-03,0945,0.3156062344,0.4367,2.5751,2.28,2.34
002124:20260701:232,002124,2026-07-03,1000,0.4006752102,0.4367,2.5751,2.28,2.34
002931:20260702:7128,002931,2026-07-03,0945,1.5595794672,2.4411,6.6266,69.54,74.28
002931:20260702:7128,002931,2026-07-03,1000,1.5571378925,2.4411,8.6957,69.54,75.76
605111:20260630:9914,605111,2026-07-03,0945,0.6146331271,3.4421,4.5728,80.51,84.31
605111:20260630:9914,605111,2026-07-03,1000,0.5992236059,3.634,4.7653,80.35,84.31
600975:20260701:474,600975,2026-07-03,0945,0.4357453946,1.6878,3.3898,4.66,4.82
600975:20260701:474,600975,2026-07-03,1000,0.4853923755,1.6878,3.3898,4.66,4.82
002392:20260702:878,002392,2026-07-03,0945,4.7141479434,3.0752,5.6009,8.51,8.99
002392:20260702:878,002392,2026-07-03,1000,2.4547716598,3.0752,5.6009,8.51,8.99
002440:20260701:1128,002440,2026-07-03,0945,0.7364951591,3.5422,4.9046,10.62,11.16
002440:20260701:1128,002440,2026-07-03,1000,0.8225722372,4.9046,6.267,10.47,11.16
003030:20260702:2244,003030,2026-07-03,0945,1.5157319574,0.1783,4.3767,22.4,23.39
003030:20260702:2244,003030,2026-07-03,1000,1.7630828187,0.1783,4.3767,22.4,23.39
002607:20260701:198,002607,2026-07-03,0945,0.4865404919,0.5208,3.6082,1.93,2.0
002607:20260701:198,002607,2026-07-03,1000,0.5215574478,0.5208,4.6392,1.91,2.0
600449:20260702:1239,600449,2026-07-03,0945,6.3336836574,1.2914,5.3659,12.23,12.89
600449:20260702:1239,600449,2026-07-03,1000,7.0414750014,1.2914,7.7236,12.23,13.18
000876:20260701:690,000876,2026-07-03,0945,0.4475149173,0.5831,2.6163,6.82,7.0
000876:20260701:690,000876,2026-07-03,1000,0.5028345591,1.1662,3.1977,6.78,7.0
002842:20260702:5017,002842,2026-07-06,0945,0.4808319931,2.5471,2.8895,44.0,45.3
002842:20260702:5017,002842,2026-07-06,1000,0.6329070567,4.7619,5.1122,43.0,45.3
002693:20260702:1067,002693,2026-07-06,0945,0.5022125067,2.7397,4.5908,9.94,10.4
002693:20260702:1067,002693,2026-07-06,1000,0.5992235074,3.5225,5.3892,9.86,10.4
002427:20260702:530,002427,2026-07-06,0945,0.7899324648,1.2121,6.25,4.89,5.2
002427:20260702:530,002427,2026-07-06,1000,0.6786382851,1.2121,6.25,4.89,5.2
002518:20260630:5359,002518,2026-07-06,0945,1.3903238669,1.1925,4.8525,47.23,49.55
002518:20260630:5359,002518,2026-07-06,1000,1.3726836821,1.1925,5.3545,47.23,49.79
000593:20260706:2466,000593,2026-07-07,0945,1.0480596196,0.6488,8.9764,24.5,26.78
000593:20260706:2466,000593,2026-07-07,1000,1.2857459194,5.515,13.7008,23.3,26.78
603118:20260706:1342,603118,2026-07-07,0945,2.438367406,4.5455,4.0217,12.81,13.33
603118:20260706:1342,603118,2026-07-07,1000,2.9289760939,4.5455,5.8778,12.81,13.57
001270:20260703:16332,001270,2026-07-07,0945,1.1426351548,0.5897,7.8276,160.33,172.88
001270:20260703:16332,001270,2026-07-07,1000,0.7745010213,0.5897,7.8276,160.33,172.88
002472:20260703:4701,002472,2026-07-08,0945,0.8878063608,6.8268,6.8313,41.9,44.97
002472:20260703:4701,002472,2026-07-08,1000,0.9463384408,7.0936,7.0984,41.78,44.97
002129:20260707:1102,002129,2026-07-08,0945,2.76489339,3.2668,6.7376,10.66,11.42
002129:20260707:1102,002129,2026-07-08,1000,1.6693249769,4.6279,8.0674,10.51,11.42
603020:20260706:1469,603020,2026-07-08,0945,0.9029625873,2.7988,7.3152,12.85,13.79
603020:20260706:1469,603020,2026-07-08,1000,1.007168573,2.7988,8.7938,12.85,13.98
001206:20260707:1954,001206,2026-07-08,0945,2.4259409511,1.6888,5.9031,19.21,20.38
001206:20260707:1954,001206,2026-07-08,1000,1.4560172392,1.6888,10.2422,19.21,21.24
603477:20260706:1673,603477,2026-07-08,0945,0.5702081923,4.2042,5.036,15.95,16.79
603477:20260706:1673,603477,2026-07-08,1000,0.6440499595,4.2042,5.036,15.95,16.79
002585:20260707:1137,002585,2026-07-27,0945,0.627902439,1.5894,2.9216,7.43,7.65
002585:20260707:1137,002585,2026-07-27,1000,1.2876956061,1.5894,6.5073,7.43,7.92
603065:20260707:2025,603065,2026-07-27,0945,1.3122125549,8.7075,7.6056,13.42,14.5
603065:20260707:2025,603065,2026-07-27,1000,1.0554594526,8.7075,8.662,13.42,14.65
002642:20260708:670,002642,2026-07-27,0945,0.6821709683,1.5601,2.9688,6.31,6.5
002642:20260708:670,002642,2026-07-27,1000,0.6572916781,1.5601,3.75,6.31,6.55
002403:20260706:1178,002403,2026-07-27,0945,0.777030141,0.7624,1.5248,7.81,7.93
002403:20260706:1178,002403,2026-07-27,1000,1.1085858586,0.7624,3.5578,7.81,8.09
000892:20260706:376,000892,2026-07-27,0945,0.7280366807,2.3411,4.4068,2.92,3.05
000892:20260706:376,000892,2026-07-27,1000,0.9343651899,2.3411,4.7458,2.92,3.06
601369:20260626:905,601369,2026-07-27,0945,1.3221554191,3.3822,3.6364,8.57,8.89
601369:20260626:905,601369,2026-07-27,1000,1.0747180723,3.3822,3.6364,8.57,8.89
002051:20260727:905,002051,2026-07-28,0945,0.8362344856,1.768,4.1989,8.89,9.27
002051:20260727:905,002051,2026-07-28,1000,1.0021256406,1.8785,4.3094,8.88,9.27
603988:20260727:1804,603988,2026-07-28,0945,0.9737793089,3.1596,5.2691,17.47,18.4
603988:20260727:1804,603988,2026-07-28,1000,0.9542752855,3.1596,5.2691,17.47,18.4
603661:20260708:4267,603661,2026-07-28,0945,1.0421118793,1.9355,2.2182,27.36,27.97
603661:20260708:4267,603661,2026-07-28,1000,1.0656370656,1.9355,2.2182,27.36,27.97
603315:20260727:1203,603315,2026-07-28,0945,1.7015345352,0.5819,4.8841,11.96,12.55
603315:20260727:1203,603315,2026-07-28,1000,0.9141543831,0.5819,4.8841,11.96,12.55
603955:20260727:1862,603955,2026-07-28,0945,0.8014640243,1.9334,3.2311,18.26,18.85
603955:20260727:1862,603955,2026-07-28,1000,0.8446690652,1.9334,4.7097,18.26,19.12
002292:20260727:776,002292,2026-07-28,0945,4.920409112,0.5155,4.6272,7.72,8.08
002292:20260727:776,002292,2026-07-28,1000,2.5528290899,0.5155,4.7558,7.72,8.09
002490:20260708:697,002490,2026-07-28,0945,1.664370596,4.3836,3.9886,6.98,7.26
002490:20260708:697,002490,2026-07-28,1000,1.7970049211,4.3836,3.9886,6.98,7.26
002910:20260708:1287,002910,2026-07-28,0945,1.3055494198,1.1125,3.6205,8.0,8.29
002910:20260708:1287,002910,2026-07-28,1000,1.2376433247,1.1125,3.6205,8.0,8.29
002174:20260727:1134,002174,2026-07-28,0945,3.1418312916,1.4991,2.9359,11.17,11.5
002174:20260727:1134,002174,2026-07-28,1000,1.6354964656,1.4991,2.9359,11.17,11.5
003030:20260727:2261,003030,2026-07-28,0945,1.5720592769,1.7691,3.6761,22.21,23.05
003030:20260727:2261,003030,2026-07-28,1000,1.5259333848,1.7691,4.2451,22.21,23.18
603630:20260727:1443,603630,2026-07-28,0945,1.8521073706,0.2079,3.6351,14.46,14.99
603630:20260727:1443,603630,2026-07-28,1000,1.397888778,0.2079,3.6351,14.46,14.99
600667:20260727:1792,600667,2026-07-28,0945,2.3697643873,0.2232,8.7612,17.88,19.45
600667:20260727:1792,600667,2026-07-28,1000,1.4063224077,0.2232,8.7612,17.88,19.45
