episode_id,symbol,anchor_date,candidate_date,frozen_pattern_3d,recomputed_pattern_3d,frozen_outcome_3d,recomputed_outcome_3d,frozen_outcome_reason,recomputed_outcome_reason,s1_price,invalid_price,first_s1_touch_date,first_invalid_touch_date,conflict_class,candidate_row_reconciliation_status,event_row_reconciliation_status,feature_snapshot_id,feature_snapshot_hash,episode_snapshot_id
601236:20240709:662,601236,2024-07-09,2024-07-10,S1_BEFORE_INVALID,S1_BEFORE_INVALID,UNKNOWN,FAILED_BREAKOUT,S1_BEFORE_INVALID flagged but no S1-touch bar found,FAILED_ACCEPTANCE: S1 touched but close 6.72 < S1 6.87,6.87,6.31,2024-07-11,,S1_TOUCH_RESOLUTION_CHANGED,CONFIRMED,CONFIRMED,snap-2026-07-31-b5f84004de8a,e7243dee3bafe46e725e2b6ee884b07ac97a01c0705b41df0562d35019593514,snap-2026-07-31-b5f84004de8a
603030:20240711:202,603030,2024-07-11,2024-07-12,S1_BEFORE_INVALID,S1_BEFORE_INVALID,UNKNOWN,FAILED_BREAKOUT,S1_BEFORE_INVALID flagged but no S1-touch bar found,FAILED_ACCEPTANCE: S1 touched but close 2.08 < S1 2.29,2.29,1.98,2024-07-15,2024-07-16,S1_TOUCH_RESOLUTION_CHANGED,CONFIRMED,CONFIRMED,snap-2026-07-31-b5f84004de8a,e7243dee3bafe46e725e2b6ee884b07ac97a01c0705b41df0562d35019593514,snap-2026-07-31-b5f84004de8a
603375:20240809:4044,603375,2024-08-09,2024-08-13,S1_BEFORE_INVALID,S1_BEFORE_INVALID,UNKNOWN,FAILED_BREAKOUT,S1_BEFORE_INVALID flagged but no S1-touch bar found,FAILED_ACCEPTANCE: S1 touched but close 40.56 < S1 43.20,43.2,40.24,2024-08-14,2024-08-15,S1_TOUCH_RESOLUTION_CHANGED,CONFIRMED,CONFIRMED,snap-2026-07-31-b5f84004de8a,e7243dee3bafe46e725e2b6ee884b07ac97a01c0705b41df0562d35019593514,snap-2026-07-31-b5f84004de8a
603778:20241014:345,603778,2024-10-14,2024-10-16,S1_BEFORE_INVALID,S1_BEFORE_INVALID,SUCCESS,FAILED_BREAKOUT,S1 first + close>=S1 + volume>=signal-day volume,FAILED_ACCEPTANCE: S1 touched but close 3.41 < S1 3.52,3.52,3.3,2024-10-17,,ACCEPTANCE_CHANGED,CONFIRMED,CONFIRMED,snap-2026-07-31-b5f84004de8a,e7243dee3bafe46e725e2b6ee884b07ac97a01c0705b41df0562d35019593514,snap-2026-07-31-b5f84004de8a
601399:20241028:348,601399,2024-10-28,2024-10-30,S1_BEFORE_INVALID,S1_BEFORE_INVALID,UNKNOWN,FAILED_BREAKOUT,S1_BEFORE_INVALID flagged but no S1-touch bar found,FAILED_ACCEPTANCE: S1 touched but close 3.49 < S1 3.60,3.6,3.3,2024-10-31,,S1_TOUCH_RESOLUTION_CHANGED,CONFIRMED,CONFIRMED,snap-2026-07-31-b5f84004de8a,e7243dee3bafe46e725e2b6ee884b07ac97a01c0705b41df0562d35019593514,snap-2026-07-31-b5f84004de8a
000839:20241028:347,000839,2024-10-28,2024-10-30,S1_BEFORE_INVALID,S1_BEFORE_INVALID,UNKNOWN,FAILED_BREAKOUT,S1_BEFORE_INVALID flagged but no S1-touch bar found,FAILED_ACCEPTANCE: S1 touched but close 3.44 < S1 3.79,3.79,3.23,2024-11-01,,S1_TOUCH_RESOLUTION_CHANGED,CONFIRMED,CONFIRMED,snap-2026-07-31-b5f84004de8a,e7243dee3bafe46e725e2b6ee884b07ac97a01c0705b41df0562d35019593514,snap-2026-07-31-b5f84004de8a
002242:20241104:1100,002242,2024-11-04,2024-11-05,S1_BEFORE_INVALID,S1_BEFORE_INVALID,UNKNOWN,FAILED_BREAKOUT,S1_BEFORE_INVALID flagged but no S1-touch bar found,FAILED_ACCEPTANCE: S1 touched but close 11.61 < S1 11.90,11.9,10.95,2024-11-08,,S1_TOUCH_RESOLUTION_CHANGED,CONFIRMED,CONFIRMED,snap-2026-07-31-b5f84004de8a,e7243dee3bafe46e725e2b6ee884b07ac97a01c0705b41df0562d35019593514,snap-2026-07-31-b5f84004de8a
600935:20241202:293,600935,2024-12-02,2024-12-04,S1_BEFORE_INVALID,S1_BEFORE_INVALID,UNKNOWN,FAILED_BREAKOUT,S1_BEFORE_INVALID flagged but no S1-touch bar found,FAILED_ACCEPTANCE: S1 touched but close 3.03 < S1 3.10,3.1,2.81,2024-12-06,,S1_TOUCH_RESOLUTION_CHANGED,CONFIRMED,CONFIRMED,snap-2026-07-31-b5f84004de8a,e7243dee3bafe46e725e2b6ee884b07ac97a01c0705b41df0562d35019593514,snap-2026-07-31-b5f84004de8a
603067:20250211:1411,603067,2025-02-11,2025-02-14,S1_BEFORE_INVALID,S1_BEFORE_INVALID,UNKNOWN,FAILED_BREAKOUT,S1_BEFORE_INVALID flagged but no S1-touch bar found,FAILED_ACCEPTANCE: S1 touched but close 15.23 < S1 15.38,15.38,14.04,2025-02-19,,S1_TOUCH_RESOLUTION_CHANGED,CONFIRMED,CONFIRMED,snap-2026-07-31-b5f84004de8a,e7243dee3bafe46e725e2b6ee884b07ac97a01c0705b41df0562d35019593514,snap-2026-07-31-b5f84004de8a
600280:20250425:366,600280,2025-04-25,2025-04-29,S1_BEFORE_INVALID,S1_BEFORE_INVALID,UNKNOWN,FAILED_BREAKOUT,S1_BEFORE_INVALID flagged but no S1-touch bar found,FAILED_ACCEPTANCE: S1 touched but close 3.51 < S1 3.56,3.56,3.18,2025-05-07,,S1_TOUCH_RESOLUTION_CHANGED,CONFIRMED,CONFIRMED,snap-2026-07-31-b5f84004de8a,e7243dee3bafe46e725e2b6ee884b07ac97a01c0705b41df0562d35019593514,snap-2026-07-31-b5f84004de8a
002010:20250718:652,002010,2025-07-18,2025-07-22,S1_BEFORE_INVALID,S1_BEFORE_INVALID,UNKNOWN,FAILED_BREAKOUT,S1_BEFORE_INVALID flagged but no S1-touch bar found,FAILED_ACCEPTANCE: S1 touched but close 6.50 < S1 6.66,6.66,6.09,2025-07-24,,S1_TOUCH_RESOLUTION_CHANGED,CONFIRMED,CONFIRMED,snap-2026-07-31-b5f84004de8a,e7243dee3bafe46e725e2b6ee884b07ac97a01c0705b41df0562d35019593514,snap-2026-07-31-b5f84004de8a
601975:20250908:336,601975,2025-09-08,2025-09-09,S1_BEFORE_INVALID,S1_BEFORE_INVALID,UNKNOWN,FAILED_BREAKOUT,S1_BEFORE_INVALID flagged but no S1-touch bar found,FAILED_ACCEPTANCE: S1 touched but close 3.28 < S1 3.47,3.47,3.08,2025-09-12,,S1_TOUCH_RESOLUTION_CHANGED,CONFIRMED,CONFIRMED,snap-2026-07-31-b5f84004de8a,e7243dee3bafe46e725e2b6ee884b07ac97a01c0705b41df0562d35019593514,snap-2026-07-31-b5f84004de8a
600246:20251113:1197,600246,2025-11-13,2025-11-17,S1_BEFORE_INVALID,S1_BEFORE_INVALID,UNKNOWN,FAILED_BREAKOUT,S1_BEFORE_INVALID flagged but no S1-touch bar found,FAILED_ACCEPTANCE: S1 touched but close 12.32 < S1 12.80,12.8,11.91,2025-11-18,2025-11-19,S1_TOUCH_RESOLUTION_CHANGED,CONFIRMED,CONFIRMED,snap-2026-07-31-b5f84004de8a,e7243dee3bafe46e725e2b6ee884b07ac97a01c0705b41df0562d35019593514,snap-2026-07-31-b5f84004de8a
000045:20260121:1364,000045,2026-01-21,2026-01-23,INVALID_BEFORE_S1,NEITHER,STRUCTURE_FAIL,NO_LAUNCH,invalid first within 3 sessions,no S1 and no invalid touch within 3 sessions,14.42,12.99,,,PATTERN_CHANGED,CONFIRMED,,snap-2026-07-31-b5f84004de8a,e7243dee3bafe46e725e2b6ee884b07ac97a01c0705b41df0562d35019593514,snap-2026-07-31-b5f84004de8a
002890:20260121:1628,002890,2026-01-21,2026-01-23,INVALID_BEFORE_S1,S1_BEFORE_INVALID,STRUCTURE_FAIL,FAILED_BREAKOUT,invalid first within 3 sessions,FAILED_EXPANSION: S1 close accepted but volume < signal-day volume,16.99,15.57,2026-01-28,,PATTERN_CHANGED,CONFIRMED,PROVISIONAL,snap-2026-07-31-b5f84004de8a,e7243dee3bafe46e725e2b6ee884b07ac97a01c0705b41df0562d35019593514,snap-2026-07-31-b5f84004de8a
600732:20260123:1474,600732,2026-01-23,2026-01-27,AMBIGUOUS,INVALID_BEFORE_S1,UNKNOWN,STRUCTURE_FAIL,pattern_3d AMBIGUOUS (same-day S1/invalid order unknown),invalid first within 3 sessions,15.09,14.33,,2026-01-28,PATTERN_CHANGED,CONFIRMED,PROVISIONAL,snap-2026-07-31-b5f84004de8a,e7243dee3bafe46e725e2b6ee884b07ac97a01c0705b41df0562d35019593514,snap-2026-07-31-b5f84004de8a
600173:20260126:871,600173,2026-01-26,2026-01-27,INVALID_BEFORE_S1,NEITHER,STRUCTURE_FAIL,NO_LAUNCH,invalid first within 3 sessions,no S1 and no invalid touch within 3 sessions,10.16,7.95,,,PATTERN_CHANGED,CONFIRMED,,snap-2026-07-31-b5f84004de8a,e7243dee3bafe46e725e2b6ee884b07ac97a01c0705b41df0562d35019593514,snap-2026-07-31-b5f84004de8a
600589:20260126:1054,600589,2026-01-26,2026-01-27,S1_BEFORE_INVALID,INVALID_BEFORE_S1,UNKNOWN,STRUCTURE_FAIL,S1_BEFORE_INVALID flagged but no S1-touch bar found,invalid first within 3 sessions,11.87,10.49,,2026-01-28,PATTERN_CHANGED,CONFIRMED,PROVISIONAL,snap-2026-07-31-b5f84004de8a,e7243dee3bafe46e725e2b6ee884b07ac97a01c0705b41df0562d35019593514,snap-2026-07-31-b5f84004de8a
000607:20260123:504,000607,2026-01-23,2026-01-27,INVALID_BEFORE_S1,NEITHER,STRUCTURE_FAIL,NO_LAUNCH,invalid first within 3 sessions,no S1 and no invalid touch within 3 sessions,5.48,4.71,,,PATTERN_CHANGED,CONFIRMED,,snap-2026-07-31-b5f84004de8a,e7243dee3bafe46e725e2b6ee884b07ac97a01c0705b41df0562d35019593514,snap-2026-07-31-b5f84004de8a
600498:20260123:4182,600498,2026-01-23,2026-01-27,S1_BEFORE_INVALID,INVALID_BEFORE_S1,UNKNOWN,STRUCTURE_FAIL,S1_BEFORE_INVALID flagged but no S1-touch bar found,invalid first within 3 sessions,42.86,39.1,,2026-01-28,PATTERN_CHANGED,CONFIRMED,PROVISIONAL,snap-2026-07-31-b5f84004de8a,e7243dee3bafe46e725e2b6ee884b07ac97a01c0705b41df0562d35019593514,snap-2026-07-31-b5f84004de8a
001203:20260123:3315,001203,2026-01-23,2026-01-27,S1_BEFORE_INVALID,INVALID_BEFORE_S1,UNKNOWN,STRUCTURE_FAIL,S1_BEFORE_INVALID flagged but no S1-touch bar found,invalid first within 3 sessions,33.68,29.45,,2026-01-30,PATTERN_CHANGED,CONFIRMED,PROVISIONAL,snap-2026-07-31-b5f84004de8a,e7243dee3bafe46e725e2b6ee884b07ac97a01c0705b41df0562d35019593514,snap-2026-07-31-b5f84004de8a
002780:20260123:1672,002780,2026-01-23,2026-01-27,S1_BEFORE_INVALID,INVALID_BEFORE_S1,UNKNOWN,STRUCTURE_FAIL,S1_BEFORE_INVALID flagged but no S1-touch bar found,invalid first within 3 sessions,15.41,14.43,,2026-01-29,PATTERN_CHANGED,CONFIRMED,PROVISIONAL,snap-2026-07-31-b5f84004de8a,e7243dee3bafe46e725e2b6ee884b07ac97a01c0705b41df0562d35019593514,snap-2026-07-31-b5f84004de8a
600118:20260123:10890,600118,2026-01-23,2026-01-27,INVALID_BEFORE_S1,NEITHER,STRUCTURE_FAIL,NO_LAUNCH,invalid first within 3 sessions,no S1 and no invalid touch within 3 sessions,127.77,88.57,,,PATTERN_CHANGED,CONFIRMED,,snap-2026-07-31-b5f84004de8a,e7243dee3bafe46e725e2b6ee884b07ac97a01c0705b41df0562d35019593514,snap-2026-07-31-b5f84004de8a
002088:20260123:1287,002088,2026-01-23,2026-01-27,INVALID_BEFORE_S1,NEITHER,STRUCTURE_FAIL,NO_LAUNCH,invalid first within 3 sessions,no S1 and no invalid touch within 3 sessions,13.93,12.8,,,PATTERN_CHANGED,CONFIRMED,,snap-2026-07-31-b5f84004de8a,e7243dee3bafe46e725e2b6ee884b07ac97a01c0705b41df0562d35019593514,snap-2026-07-31-b5f84004de8a
001400:20260123:12157,001400,2026-01-23,2026-01-27,S1_BEFORE_INVALID,INVALID_BEFORE_S1,UNKNOWN,STRUCTURE_FAIL,S1_BEFORE_INVALID flagged but no S1-touch bar found,invalid first within 3 sessions,124.95,104.04,,2026-01-28,PATTERN_CHANGED,CONFIRMED,PROVISIONAL,snap-2026-07-31-b5f84004de8a,e7243dee3bafe46e725e2b6ee884b07ac97a01c0705b41df0562d35019593514,snap-2026-07-31-b5f84004de8a
000703:20260323:1184,000703,2026-03-23,2026-03-24,S1_BEFORE_INVALID,S1_BEFORE_INVALID,UNKNOWN,FAILED_BREAKOUT,S1_BEFORE_INVALID flagged but no S1-touch bar found,FAILED_ACCEPTANCE: S1 touched but close 12.59 < S1 13.07,13.07,11.78,2026-03-26,,S1_TOUCH_RESOLUTION_CHANGED,CONFIRMED,CONFIRMED,snap-2026-07-31-b5f84004de8a,e7243dee3bafe46e725e2b6ee884b07ac97a01c0705b41df0562d35019593514,snap-2026-07-31-b5f84004de8a
002316:20260324:520,002316,2026-03-24,2026-03-26,NEITHER,S1_BEFORE_INVALID,NO_LAUNCH,FAILED_BREAKOUT,no S1 and no invalid touch within 3 sessions,FAILED_ACCEPTANCE: S1 touched but close 5.67 < S1 5.86,5.86,5.17,2026-03-31,,PATTERN_CHANGED,CONFIRMED,PROVISIONAL,snap-2026-07-31-b5f84004de8a,e7243dee3bafe46e725e2b6ee884b07ac97a01c0705b41df0562d35019593514,snap-2026-07-31-b5f84004de8a
600191:20260325:1198,600191,2026-03-25,2026-03-26,INVALID_BEFORE_S1,NEITHER,STRUCTURE_FAIL,NO_LAUNCH,invalid first within 3 sessions,no S1 and no invalid touch within 3 sessions,12.94,11.92,,,PATTERN_CHANGED,CONFIRMED,,snap-2026-07-31-b5f84004de8a,e7243dee3bafe46e725e2b6ee884b07ac97a01c0705b41df0562d35019593514,snap-2026-07-31-b5f84004de8a
603217:20260326:2468,603217,2026-03-26,2026-03-27,INVALID_BEFORE_S1,AMBIGUOUS,STRUCTURE_FAIL,UNKNOWN,invalid first within 3 sessions,pattern AMBIGUOUS (same-day S1/invalid order unknown),25.91,24.56,2026-03-31,2026-03-31,PATTERN_CHANGED,CONFIRMED,PROVISIONAL,snap-2026-07-31-b5f84004de8a,e7243dee3bafe46e725e2b6ee884b07ac97a01c0705b41df0562d35019593514,snap-2026-07-31-b5f84004de8a
603938:20260325:2444,603938,2026-03-25,2026-03-27,S1_BEFORE_INVALID,NEITHER,UNKNOWN,NO_LAUNCH,S1_BEFORE_INVALID flagged but no S1-touch bar found,no S1 and no invalid touch within 3 sessions,27.81,23.12,,,PATTERN_CHANGED,CONFIRMED,,snap-2026-07-31-b5f84004de8a,e7243dee3bafe46e725e2b6ee884b07ac97a01c0705b41df0562d35019593514,snap-2026-07-31-b5f84004de8a
601975:20260324:483,601975,2026-03-24,2026-03-27,S1_BEFORE_INVALID,NEITHER,UNKNOWN,NO_LAUNCH,S1_BEFORE_INVALID flagged but no S1-touch bar found,no S1 and no invalid touch within 3 sessions,4.94,4.09,,,PATTERN_CHANGED,CONFIRMED,,snap-2026-07-31-b5f84004de8a,e7243dee3bafe46e725e2b6ee884b07ac97a01c0705b41df0562d35019593514,snap-2026-07-31-b5f84004de8a
603629:20260325:6268,603629,2026-03-25,2026-03-27,S1_BEFORE_INVALID,INVALID_BEFORE_S1,FAILED_BREAKOUT,STRUCTURE_FAIL,S1 touched but close 65.87 < S1 68.29,invalid first within 3 sessions,68.29,62.37,2026-04-01,2026-03-31,PATTERN_CHANGED,CONFIRMED,PROVISIONAL,snap-2026-07-31-b5f84004de8a,e7243dee3bafe46e725e2b6ee884b07ac97a01c0705b41df0562d35019593514,snap-2026-07-31-b5f84004de8a
002692:20260326:598,002692,2026-03-26,2026-03-27,S1_BEFORE_INVALID,NEITHER,UNKNOWN,NO_LAUNCH,S1_BEFORE_INVALID flagged but no S1-touch bar found,no S1 and no invalid touch within 3 sessions,6.46,5.64,,,PATTERN_CHANGED,CONFIRMED,,snap-2026-07-31-b5f84004de8a,e7243dee3bafe46e725e2b6ee884b07ac97a01c0705b41df0562d35019593514,snap-2026-07-31-b5f84004de8a
603042:20260325:2125,603042,2026-03-25,2026-03-27,S1_BEFORE_INVALID,INVALID_BEFORE_S1,UNKNOWN,STRUCTURE_FAIL,S1_BEFORE_INVALID flagged but no S1-touch bar found,invalid first within 3 sessions,21.6,19.86,,2026-03-31,PATTERN_CHANGED,CONFIRMED,PROVISIONAL,snap-2026-07-31-b5f84004de8a,e7243dee3bafe46e725e2b6ee884b07ac97a01c0705b41df0562d35019593514,snap-2026-07-31-b5f84004de8a
000889:20260325:354,000889,2026-03-25,2026-03-27,S1_BEFORE_INVALID,NEITHER,UNKNOWN,NO_LAUNCH,S1_BEFORE_INVALID flagged but no S1-touch bar found,no S1 and no invalid touch within 3 sessions,3.67,3.3,,,PATTERN_CHANGED,CONFIRMED,,snap-2026-07-31-b5f84004de8a,e7243dee3bafe46e725e2b6ee884b07ac97a01c0705b41df0562d35019593514,snap-2026-07-31-b5f84004de8a
603052:20260325:6565,603052,2026-03-25,2026-03-27,NEITHER,INVALID_BEFORE_S1,NO_LAUNCH,STRUCTURE_FAIL,no S1 and no invalid touch within 3 sessions,invalid first within 3 sessions,68.0,61.85,2026-04-01,2026-03-31,PATTERN_CHANGED,CONFIRMED,PROVISIONAL,snap-2026-07-31-b5f84004de8a,e7243dee3bafe46e725e2b6ee884b07ac97a01c0705b41df0562d35019593514,snap-2026-07-31-b5f84004de8a
000659:20260325:417,000659,2026-03-25,2026-03-27,INVALID_BEFORE_S1,NEITHER,STRUCTURE_FAIL,NO_LAUNCH,invalid first within 3 sessions,no S1 and no invalid touch within 3 sessions,4.74,4.15,,,PATTERN_CHANGED,CONFIRMED,,snap-2026-07-31-b5f84004de8a,e7243dee3bafe46e725e2b6ee884b07ac97a01c0705b41df0562d35019593514,snap-2026-07-31-b5f84004de8a
603132:20260327:1673,603132,2026-03-27,2026-03-30,S1_BEFORE_INVALID,NEITHER,UNKNOWN,NO_LAUNCH,S1_BEFORE_INVALID flagged but no S1-touch bar found,no S1 and no invalid touch within 3 sessions,17.86,16.41,,,PATTERN_CHANGED,CONFIRMED,,snap-2026-07-31-b5f84004de8a,e7243dee3bafe46e725e2b6ee884b07ac97a01c0705b41df0562d35019593514,snap-2026-07-31-b5f84004de8a
002782:20260326:2616,002782,2026-03-26,2026-03-30,NEITHER,INVALID_BEFORE_S1,NO_LAUNCH,STRUCTURE_FAIL,no S1 and no invalid touch within 3 sessions,invalid first within 3 sessions,24.78,20.25,,2026-04-02,PATTERN_CHANGED,CONFIRMED,PROVISIONAL,snap-2026-07-31-b5f84004de8a,e7243dee3bafe46e725e2b6ee884b07ac97a01c0705b41df0562d35019593514,snap-2026-07-31-b5f84004de8a
603090:20260327:6544,603090,2026-03-27,2026-03-30,NEITHER,INVALID_BEFORE_S1,NO_LAUNCH,STRUCTURE_FAIL,no S1 and no invalid touch within 3 sessions,invalid first within 3 sessions,74.59,61.23,,2026-03-31,PATTERN_CHANGED,CONFIRMED,PROVISIONAL,snap-2026-07-31-b5f84004de8a,e7243dee3bafe46e725e2b6ee884b07ac97a01c0705b41df0562d35019593514,snap-2026-07-31-b5f84004de8a
600268:20260327:1499,600268,2026-03-27,2026-03-30,INVALID_BEFORE_S1,NEITHER,STRUCTURE_FAIL,NO_LAUNCH,invalid first within 3 sessions,no S1 and no invalid touch within 3 sessions,17.44,14.12,,,PATTERN_CHANGED,CONFIRMED,,snap-2026-07-31-b5f84004de8a,e7243dee3bafe46e725e2b6ee884b07ac97a01c0705b41df0562d35019593514,snap-2026-07-31-b5f84004de8a
603002:20260327:1034,603002,2026-03-27,2026-03-30,S1_BEFORE_INVALID,INVALID_BEFORE_S1,UNKNOWN,STRUCTURE_FAIL,S1_BEFORE_INVALID flagged but no S1-touch bar found,invalid first within 3 sessions,10.8,9.78,,2026-04-02,PATTERN_CHANGED,CONFIRMED,PROVISIONAL,snap-2026-07-31-b5f84004de8a,e7243dee3bafe46e725e2b6ee884b07ac97a01c0705b41df0562d35019593514,snap-2026-07-31-b5f84004de8a
002272:20260327:1766,002272,2026-03-27,2026-03-30,S1_BEFORE_INVALID,INVALID_BEFORE_S1,UNKNOWN,STRUCTURE_FAIL,S1_BEFORE_INVALID flagged but no S1-touch bar found,invalid first within 3 sessions,19.14,17.57,,2026-03-31,PATTERN_CHANGED,CONFIRMED,PROVISIONAL,snap-2026-07-31-b5f84004de8a,e7243dee3bafe46e725e2b6ee884b07ac97a01c0705b41df0562d35019593514,snap-2026-07-31-b5f84004de8a
601515:20260326:441,601515,2026-03-26,2026-03-30,S1_BEFORE_INVALID,INVALID_BEFORE_S1,SUCCESS,STRUCTURE_FAIL,S1 first + close>=S1 + volume>=signal-day volume,invalid first within 3 sessions,4.55,4.16,2026-04-01,2026-03-31,PATTERN_CHANGED,CONFIRMED,PROVISIONAL,snap-2026-07-31-b5f84004de8a,e7243dee3bafe46e725e2b6ee884b07ac97a01c0705b41df0562d35019593514,snap-2026-07-31-b5f84004de8a
002773:20260327:2765,002773,2026-03-27,2026-03-30,NEITHER,S1_BEFORE_INVALID,NO_LAUNCH,FAILED_BREAKOUT,no S1 and no invalid touch within 3 sessions,FAILED_ACCEPTANCE: S1 touched but close 30.25 < S1 30.49,30.49,27.51,2026-04-01,,PATTERN_CHANGED,CONFIRMED,PROVISIONAL,snap-2026-07-31-b5f84004de8a,e7243dee3bafe46e725e2b6ee884b07ac97a01c0705b41df0562d35019593514,snap-2026-07-31-b5f84004de8a
600769:20260327:1360,600769,2026-03-27,2026-03-30,INVALID_BEFORE_S1,NEITHER,STRUCTURE_FAIL,NO_LAUNCH,invalid first within 3 sessions,no S1 and no invalid touch within 3 sessions,14.94,13.35,,,PATTERN_CHANGED,CONFIRMED,,snap-2026-07-31-b5f84004de8a,e7243dee3bafe46e725e2b6ee884b07ac97a01c0705b41df0562d35019593514,snap-2026-07-31-b5f84004de8a
001313:20260327:756,001313,2026-03-27,2026-03-30,NEITHER,S1_BEFORE_INVALID,NO_LAUNCH,FAILED_BREAKOUT,no S1 and no invalid touch within 3 sessions,FAILED_ACCEPTANCE: S1 touched but close 7.94 < S1 8.08,8.08,7.44,2026-04-02,,PATTERN_CHANGED,CONFIRMED,PROVISIONAL,snap-2026-07-31-b5f84004de8a,e7243dee3bafe46e725e2b6ee884b07ac97a01c0705b41df0562d35019593514,snap-2026-07-31-b5f84004de8a
002755:20260327:1539,002755,2026-03-27,2026-03-30,INVALID_BEFORE_S1,S1_BEFORE_INVALID,STRUCTURE_FAIL,SUCCESS,invalid first within 3 sessions,S1 first + close>=S1 + volume>=signal-day volume,16.72,15.31,2026-04-01,,PATTERN_CHANGED,CONFIRMED,PROVISIONAL,snap-2026-07-31-b5f84004de8a,e7243dee3bafe46e725e2b6ee884b07ac97a01c0705b41df0562d35019593514,snap-2026-07-31-b5f84004de8a
603083:20260408:11155,603083,2026-04-08,2026-04-10,S1_BEFORE_INVALID,S1_BEFORE_INVALID,SUCCESS,FAILED_BREAKOUT,S1 first + close>=S1 + volume>=signal-day volume,FAILED_ACCEPTANCE: S1 touched but close 118.58 < S1 119.98,119.98,110.99,2026-04-13,,ACCEPTANCE_CHANGED,CONFIRMED,CONFIRMED,snap-2026-07-31-b5f84004de8a,e7243dee3bafe46e725e2b6ee884b07ac97a01c0705b41df0562d35019593514,snap-2026-07-31-b5f84004de8a
603992:20260611:3191,603992,2026-06-11,2026-06-12,S1_BEFORE_INVALID,S1_BEFORE_INVALID,UNKNOWN,FAILED_BREAKOUT,S1_BEFORE_INVALID flagged but no S1-touch bar found,FAILED_ACCEPTANCE: S1 touched but close 33.70 < S1 34.20,34.2,31.75,2026-06-15,,S1_TOUCH_RESOLUTION_CHANGED,CONFIRMED,CONFIRMED,snap-2026-07-31-b5f84004de8a,e7243dee3bafe46e725e2b6ee884b07ac97a01c0705b41df0562d35019593514,snap-2026-07-31-b5f84004de8a
600405:20260630:452,600405,2026-06-30,2026-07-01,INVALID_BEFORE_S1,S1_BEFORE_INVALID,STRUCTURE_FAIL,FAILED_BREAKOUT,invalid first within 3 sessions,FAILED_ACCEPTANCE: S1 touched but close 4.77 < S1 4.88,4.88,4.44,2026-07-13,,PATTERN_CHANGED,CONFIRMED,PROVISIONAL,snap-2026-07-31-b5f84004de8a,e7243dee3bafe46e725e2b6ee884b07ac97a01c0705b41df0562d35019593514,snap-2026-07-31-b5f84004de8a
600801:20260703:1811,600801,2026-07-03,2026-07-06,S1_BEFORE_INVALID,INVALID_BEFORE_S1,UNKNOWN,STRUCTURE_FAIL,S1_BEFORE_INVALID flagged but no S1-touch bar found,invalid first within 3 sessions,19.26,16.89,,2026-07-09,PATTERN_CHANGED,CONFIRMED,PROVISIONAL,snap-2026-07-31-b5f84004de8a,e7243dee3bafe46e725e2b6ee884b07ac97a01c0705b41df0562d35019593514,snap-2026-07-31-b5f84004de8a
002518:20260630:5359,002518,2026-06-30,2026-07-06,INVALID_BEFORE_S1,NEITHER,STRUCTURE_FAIL,NO_LAUNCH,invalid first within 3 sessions,no S1 and no invalid touch within 3 sessions,49.97,38.65,,,PATTERN_CHANGED,CONFIRMED,,snap-2026-07-31-b5f84004de8a,e7243dee3bafe46e725e2b6ee884b07ac97a01c0705b41df0562d35019593514,snap-2026-07-31-b5f84004de8a
603818:20260702:340,603818,2026-07-02,2026-07-06,INVALID_BEFORE_S1,NEITHER,STRUCTURE_FAIL,NO_LAUNCH,invalid first within 3 sessions,no S1 and no invalid touch within 3 sessions,3.46,3.06,,,PATTERN_CHANGED,CONFIRMED,,snap-2026-07-31-b5f84004de8a,e7243dee3bafe46e725e2b6ee884b07ac97a01c0705b41df0562d35019593514,snap-2026-07-31-b5f84004de8a
000972:20260702:369,000972,2026-07-02,2026-07-06,INVALID_BEFORE_S1,NEITHER,STRUCTURE_FAIL,NO_LAUNCH,invalid first within 3 sessions,no S1 and no invalid touch within 3 sessions,3.85,3.47,,,PATTERN_CHANGED,CONFIRMED,,snap-2026-07-31-b5f84004de8a,e7243dee3bafe46e725e2b6ee884b07ac97a01c0705b41df0562d35019593514,snap-2026-07-31-b5f84004de8a
605377:20260706:970,605377,2026-07-06,2026-07-07,INVALID_BEFORE_S1,NEITHER,STRUCTURE_FAIL,NO_LAUNCH,invalid first within 3 sessions,no S1 and no invalid touch within 3 sessions,10.3,9.17,,,PATTERN_CHANGED,CONFIRMED,,snap-2026-07-31-b5f84004de8a,e7243dee3bafe46e725e2b6ee884b07ac97a01c0705b41df0562d35019593514,snap-2026-07-31-b5f84004de8a
600143:20260703:1701,600143,2026-07-03,2026-07-07,INVALID_BEFORE_S1,NEITHER,STRUCTURE_FAIL,NO_LAUNCH,invalid first within 3 sessions,no S1 and no invalid touch within 3 sessions,17.3,14.51,,,PATTERN_CHANGED,CONFIRMED,,snap-2026-07-31-b5f84004de8a,e7243dee3bafe46e725e2b6ee884b07ac97a01c0705b41df0562d35019593514,snap-2026-07-31-b5f84004de8a
601678:20260702:770,601678,2026-07-02,2026-07-08,S1_BEFORE_INVALID,INVALID_BEFORE_S1,UNKNOWN,STRUCTURE_FAIL,S1_BEFORE_INVALID flagged but no S1-touch bar found,invalid first within 3 sessions,6.3,5.45,,2026-07-10,PATTERN_CHANGED,CONFIRMED,PROVISIONAL,snap-2026-07-31-b5f84004de8a,e7243dee3bafe46e725e2b6ee884b07ac97a01c0705b41df0562d35019593514,snap-2026-07-31-b5f84004de8a
001287:20260706:3147,001287,2026-07-06,2026-07-08,INVALID_BEFORE_S1,S1_BEFORE_INVALID,STRUCTURE_FAIL,FAILED_BREAKOUT,invalid first within 3 sessions,FAILED_ACCEPTANCE: S1 touched but close 31.03 < S1 32.00,32.0,27.8,2026-07-10,,PATTERN_CHANGED,CONFIRMED,PROVISIONAL,snap-2026-07-31-b5f84004de8a,e7243dee3bafe46e725e2b6ee884b07ac97a01c0705b41df0562d35019593514,snap-2026-07-31-b5f84004de8a
002815:20260706:1636,002815,2026-07-06,2026-07-08,INVALID_BEFORE_S1,S1_BEFORE_INVALID,STRUCTURE_FAIL,SUCCESS,invalid first within 3 sessions,S1 first + close>=S1 + volume>=signal-day volume,16.81,15.43,2026-07-09,,PATTERN_CHANGED,CONFIRMED,PROVISIONAL,snap-2026-07-31-b5f84004de8a,e7243dee3bafe46e725e2b6ee884b07ac97a01c0705b41df0562d35019593514,snap-2026-07-31-b5f84004de8a
603087:20260706:6709,603087,2026-07-06,2026-07-08,S1_BEFORE_INVALID,INVALID_BEFORE_S1,UNKNOWN,STRUCTURE_FAIL,S1_BEFORE_INVALID flagged but no S1-touch bar found,invalid first within 3 sessions,68.15,62.13,,2026-07-09,PATTERN_CHANGED,CONFIRMED,PROVISIONAL,snap-2026-07-31-b5f84004de8a,e7243dee3bafe46e725e2b6ee884b07ac97a01c0705b41df0562d35019593514,snap-2026-07-31-b5f84004de8a
603020:20260706:1469,603020,2026-07-06,2026-07-08,INVALID_BEFORE_S1,NEITHER,STRUCTURE_FAIL,NO_LAUNCH,invalid first within 3 sessions,no S1 and no invalid touch within 3 sessions,15.15,12.26,,,PATTERN_CHANGED,CONFIRMED,,snap-2026-07-31-b5f84004de8a,e7243dee3bafe46e725e2b6ee884b07ac97a01c0705b41df0562d35019593514,snap-2026-07-31-b5f84004de8a
001206:20260707:1954,001206,2026-07-07,2026-07-08,INVALID_BEFORE_S1,AMBIGUOUS,STRUCTURE_FAIL,UNKNOWN,invalid first within 3 sessions,pattern AMBIGUOUS (same-day S1/invalid order unknown),21.94,20.09,2026-07-09,2026-07-09,PATTERN_CHANGED,CONFIRMED,PROVISIONAL,snap-2026-07-31-b5f84004de8a,e7243dee3bafe46e725e2b6ee884b07ac97a01c0705b41df0562d35019593514,snap-2026-07-31-b5f84004de8a
603090:20260706:5480,603090,2026-07-06,2026-07-08,INVALID_BEFORE_S1,NEITHER,STRUCTURE_FAIL,NO_LAUNCH,invalid first within 3 sessions,no S1 and no invalid touch within 3 sessions,57.1,45.28,,,PATTERN_CHANGED,CONFIRMED,,snap-2026-07-31-b5f84004de8a,e7243dee3bafe46e725e2b6ee884b07ac97a01c0705b41df0562d35019593514,snap-2026-07-31-b5f84004de8a
