setup_id,symbol,candidate_date,t0_date,first_observation_stage,s1_price,price_tick,event_search_start,event_search_end,setup_ledger_sha256,prior_intraday_ledger_sha256,authority_state_generation
000026:20260810:1907,000026,2026-08-11,2026-08-10,B1_READY,21.8300,0.01,2026-08-12,2026-08-19,33477d92689e92901de51f20594899c1f1cd0f3448f6ecb06e9acc28c92768fd,5d358b6c5a5867da6c0266c0be765b15c358f3e7c86e6435a9368d6de55300a4,stategen-2026-08-11-e71e21b00729
000537:20260810:832,000537,2026-08-11,2026-08-10,B1_READY,10.5300,0.01,2026-08-12,2026-08-19,33477d92689e92901de51f20594899c1f1cd0f3448f6ecb06e9acc28c92768fd,5d358b6c5a5867da6c0266c0be765b15c358f3e7c86e6435a9368d6de55300a4,stategen-2026-08-11-e71e21b00729
000603:20260807:3443,000603,2026-08-10,2026-08-07,B1_READY,39.4900,0.01,2026-08-11,2026-08-18,33477d92689e92901de51f20594899c1f1cd0f3448f6ecb06e9acc28c92768fd,5d358b6c5a5867da6c0266c0be765b15c358f3e7c86e6435a9368d6de55300a4,stategen-2026-08-10-b0b209bda1d7
000656:20260810:129,000656,2026-08-11,2026-08-10,B1_READY,1.3800,0.01,2026-08-12,2026-08-19,33477d92689e92901de51f20594899c1f1cd0f3448f6ecb06e9acc28c92768fd,5d358b6c5a5867da6c0266c0be765b15c358f3e7c86e6435a9368d6de55300a4,stategen-2026-08-11-e71e21b00729
000657:20260805:5743,000657,2026-08-10,2026-08-05,B2_READY,70.9600,0.01,2026-08-11,2026-08-14,33477d92689e92901de51f20594899c1f1cd0f3448f6ecb06e9acc28c92768fd,5d358b6c5a5867da6c0266c0be765b15c358f3e7c86e6435a9368d6de55300a4,stategen-2026-08-10-b0b209bda1d7
000712:20260805:981,000712,2026-08-10,2026-08-05,B2_READY,9.9900,0.01,2026-08-11,2026-08-14,33477d92689e92901de51f20594899c1f1cd0f3448f6ecb06e9acc28c92768fd,5d358b6c5a5867da6c0266c0be765b15c358f3e7c86e6435a9368d6de55300a4,stategen-2026-08-10-b0b209bda1d7
000751:20260805:512,000751,2026-08-10,2026-08-05,B2_READY,5.6900,0.01,2026-08-11,2026-08-14,33477d92689e92901de51f20594899c1f1cd0f3448f6ecb06e9acc28c92768fd,5d358b6c5a5867da6c0266c0be765b15c358f3e7c86e6435a9368d6de55300a4,stategen-2026-08-10-b0b209bda1d7
000908:20260806:683,000908,2026-08-10,2026-08-06,B2_READY,7.5600,0.01,2026-08-11,2026-08-17,33477d92689e92901de51f20594899c1f1cd0f3448f6ecb06e9acc28c92768fd,5d358b6c5a5867da6c0266c0be765b15c358f3e7c86e6435a9368d6de55300a4,stategen-2026-08-10-b0b209bda1d7
000973:20260810:1368,000973,2026-08-11,2026-08-10,B1_READY,14.7300,0.01,2026-08-12,2026-08-19,33477d92689e92901de51f20594899c1f1cd0f3448f6ecb06e9acc28c92768fd,5d358b6c5a5867da6c0266c0be765b15c358f3e7c86e6435a9368d6de55300a4,stategen-2026-08-11-e71e21b00729
001210:20260805:2079,001210,2026-08-10,2026-08-05,B2_READY,24.2000,0.01,2026-08-11,2026-08-14,33477d92689e92901de51f20594899c1f1cd0f3448f6ecb06e9acc28c92768fd,5d358b6c5a5867da6c0266c0be765b15c358f3e7c86e6435a9368d6de55300a4,stategen-2026-08-10-b0b209bda1d7
001225:20260805:4522,001225,2026-08-10,2026-08-05,B2_READY,50.9200,0.01,2026-08-11,2026-08-14,33477d92689e92901de51f20594899c1f1cd0f3448f6ecb06e9acc28c92768fd,5d358b6c5a5867da6c0266c0be765b15c358f3e7c86e6435a9368d6de55300a4,stategen-2026-08-10-b0b209bda1d7
001266:20260804:3328,001266,2026-08-10,2026-08-04,B2_READY,43.0000,0.01,2026-08-11,2026-08-13,33477d92689e92901de51f20594899c1f1cd0f3448f6ecb06e9acc28c92768fd,5d358b6c5a5867da6c0266c0be765b15c358f3e7c86e6435a9368d6de55300a4,stategen-2026-08-10-b0b209bda1d7
001300:20260810:1157,001300,2026-08-11,2026-08-10,B1_READY,12.0600,0.01,2026-08-12,2026-08-19,33477d92689e92901de51f20594899c1f1cd0f3448f6ecb06e9acc28c92768fd,5d358b6c5a5867da6c0266c0be765b15c358f3e7c86e6435a9368d6de55300a4,stategen-2026-08-11-e71e21b00729
001339:20260804:7197,001339,2026-08-11,2026-08-04,B1_READY,93.6800,0.01,2026-08-12,2026-08-13,33477d92689e92901de51f20594899c1f1cd0f3448f6ecb06e9acc28c92768fd,5d358b6c5a5867da6c0266c0be765b15c358f3e7c86e6435a9368d6de55300a4,stategen-2026-08-11-e71e21b00729
001359:20260805:8617,001359,2026-08-10,2026-08-05,B2_READY,91.2600,0.01,2026-08-11,2026-08-14,33477d92689e92901de51f20594899c1f1cd0f3448f6ecb06e9acc28c92768fd,5d358b6c5a5867da6c0266c0be765b15c358f3e7c86e6435a9368d6de55300a4,stategen-2026-08-10-b0b209bda1d7
001378:20260806:1959,001378,2026-08-10,2026-08-06,B2_READY,21.6300,0.01,2026-08-11,2026-08-17,33477d92689e92901de51f20594899c1f1cd0f3448f6ecb06e9acc28c92768fd,5d358b6c5a5867da6c0266c0be765b15c358f3e7c86e6435a9368d6de55300a4,stategen-2026-08-10-b0b209bda1d7
002012:20260803:606,002012,2026-08-10,2026-08-03,B2_READY,6.8200,0.01,2026-08-11,2026-08-12,33477d92689e92901de51f20594899c1f1cd0f3448f6ecb06e9acc28c92768fd,5d358b6c5a5867da6c0266c0be765b15c358f3e7c86e6435a9368d6de55300a4,stategen-2026-08-10-b0b209bda1d7
002036:20260805:780,002036,2026-08-10,2026-08-05,B1_READY,7.9500,0.01,2026-08-11,2026-08-14,33477d92689e92901de51f20594899c1f1cd0f3448f6ecb06e9acc28c92768fd,5d358b6c5a5867da6c0266c0be765b15c358f3e7c86e6435a9368d6de55300a4,stategen-2026-08-10-b0b209bda1d7
002037:20260807:769,002037,2026-08-10,2026-08-07,B1_READY,7.9400,0.01,2026-08-11,2026-08-18,33477d92689e92901de51f20594899c1f1cd0f3448f6ecb06e9acc28c92768fd,5d358b6c5a5867da6c0266c0be765b15c358f3e7c86e6435a9368d6de55300a4,stategen-2026-08-10-b0b209bda1d7
002104:20260806:1176,002104,2026-08-10,2026-08-06,B1_READY,11.7400,0.01,2026-08-11,2026-08-17,33477d92689e92901de51f20594899c1f1cd0f3448f6ecb06e9acc28c92768fd,5d358b6c5a5867da6c0266c0be765b15c358f3e7c86e6435a9368d6de55300a4,stategen-2026-08-10-b0b209bda1d7
002112:20260810:1770,002112,2026-08-11,2026-08-10,B1_READY,18.5800,0.01,2026-08-12,2026-08-19,33477d92689e92901de51f20594899c1f1cd0f3448f6ecb06e9acc28c92768fd,5d358b6c5a5867da6c0266c0be765b15c358f3e7c86e6435a9368d6de55300a4,stategen-2026-08-11-e71e21b00729
002119:20260805:2230,002119,2026-08-10,2026-08-05,B2_READY,25.5800,0.01,2026-08-11,2026-08-14,33477d92689e92901de51f20594899c1f1cd0f3448f6ecb06e9acc28c92768fd,5d358b6c5a5867da6c0266c0be765b15c358f3e7c86e6435a9368d6de55300a4,stategen-2026-08-10-b0b209bda1d7
002176:20260803:903,002176,2026-08-10,2026-08-03,B2_READY,9.5900,0.01,2026-08-11,2026-08-12,33477d92689e92901de51f20594899c1f1cd0f3448f6ecb06e9acc28c92768fd,5d358b6c5a5867da6c0266c0be765b15c358f3e7c86e6435a9368d6de55300a4,stategen-2026-08-10-b0b209bda1d7
002193:20260810:471,002193,2026-08-11,2026-08-10,B1_READY,5.2000,0.01,2026-08-12,2026-08-19,33477d92689e92901de51f20594899c1f1cd0f3448f6ecb06e9acc28c92768fd,5d358b6c5a5867da6c0266c0be765b15c358f3e7c86e6435a9368d6de55300a4,stategen-2026-08-11-e71e21b00729
002213:20260805:2886,002213,2026-08-10,2026-08-05,B2_READY,31.7900,0.01,2026-08-11,2026-08-14,33477d92689e92901de51f20594899c1f1cd0f3448f6ecb06e9acc28c92768fd,5d358b6c5a5867da6c0266c0be765b15c358f3e7c86e6435a9368d6de55300a4,stategen-2026-08-10-b0b209bda1d7
002281:20260807:19304,002281,2026-08-11,2026-08-07,B1_READY,197.3800,0.01,2026-08-12,2026-08-18,33477d92689e92901de51f20594899c1f1cd0f3448f6ecb06e9acc28c92768fd,5d358b6c5a5867da6c0266c0be765b15c358f3e7c86e6435a9368d6de55300a4,stategen-2026-08-11-e71e21b00729
002300:20260810:790,002300,2026-08-11,2026-08-10,B1_READY,8.8500,0.01,2026-08-12,2026-08-19,33477d92689e92901de51f20594899c1f1cd0f3448f6ecb06e9acc28c92768fd,5d358b6c5a5867da6c0266c0be765b15c358f3e7c86e6435a9368d6de55300a4,stategen-2026-08-11-e71e21b00729
002369:20260806:627,002369,2026-08-10,2026-08-06,B1_READY,6.2200,0.01,2026-08-11,2026-08-17,33477d92689e92901de51f20594899c1f1cd0f3448f6ecb06e9acc28c92768fd,5d358b6c5a5867da6c0266c0be765b15c358f3e7c86e6435a9368d6de55300a4,stategen-2026-08-10-b0b209bda1d7
002370:20260810:581,002370,2026-08-11,2026-08-10,B1_READY,6.2000,0.01,2026-08-12,2026-08-19,33477d92689e92901de51f20594899c1f1cd0f3448f6ecb06e9acc28c92768fd,5d358b6c5a5867da6c0266c0be765b15c358f3e7c86e6435a9368d6de55300a4,stategen-2026-08-11-e71e21b00729
002384:20260804:17909,002384,2026-08-10,2026-08-04,B2_READY,211.9000,0.01,2026-08-11,2026-08-13,33477d92689e92901de51f20594899c1f1cd0f3448f6ecb06e9acc28c92768fd,5d358b6c5a5867da6c0266c0be765b15c358f3e7c86e6435a9368d6de55300a4,stategen-2026-08-10-b0b209bda1d7
002388:20260810:574,002388,2026-08-11,2026-08-10,B1_READY,6.9900,0.01,2026-08-12,2026-08-19,33477d92689e92901de51f20594899c1f1cd0f3448f6ecb06e9acc28c92768fd,5d358b6c5a5867da6c0266c0be765b15c358f3e7c86e6435a9368d6de55300a4,stategen-2026-08-11-e71e21b00729
002396:20260805:2870,002396,2026-08-10,2026-08-05,B2_READY,31.8900,0.01,2026-08-11,2026-08-14,33477d92689e92901de51f20594899c1f1cd0f3448f6ecb06e9acc28c92768fd,5d358b6c5a5867da6c0266c0be765b15c358f3e7c86e6435a9368d6de55300a4,stategen-2026-08-10-b0b209bda1d7
002407:20260806:3609,002407,2026-08-10,2026-08-06,B2_READY,39.7100,0.01,2026-08-11,2026-08-17,33477d92689e92901de51f20594899c1f1cd0f3448f6ecb06e9acc28c92768fd,5d358b6c5a5867da6c0266c0be765b15c358f3e7c86e6435a9368d6de55300a4,stategen-2026-08-10-b0b209bda1d7
002484:20260804:5931,002484,2026-08-10,2026-08-04,B2_READY,69.9500,0.01,2026-08-11,2026-08-13,33477d92689e92901de51f20594899c1f1cd0f3448f6ecb06e9acc28c92768fd,5d358b6c5a5867da6c0266c0be765b15c358f3e7c86e6435a9368d6de55300a4,stategen-2026-08-10-b0b209bda1d7
002541:20260810:2057,002541,2026-08-11,2026-08-10,B1_READY,21.5200,0.01,2026-08-12,2026-08-19,33477d92689e92901de51f20594899c1f1cd0f3448f6ecb06e9acc28c92768fd,5d358b6c5a5867da6c0266c0be765b15c358f3e7c86e6435a9368d6de55300a4,stategen-2026-08-11-e71e21b00729
002580:20260810:2099,002580,2026-08-11,2026-08-10,B1_READY,27.6900,0.01,2026-08-12,2026-08-19,33477d92689e92901de51f20594899c1f1cd0f3448f6ecb06e9acc28c92768fd,5d358b6c5a5867da6c0266c0be765b15c358f3e7c86e6435a9368d6de55300a4,stategen-2026-08-11-e71e21b00729
002607:20260805:235,002607,2026-08-10,2026-08-05,B2_READY,2.3100,0.01,2026-08-11,2026-08-14,33477d92689e92901de51f20594899c1f1cd0f3448f6ecb06e9acc28c92768fd,5d358b6c5a5867da6c0266c0be765b15c358f3e7c86e6435a9368d6de55300a4,stategen-2026-08-10-b0b209bda1d7
002647:20260810:1049,002647,2026-08-11,2026-08-10,B1_READY,11.6500,0.01,2026-08-12,2026-08-19,33477d92689e92901de51f20594899c1f1cd0f3448f6ecb06e9acc28c92768fd,5d358b6c5a5867da6c0266c0be765b15c358f3e7c86e6435a9368d6de55300a4,stategen-2026-08-11-e71e21b00729
002681:20260803:476,002681,2026-08-10,2026-08-03,B2_READY,5.1000,0.01,2026-08-11,2026-08-12,33477d92689e92901de51f20594899c1f1cd0f3448f6ecb06e9acc28c92768fd,5d358b6c5a5867da6c0266c0be765b15c358f3e7c86e6435a9368d6de55300a4,stategen-2026-08-10-b0b209bda1d7
002686:20260806:657,002686,2026-08-10,2026-08-06,B2_READY,7.2200,0.01,2026-08-11,2026-08-17,33477d92689e92901de51f20594899c1f1cd0f3448f6ecb06e9acc28c92768fd,5d358b6c5a5867da6c0266c0be765b15c358f3e7c86e6435a9368d6de55300a4,stategen-2026-08-10-b0b209bda1d7
002696:20260810:603,002696,2026-08-11,2026-08-10,B1_READY,6.2900,0.01,2026-08-12,2026-08-19,33477d92689e92901de51f20594899c1f1cd0f3448f6ecb06e9acc28c92768fd,5d358b6c5a5867da6c0266c0be765b15c358f3e7c86e6435a9368d6de55300a4,stategen-2026-08-11-e71e21b00729
002734:20260805:1516,002734,2026-08-10,2026-08-05,B2_READY,17.2400,0.01,2026-08-11,2026-08-14,33477d92689e92901de51f20594899c1f1cd0f3448f6ecb06e9acc28c92768fd,5d358b6c5a5867da6c0266c0be765b15c358f3e7c86e6435a9368d6de55300a4,stategen-2026-08-10-b0b209bda1d7
002741:20260807:2630,002741,2026-08-11,2026-08-07,B1_READY,29.1800,0.01,2026-08-12,2026-08-18,33477d92689e92901de51f20594899c1f1cd0f3448f6ecb06e9acc28c92768fd,5d358b6c5a5867da6c0266c0be765b15c358f3e7c86e6435a9368d6de55300a4,stategen-2026-08-11-e71e21b00729
002742:20260807:413,002742,2026-08-11,2026-08-07,B1_READY,4.5000,0.01,2026-08-12,2026-08-18,33477d92689e92901de51f20594899c1f1cd0f3448f6ecb06e9acc28c92768fd,5d358b6c5a5867da6c0266c0be765b15c358f3e7c86e6435a9368d6de55300a4,stategen-2026-08-11-e71e21b00729
002783:20260810:821,002783,2026-08-11,2026-08-10,B1_READY,8.5500,0.01,2026-08-12,2026-08-19,33477d92689e92901de51f20594899c1f1cd0f3448f6ecb06e9acc28c92768fd,5d358b6c5a5867da6c0266c0be765b15c358f3e7c86e6435a9368d6de55300a4,stategen-2026-08-11-e71e21b00729
002793:20260804:512,002793,2026-08-10,2026-08-04,B2_READY,5.5800,0.01,2026-08-11,2026-08-13,33477d92689e92901de51f20594899c1f1cd0f3448f6ecb06e9acc28c92768fd,5d358b6c5a5867da6c0266c0be765b15c358f3e7c86e6435a9368d6de55300a4,stategen-2026-08-10-b0b209bda1d7
002796:20260804:2681,002796,2026-08-10,2026-08-04,B2_READY,33.8300,0.01,2026-08-11,2026-08-13,33477d92689e92901de51f20594899c1f1cd0f3448f6ecb06e9acc28c92768fd,5d358b6c5a5867da6c0266c0be765b15c358f3e7c86e6435a9368d6de55300a4,stategen-2026-08-10-b0b209bda1d7
002821:20260807:17226,002821,2026-08-10,2026-08-07,B1_READY,200.0000,0.01,2026-08-11,2026-08-18,33477d92689e92901de51f20594899c1f1cd0f3448f6ecb06e9acc28c92768fd,5d358b6c5a5867da6c0266c0be765b15c358f3e7c86e6435a9368d6de55300a4,stategen-2026-08-10-b0b209bda1d7
002902:20260803:2288,002902,2026-08-10,2026-08-03,B2_READY,26.4800,0.01,2026-08-11,2026-08-12,33477d92689e92901de51f20594899c1f1cd0f3448f6ecb06e9acc28c92768fd,5d358b6c5a5867da6c0266c0be765b15c358f3e7c86e6435a9368d6de55300a4,stategen-2026-08-10-b0b209bda1d7
002908:20260805:758,002908,2026-08-10,2026-08-05,B2_READY,7.8000,0.01,2026-08-11,2026-08-14,33477d92689e92901de51f20594899c1f1cd0f3448f6ecb06e9acc28c92768fd,5d358b6c5a5867da6c0266c0be765b15c358f3e7c86e6435a9368d6de55300a4,stategen-2026-08-10-b0b209bda1d7
002913:20260807:5542,002913,2026-08-10,2026-08-07,B1_READY,57.5300,0.01,2026-08-11,2026-08-18,33477d92689e92901de51f20594899c1f1cd0f3448f6ecb06e9acc28c92768fd,5d358b6c5a5867da6c0266c0be765b15c358f3e7c86e6435a9368d6de55300a4,stategen-2026-08-10-b0b209bda1d7
002915:20260806:1865,002915,2026-08-10,2026-08-06,B2_READY,20.9700,0.01,2026-08-11,2026-08-17,33477d92689e92901de51f20594899c1f1cd0f3448f6ecb06e9acc28c92768fd,5d358b6c5a5867da6c0266c0be765b15c358f3e7c86e6435a9368d6de55300a4,stategen-2026-08-10-b0b209bda1d7
002916:20260804:33254,002916,2026-08-10,2026-08-04,B2_READY,406.7000,0.01,2026-08-11,2026-08-13,33477d92689e92901de51f20594899c1f1cd0f3448f6ecb06e9acc28c92768fd,5d358b6c5a5867da6c0266c0be765b15c358f3e7c86e6435a9368d6de55300a4,stategen-2026-08-10-b0b209bda1d7
002943:20260807:3596,002943,2026-08-11,2026-08-07,B1_READY,37.6600,0.01,2026-08-12,2026-08-18,33477d92689e92901de51f20594899c1f1cd0f3448f6ecb06e9acc28c92768fd,5d358b6c5a5867da6c0266c0be765b15c358f3e7c86e6435a9368d6de55300a4,stategen-2026-08-11-e71e21b00729
002951:20260810:1547,002951,2026-08-11,2026-08-10,B1_READY,17.1500,0.01,2026-08-12,2026-08-19,33477d92689e92901de51f20594899c1f1cd0f3448f6ecb06e9acc28c92768fd,5d358b6c5a5867da6c0266c0be765b15c358f3e7c86e6435a9368d6de55300a4,stategen-2026-08-11-e71e21b00729
002989:20260804:2180,002989,2026-08-10,2026-08-04,B2_READY,29.7000,0.01,2026-08-11,2026-08-13,33477d92689e92901de51f20594899c1f1cd0f3448f6ecb06e9acc28c92768fd,5d358b6c5a5867da6c0266c0be765b15c358f3e7c86e6435a9368d6de55300a4,stategen-2026-08-10-b0b209bda1d7
002992:20260805:3619,002992,2026-08-10,2026-08-05,B2_READY,38.8300,0.01,2026-08-11,2026-08-14,33477d92689e92901de51f20594899c1f1cd0f3448f6ecb06e9acc28c92768fd,5d358b6c5a5867da6c0266c0be765b15c358f3e7c86e6435a9368d6de55300a4,stategen-2026-08-10-b0b209bda1d7
003029:20260806:1876,003029,2026-08-10,2026-08-06,B1_READY,18.3500,0.01,2026-08-11,2026-08-17,33477d92689e92901de51f20594899c1f1cd0f3448f6ecb06e9acc28c92768fd,5d358b6c5a5867da6c0266c0be765b15c358f3e7c86e6435a9368d6de55300a4,stategen-2026-08-10-b0b209bda1d7
003031:20260804:10030,003031,2026-08-10,2026-08-04,B2_READY,142.4400,0.01,2026-08-11,2026-08-13,33477d92689e92901de51f20594899c1f1cd0f3448f6ecb06e9acc28c92768fd,5d358b6c5a5867da6c0266c0be765b15c358f3e7c86e6435a9368d6de55300a4,stategen-2026-08-10-b0b209bda1d7
003040:20260806:1246,003040,2026-08-10,2026-08-06,B2_READY,14.7600,0.01,2026-08-11,2026-08-17,33477d92689e92901de51f20594899c1f1cd0f3448f6ecb06e9acc28c92768fd,5d358b6c5a5867da6c0266c0be765b15c358f3e7c86e6435a9368d6de55300a4,stategen-2026-08-10-b0b209bda1d7
003043:20260810:7425,003043,2026-08-11,2026-08-10,B1_READY,83.4100,0.01,2026-08-12,2026-08-19,33477d92689e92901de51f20594899c1f1cd0f3448f6ecb06e9acc28c92768fd,5d358b6c5a5867da6c0266c0be765b15c358f3e7c86e6435a9368d6de55300a4,stategen-2026-08-11-e71e21b00729
600105:20260804:3429,600105,2026-08-10,2026-08-04,B2_READY,39.1000,0.01,2026-08-11,2026-08-13,33477d92689e92901de51f20594899c1f1cd0f3448f6ecb06e9acc28c92768fd,5d358b6c5a5867da6c0266c0be765b15c358f3e7c86e6435a9368d6de55300a4,stategen-2026-08-10-b0b209bda1d7
600110:20260807:1046,600110,2026-08-11,2026-08-07,B1_READY,11.0900,0.01,2026-08-12,2026-08-18,33477d92689e92901de51f20594899c1f1cd0f3448f6ecb06e9acc28c92768fd,5d358b6c5a5867da6c0266c0be765b15c358f3e7c86e6435a9368d6de55300a4,stategen-2026-08-11-e71e21b00729
600127:20260806:617,600127,2026-08-10,2026-08-06,B2_READY,6.7400,0.01,2026-08-11,2026-08-17,33477d92689e92901de51f20594899c1f1cd0f3448f6ecb06e9acc28c92768fd,5d358b6c5a5867da6c0266c0be765b15c358f3e7c86e6435a9368d6de55300a4,stategen-2026-08-10-b0b209bda1d7
600156:20260806:884,600156,2026-08-11,2026-08-06,B1_READY,8.6400,0.01,2026-08-12,2026-08-17,33477d92689e92901de51f20594899c1f1cd0f3448f6ecb06e9acc28c92768fd,5d358b6c5a5867da6c0266c0be765b15c358f3e7c86e6435a9368d6de55300a4,stategen-2026-08-11-e71e21b00729
600183:20260807:13998,600183,2026-08-10,2026-08-07,B1_READY,147.9000,0.01,2026-08-11,2026-08-18,33477d92689e92901de51f20594899c1f1cd0f3448f6ecb06e9acc28c92768fd,5d358b6c5a5867da6c0266c0be765b15c358f3e7c86e6435a9368d6de55300a4,stategen-2026-08-10-b0b209bda1d7
600227:20260810:367,600227,2026-08-11,2026-08-10,B1_READY,3.8100,0.01,2026-08-12,2026-08-19,33477d92689e92901de51f20594899c1f1cd0f3448f6ecb06e9acc28c92768fd,5d358b6c5a5867da6c0266c0be765b15c358f3e7c86e6435a9368d6de55300a4,stategen-2026-08-11-e71e21b00729
600316:20260810:2853,600316,2026-08-11,2026-08-10,B1_READY,29.7500,0.01,2026-08-12,2026-08-19,33477d92689e92901de51f20594899c1f1cd0f3448f6ecb06e9acc28c92768fd,5d358b6c5a5867da6c0266c0be765b15c358f3e7c86e6435a9368d6de55300a4,stategen-2026-08-11-e71e21b00729
600330:20260806:2165,600330,2026-08-10,2026-08-06,B2_READY,24.1700,0.01,2026-08-11,2026-08-17,33477d92689e92901de51f20594899c1f1cd0f3448f6ecb06e9acc28c92768fd,5d358b6c5a5867da6c0266c0be765b15c358f3e7c86e6435a9368d6de55300a4,stategen-2026-08-10-b0b209bda1d7
600337:20260810:289,600337,2026-08-11,2026-08-10,B1_READY,3.2300,0.01,2026-08-12,2026-08-19,33477d92689e92901de51f20594899c1f1cd0f3448f6ecb06e9acc28c92768fd,5d358b6c5a5867da6c0266c0be765b15c358f3e7c86e6435a9368d6de55300a4,stategen-2026-08-11-e71e21b00729
600367:20260805:2992,600367,2026-08-10,2026-08-05,B2_READY,44.8000,0.01,2026-08-11,2026-08-14,33477d92689e92901de51f20594899c1f1cd0f3448f6ecb06e9acc28c92768fd,5d358b6c5a5867da6c0266c0be765b15c358f3e7c86e6435a9368d6de55300a4,stategen-2026-08-10-b0b209bda1d7
600396:20260803:1551,600396,2026-08-10,2026-08-03,B2_READY,18.1500,0.01,2026-08-11,2026-08-12,33477d92689e92901de51f20594899c1f1cd0f3448f6ecb06e9acc28c92768fd,5d358b6c5a5867da6c0266c0be765b15c358f3e7c86e6435a9368d6de55300a4,stategen-2026-08-10-b0b209bda1d7
600410:20260804:1562,600410,2026-08-10,2026-08-04,B2_READY,16.9300,0.01,2026-08-11,2026-08-13,33477d92689e92901de51f20594899c1f1cd0f3448f6ecb06e9acc28c92768fd,5d358b6c5a5867da6c0266c0be765b15c358f3e7c86e6435a9368d6de55300a4,stategen-2026-08-10-b0b209bda1d7
600468:20260803:622,600468,2026-08-10,2026-08-03,B2_READY,7.4900,0.01,2026-08-11,2026-08-12,33477d92689e92901de51f20594899c1f1cd0f3448f6ecb06e9acc28c92768fd,5d358b6c5a5867da6c0266c0be765b15c358f3e7c86e6435a9368d6de55300a4,stategen-2026-08-10-b0b209bda1d7
600500:20260807:551,600500,2026-08-10,2026-08-07,B1_READY,5.9800,0.01,2026-08-11,2026-08-18,33477d92689e92901de51f20594899c1f1cd0f3448f6ecb06e9acc28c92768fd,5d358b6c5a5867da6c0266c0be765b15c358f3e7c86e6435a9368d6de55300a4,stategen-2026-08-10-b0b209bda1d7
600584:20260806:7587,600584,2026-08-10,2026-08-06,B2_READY,82.8900,0.01,2026-08-11,2026-08-17,33477d92689e92901de51f20594899c1f1cd0f3448f6ecb06e9acc28c92768fd,5d358b6c5a5867da6c0266c0be765b15c358f3e7c86e6435a9368d6de55300a4,stategen-2026-08-10-b0b209bda1d7
600644:20260803:1029,600644,2026-08-10,2026-08-03,B2_READY,11.5000,0.01,2026-08-11,2026-08-12,33477d92689e92901de51f20594899c1f1cd0f3448f6ecb06e9acc28c92768fd,5d358b6c5a5867da6c0266c0be765b15c358f3e7c86e6435a9368d6de55300a4,stategen-2026-08-10-b0b209bda1d7
600651:20260807:640,600651,2026-08-11,2026-08-07,B1_READY,6.5000,0.01,2026-08-12,2026-08-18,33477d92689e92901de51f20594899c1f1cd0f3448f6ecb06e9acc28c92768fd,5d358b6c5a5867da6c0266c0be765b15c358f3e7c86e6435a9368d6de55300a4,stategen-2026-08-11-e71e21b00729
600665:20260806:333,600665,2026-08-10,2026-08-06,B2_READY,3.4400,0.01,2026-08-11,2026-08-17,33477d92689e92901de51f20594899c1f1cd0f3448f6ecb06e9acc28c92768fd,5d358b6c5a5867da6c0266c0be765b15c358f3e7c86e6435a9368d6de55300a4,stategen-2026-08-10-b0b209bda1d7
600666:20260804:378,600666,2026-08-10,2026-08-04,B2_READY,4.0800,0.01,2026-08-11,2026-08-13,33477d92689e92901de51f20594899c1f1cd0f3448f6ecb06e9acc28c92768fd,5d358b6c5a5867da6c0266c0be765b15c358f3e7c86e6435a9368d6de55300a4,stategen-2026-08-10-b0b209bda1d7
600698:20260810:722,600698,2026-08-11,2026-08-10,B1_READY,7.7800,0.01,2026-08-12,2026-08-19,33477d92689e92901de51f20594899c1f1cd0f3448f6ecb06e9acc28c92768fd,5d358b6c5a5867da6c0266c0be765b15c358f3e7c86e6435a9368d6de55300a4,stategen-2026-08-11-e71e21b00729
600722:20260810:1252,600722,2026-08-11,2026-08-10,B1_READY,13.2300,0.01,2026-08-12,2026-08-19,33477d92689e92901de51f20594899c1f1cd0f3448f6ecb06e9acc28c92768fd,5d358b6c5a5867da6c0266c0be765b15c358f3e7c86e6435a9368d6de55300a4,stategen-2026-08-11-e71e21b00729
600744:20260807:788,600744,2026-08-10,2026-08-07,B1_READY,8.4500,0.01,2026-08-11,2026-08-18,33477d92689e92901de51f20594899c1f1cd0f3448f6ecb06e9acc28c92768fd,5d358b6c5a5867da6c0266c0be765b15c358f3e7c86e6435a9368d6de55300a4,stategen-2026-08-10-b0b209bda1d7
600758:20260806:367,600758,2026-08-10,2026-08-06,B2_READY,4.9500,0.01,2026-08-11,2026-08-17,33477d92689e92901de51f20594899c1f1cd0f3448f6ecb06e9acc28c92768fd,5d358b6c5a5867da6c0266c0be765b15c358f3e7c86e6435a9368d6de55300a4,stategen-2026-08-10-b0b209bda1d7
600793:20260810:1566,600793,2026-08-11,2026-08-10,B1_READY,19.4000,0.01,2026-08-12,2026-08-19,33477d92689e92901de51f20594899c1f1cd0f3448f6ecb06e9acc28c92768fd,5d358b6c5a5867da6c0266c0be765b15c358f3e7c86e6435a9368d6de55300a4,stategen-2026-08-11-e71e21b00729
600815:20260810:361,600815,2026-08-11,2026-08-10,B1_READY,4.0700,0.01,2026-08-12,2026-08-19,33477d92689e92901de51f20594899c1f1cd0f3448f6ecb06e9acc28c92768fd,5d358b6c5a5867da6c0266c0be765b15c358f3e7c86e6435a9368d6de55300a4,stategen-2026-08-11-e71e21b00729
600936:20260810:616,600936,2026-08-11,2026-08-10,B1_READY,6.6600,0.01,2026-08-12,2026-08-19,33477d92689e92901de51f20594899c1f1cd0f3448f6ecb06e9acc28c92768fd,5d358b6c5a5867da6c0266c0be765b15c358f3e7c86e6435a9368d6de55300a4,stategen-2026-08-11-e71e21b00729
600985:20260806:1650,600985,2026-08-10,2026-08-06,B2_READY,17.4000,0.01,2026-08-11,2026-08-17,33477d92689e92901de51f20594899c1f1cd0f3448f6ecb06e9acc28c92768fd,5d358b6c5a5867da6c0266c0be765b15c358f3e7c86e6435a9368d6de55300a4,stategen-2026-08-10-b0b209bda1d7
601126:20260804:4213,601126,2026-08-10,2026-08-04,B2_READY,53.0000,0.01,2026-08-11,2026-08-13,33477d92689e92901de51f20594899c1f1cd0f3448f6ecb06e9acc28c92768fd,5d358b6c5a5867da6c0266c0be765b15c358f3e7c86e6435a9368d6de55300a4,stategen-2026-08-10-b0b209bda1d7
601138:20260805:6592,601138,2026-08-10,2026-08-05,B2_READY,71.0000,0.01,2026-08-11,2026-08-14,33477d92689e92901de51f20594899c1f1cd0f3448f6ecb06e9acc28c92768fd,5d358b6c5a5867da6c0266c0be765b15c358f3e7c86e6435a9368d6de55300a4,stategen-2026-08-10-b0b209bda1d7
601231:20260805:2596,601231,2026-08-10,2026-08-05,B2_READY,29.0800,0.01,2026-08-11,2026-08-14,33477d92689e92901de51f20594899c1f1cd0f3448f6ecb06e9acc28c92768fd,5d358b6c5a5867da6c0266c0be765b15c358f3e7c86e6435a9368d6de55300a4,stategen-2026-08-10-b0b209bda1d7
601699:20260806:1624,601699,2026-08-10,2026-08-06,B2_READY,17.3900,0.01,2026-08-11,2026-08-17,33477d92689e92901de51f20594899c1f1cd0f3448f6ecb06e9acc28c92768fd,5d358b6c5a5867da6c0266c0be765b15c358f3e7c86e6435a9368d6de55300a4,stategen-2026-08-10-b0b209bda1d7
601865:20260807:1175,601865,2026-08-11,2026-08-07,B1_READY,12.0300,0.01,2026-08-12,2026-08-18,33477d92689e92901de51f20594899c1f1cd0f3448f6ecb06e9acc28c92768fd,5d358b6c5a5867da6c0266c0be765b15c358f3e7c86e6435a9368d6de55300a4,stategen-2026-08-11-e71e21b00729
601869:20260805:31240,601869,2026-08-10,2026-08-05,B2_READY,408.6000,0.01,2026-08-11,2026-08-14,33477d92689e92901de51f20594899c1f1cd0f3448f6ecb06e9acc28c92768fd,5d358b6c5a5867da6c0266c0be765b15c358f3e7c86e6435a9368d6de55300a4,stategen-2026-08-10-b0b209bda1d7
603011:20260807:2268,603011,2026-08-10,2026-08-07,B1_READY,25.9800,0.01,2026-08-11,2026-08-18,33477d92689e92901de51f20594899c1f1cd0f3448f6ecb06e9acc28c92768fd,5d358b6c5a5867da6c0266c0be765b15c358f3e7c86e6435a9368d6de55300a4,stategen-2026-08-10-b0b209bda1d7
603038:20260810:1506,603038,2026-08-11,2026-08-10,B1_READY,16.8500,0.01,2026-08-12,2026-08-19,33477d92689e92901de51f20594899c1f1cd0f3448f6ecb06e9acc28c92768fd,5d358b6c5a5867da6c0266c0be765b15c358f3e7c86e6435a9368d6de55300a4,stategen-2026-08-11-e71e21b00729
603045:20260805:5356,603045,2026-08-10,2026-08-05,B2_READY,72.6500,0.01,2026-08-11,2026-08-14,33477d92689e92901de51f20594899c1f1cd0f3448f6ecb06e9acc28c92768fd,5d358b6c5a5867da6c0266c0be765b15c358f3e7c86e6435a9368d6de55300a4,stategen-2026-08-10-b0b209bda1d7
603065:20260810:1775,603065,2026-08-11,2026-08-10,B1_READY,20.1100,0.01,2026-08-12,2026-08-19,33477d92689e92901de51f20594899c1f1cd0f3448f6ecb06e9acc28c92768fd,5d358b6c5a5867da6c0266c0be765b15c358f3e7c86e6435a9368d6de55300a4,stategen-2026-08-11-e71e21b00729
603123:20260806:1007,603123,2026-08-10,2026-08-06,B2_READY,10.3600,0.01,2026-08-11,2026-08-17,33477d92689e92901de51f20594899c1f1cd0f3448f6ecb06e9acc28c92768fd,5d358b6c5a5867da6c0266c0be765b15c358f3e7c86e6435a9368d6de55300a4,stategen-2026-08-10-b0b209bda1d7
603124:20260807:14166,603124,2026-08-10,2026-08-07,B1_READY,156.5800,0.01,2026-08-11,2026-08-18,33477d92689e92901de51f20594899c1f1cd0f3448f6ecb06e9acc28c92768fd,5d358b6c5a5867da6c0266c0be765b15c358f3e7c86e6435a9368d6de55300a4,stategen-2026-08-10-b0b209bda1d7
603125:20260805:2261,603125,2026-08-10,2026-08-05,B2_READY,24.9800,0.01,2026-08-11,2026-08-14,33477d92689e92901de51f20594899c1f1cd0f3448f6ecb06e9acc28c92768fd,5d358b6c5a5867da6c0266c0be765b15c358f3e7c86e6435a9368d6de55300a4,stategen-2026-08-10-b0b209bda1d7
603130:20260810:4433,603130,2026-08-11,2026-08-10,B1_READY,46.5500,0.01,2026-08-12,2026-08-19,33477d92689e92901de51f20594899c1f1cd0f3448f6ecb06e9acc28c92768fd,5d358b6c5a5867da6c0266c0be765b15c358f3e7c86e6435a9368d6de55300a4,stategen-2026-08-11-e71e21b00729
603137:20260807:2750,603137,2026-08-10,2026-08-07,B1_READY,31.7400,0.01,2026-08-11,2026-08-18,33477d92689e92901de51f20594899c1f1cd0f3448f6ecb06e9acc28c92768fd,5d358b6c5a5867da6c0266c0be765b15c358f3e7c86e6435a9368d6de55300a4,stategen-2026-08-10-b0b209bda1d7
603151:20260810:1412,603151,2026-08-11,2026-08-10,B1_READY,15.4400,0.01,2026-08-12,2026-08-19,33477d92689e92901de51f20594899c1f1cd0f3448f6ecb06e9acc28c92768fd,5d358b6c5a5867da6c0266c0be765b15c358f3e7c86e6435a9368d6de55300a4,stategen-2026-08-11-e71e21b00729
603206:20260805:1554,603206,2026-08-10,2026-08-05,B2_READY,16.0000,0.01,2026-08-11,2026-08-14,33477d92689e92901de51f20594899c1f1cd0f3448f6ecb06e9acc28c92768fd,5d358b6c5a5867da6c0266c0be765b15c358f3e7c86e6435a9368d6de55300a4,stategen-2026-08-10-b0b209bda1d7
603256:20260805:13811,603256,2026-08-10,2026-08-05,B2_READY,164.6000,0.01,2026-08-11,2026-08-14,33477d92689e92901de51f20594899c1f1cd0f3448f6ecb06e9acc28c92768fd,5d358b6c5a5867da6c0266c0be765b15c358f3e7c86e6435a9368d6de55300a4,stategen-2026-08-10-b0b209bda1d7
603269:20260810:1553,603269,2026-08-11,2026-08-10,B1_READY,17.4600,0.01,2026-08-12,2026-08-19,33477d92689e92901de51f20594899c1f1cd0f3448f6ecb06e9acc28c92768fd,5d358b6c5a5867da6c0266c0be765b15c358f3e7c86e6435a9368d6de55300a4,stategen-2026-08-11-e71e21b00729
603285:20260806:3586,603285,2026-08-10,2026-08-06,B2_READY,42.5000,0.01,2026-08-11,2026-08-17,33477d92689e92901de51f20594899c1f1cd0f3448f6ecb06e9acc28c92768fd,5d358b6c5a5867da6c0266c0be765b15c358f3e7c86e6435a9368d6de55300a4,stategen-2026-08-10-b0b209bda1d7
603328:20260807:1085,603328,2026-08-11,2026-08-07,B1_READY,11.9400,0.01,2026-08-12,2026-08-18,33477d92689e92901de51f20594899c1f1cd0f3448f6ecb06e9acc28c92768fd,5d358b6c5a5867da6c0266c0be765b15c358f3e7c86e6435a9368d6de55300a4,stategen-2026-08-11-e71e21b00729
603335:20260805:669,603335,2026-08-10,2026-08-05,B2_READY,7.4300,0.01,2026-08-11,2026-08-14,33477d92689e92901de51f20594899c1f1cd0f3448f6ecb06e9acc28c92768fd,5d358b6c5a5867da6c0266c0be765b15c358f3e7c86e6435a9368d6de55300a4,stategen-2026-08-10-b0b209bda1d7
603421:20260806:641,603421,2026-08-10,2026-08-06,B1_READY,6.8000,0.01,2026-08-11,2026-08-17,33477d92689e92901de51f20594899c1f1cd0f3448f6ecb06e9acc28c92768fd,5d358b6c5a5867da6c0266c0be765b15c358f3e7c86e6435a9368d6de55300a4,stategen-2026-08-10-b0b209bda1d7
603466:20260804:1113,603466,2026-08-10,2026-08-04,B2_READY,12.0500,0.01,2026-08-11,2026-08-13,33477d92689e92901de51f20594899c1f1cd0f3448f6ecb06e9acc28c92768fd,5d358b6c5a5867da6c0266c0be765b15c358f3e7c86e6435a9368d6de55300a4,stategen-2026-08-10-b0b209bda1d7
603567:20260807:708,603567,2026-08-10,2026-08-07,B1_READY,8.0000,0.01,2026-08-11,2026-08-18,33477d92689e92901de51f20594899c1f1cd0f3448f6ecb06e9acc28c92768fd,5d358b6c5a5867da6c0266c0be765b15c358f3e7c86e6435a9368d6de55300a4,stategen-2026-08-10-b0b209bda1d7
603610:20260803:1450,603610,2026-08-10,2026-08-03,B2_READY,15.9500,0.01,2026-08-11,2026-08-12,33477d92689e92901de51f20594899c1f1cd0f3448f6ecb06e9acc28c92768fd,5d358b6c5a5867da6c0266c0be765b15c358f3e7c86e6435a9368d6de55300a4,stategen-2026-08-10-b0b209bda1d7
603618:20260805:2622,603618,2026-08-10,2026-08-05,B2_READY,28.2200,0.01,2026-08-11,2026-08-14,33477d92689e92901de51f20594899c1f1cd0f3448f6ecb06e9acc28c92768fd,5d358b6c5a5867da6c0266c0be765b15c358f3e7c86e6435a9368d6de55300a4,stategen-2026-08-10-b0b209bda1d7
603626:20260805:1511,603626,2026-08-10,2026-08-05,B2_READY,17.8900,0.01,2026-08-11,2026-08-14,33477d92689e92901de51f20594899c1f1cd0f3448f6ecb06e9acc28c92768fd,5d358b6c5a5867da6c0266c0be765b15c358f3e7c86e6435a9368d6de55300a4,stategen-2026-08-10-b0b209bda1d7
603657:20260805:2614,603657,2026-08-10,2026-08-05,B2_READY,31.8100,0.01,2026-08-11,2026-08-14,33477d92689e92901de51f20594899c1f1cd0f3448f6ecb06e9acc28c92768fd,5d358b6c5a5867da6c0266c0be765b15c358f3e7c86e6435a9368d6de55300a4,stategen-2026-08-10-b0b209bda1d7
603660:20260807:1199,603660,2026-08-10,2026-08-07,B1_READY,12.5800,0.01,2026-08-11,2026-08-18,33477d92689e92901de51f20594899c1f1cd0f3448f6ecb06e9acc28c92768fd,5d358b6c5a5867da6c0266c0be765b15c358f3e7c86e6435a9368d6de55300a4,stategen-2026-08-10-b0b209bda1d7
603661:20260804:3149,603661,2026-08-10,2026-08-04,B2_READY,34.5800,0.01,2026-08-11,2026-08-13,33477d92689e92901de51f20594899c1f1cd0f3448f6ecb06e9acc28c92768fd,5d358b6c5a5867da6c0266c0be765b15c358f3e7c86e6435a9368d6de55300a4,stategen-2026-08-10-b0b209bda1d7
603725:20260810:1122,603725,2026-08-11,2026-08-10,B1_READY,12.5000,0.01,2026-08-12,2026-08-19,33477d92689e92901de51f20594899c1f1cd0f3448f6ecb06e9acc28c92768fd,5d358b6c5a5867da6c0266c0be765b15c358f3e7c86e6435a9368d6de55300a4,stategen-2026-08-11-e71e21b00729
603826:20260805:1736,603826,2026-08-10,2026-08-05,B2_READY,22.5300,0.01,2026-08-11,2026-08-14,33477d92689e92901de51f20594899c1f1cd0f3448f6ecb06e9acc28c92768fd,5d358b6c5a5867da6c0266c0be765b15c358f3e7c86e6435a9368d6de55300a4,stategen-2026-08-10-b0b209bda1d7
603912:20260804:784,603912,2026-08-10,2026-08-04,B2_READY,8.7900,0.01,2026-08-11,2026-08-13,33477d92689e92901de51f20594899c1f1cd0f3448f6ecb06e9acc28c92768fd,5d358b6c5a5867da6c0266c0be765b15c358f3e7c86e6435a9368d6de55300a4,stategen-2026-08-10-b0b209bda1d7
603931:20260804:3223,603931,2026-08-10,2026-08-04,B2_READY,37.8000,0.01,2026-08-11,2026-08-13,33477d92689e92901de51f20594899c1f1cd0f3448f6ecb06e9acc28c92768fd,5d358b6c5a5867da6c0266c0be765b15c358f3e7c86e6435a9368d6de55300a4,stategen-2026-08-10-b0b209bda1d7
603936:20260807:1593,603936,2026-08-11,2026-08-07,B1_READY,16.5700,0.01,2026-08-12,2026-08-18,33477d92689e92901de51f20594899c1f1cd0f3448f6ecb06e9acc28c92768fd,5d358b6c5a5867da6c0266c0be765b15c358f3e7c86e6435a9368d6de55300a4,stategen-2026-08-11-e71e21b00729
605056:20260803:1481,605056,2026-08-10,2026-08-03,B2_READY,15.6100,0.01,2026-08-11,2026-08-12,33477d92689e92901de51f20594899c1f1cd0f3448f6ecb06e9acc28c92768fd,5d358b6c5a5867da6c0266c0be765b15c358f3e7c86e6435a9368d6de55300a4,stategen-2026-08-10-b0b209bda1d7
605128:20260810:2508,605128,2026-08-11,2026-08-10,B1_READY,27.2800,0.01,2026-08-12,2026-08-19,33477d92689e92901de51f20594899c1f1cd0f3448f6ecb06e9acc28c92768fd,5d358b6c5a5867da6c0266c0be765b15c358f3e7c86e6435a9368d6de55300a4,stategen-2026-08-11-e71e21b00729
605178:20260805:6424,605178,2026-08-10,2026-08-05,B2_READY,71.3500,0.01,2026-08-11,2026-08-14,33477d92689e92901de51f20594899c1f1cd0f3448f6ecb06e9acc28c92768fd,5d358b6c5a5867da6c0266c0be765b15c358f3e7c86e6435a9368d6de55300a4,stategen-2026-08-10-b0b209bda1d7
605289:20260807:10449,605289,2026-08-10,2026-08-07,B1_READY,112.5600,0.01,2026-08-11,2026-08-18,33477d92689e92901de51f20594899c1f1cd0f3448f6ecb06e9acc28c92768fd,5d358b6c5a5867da6c0266c0be765b15c358f3e7c86e6435a9368d6de55300a4,stategen-2026-08-10-b0b209bda1d7
605303:20260804:2108,605303,2026-08-10,2026-08-04,B2_READY,22.5600,0.01,2026-08-11,2026-08-13,33477d92689e92901de51f20594899c1f1cd0f3448f6ecb06e9acc28c92768fd,5d358b6c5a5867da6c0266c0be765b15c358f3e7c86e6435a9368d6de55300a4,stategen-2026-08-10-b0b209bda1d7
605488:20260803:2698,605488,2026-08-10,2026-08-03,B2_READY,29.4500,0.01,2026-08-11,2026-08-12,33477d92689e92901de51f20594899c1f1cd0f3448f6ecb06e9acc28c92768fd,5d358b6c5a5867da6c0266c0be765b15c358f3e7c86e6435a9368d6de55300a4,stategen-2026-08-10-b0b209bda1d7
