episode_id,symbol,outcome,OUTCOME_EVENT_DATE,EVENT_SESSION_OFFSET,fetch_status,bar_count,first_timestamp,last_timestamp,monotonic,duplicate_ts,ohlc_valid,max_gap_min,READY_0945,READY_1000,READY_1030,READY_1130,FULL_SESSION_COMPLETE,has_pm_session,has_close_session,INTRADAY_DAILY_MISMATCH,mismatch_detail,daily_high,minute_high,daily_close,minute_close,daily_s1_ok,data_source,5m_fetch_status,5m_has_data,5m_bar_count,5M_READY_0945,5M_READY_1000,5M_READY_1030,5M_READY_1130,5M_FULL_SESSION_COMPLETE
000063:20260528:3830,000063,SUCCESS,2026-06-05,3.0,OK,0,,,,,,,False,False,False,False,False,False,False,False,,41.3,,39.13,,True,NONE,OK,True,2,False,False,False,False,False
002903:20260602:4329,002903,FAILED_BREAKOUT,2026-06-05,2.0,OK,0,,,,,,,False,False,False,False,False,False,False,False,,47.91,,47.91,,True,NONE,OK,True,2,False,False,False,False,False
002637:20260601:1194,002637,FAILED_BREAKOUT,2026-06-05,2.0,OK,0,,,,,,,False,False,False,False,False,False,False,False,,13.48,,13.09,,True,NONE,OK,True,2,False,False,False,False,False
002068:20260601:1041,002068,FAILED_BREAKOUT,2026-06-05,2.0,OK,0,,,,,,,False,False,False,False,False,False,False,False,,11.09,,10.76,,True,NONE,OK,True,2,False,False,False,False,False
600105:20260602:4962,600105,FAILED_BREAKOUT,2026-06-05,2.0,OK,0,,,,,,,False,False,False,False,False,False,False,False,,59.72,,55.42,,True,NONE,OK,True,2,False,False,False,False,False
600516:20260603:548,600516,SUCCESS,2026-06-05,1.0,OK,0,,,,,,,False,False,False,False,False,False,False,False,,5.83,,5.83,,True,NONE,OK,True,2,False,False,False,False,False
603065:20260603:839,603065,SUCCESS,2026-06-05,1.0,OK,0,,,,,,,False,False,False,False,False,False,False,False,,9.55,,9.55,,True,NONE,OK,True,2,False,False,False,False,False
002971:20260604:3739,002971,FAILED_BREAKOUT,2026-06-10,3.0,OK,0,,,,,,,False,False,False,False,False,False,False,False,,47.95,,47.95,,True,NONE,OK,True,48,True,True,True,True,True
002931:20260604:5786,002931,FAILED_BREAKOUT,2026-06-08,1.0,OK,0,,,,,,,False,False,False,False,False,False,False,False,,65.6,,65.6,,True,NONE,OK,True,48,True,True,True,True,True
000670:20260604:967,000670,SUCCESS,2026-06-09,1.0,OK,0,,,,,,,False,False,False,False,False,False,False,False,,10.04,,10.04,,True,NONE,OK,True,48,True,True,True,True,True
002983:20260605:2484,002983,FAILED_BREAKOUT,2026-06-11,3.0,OK,0,,,,,,,False,False,False,False,False,False,False,False,,25.36,,24.87,,True,NONE,OK,True,48,True,True,True,True,True
002631:20260605:745,002631,FAILED_BREAKOUT,2026-06-10,2.0,OK,0,,,,,,,False,False,False,False,False,False,False,False,,8.39,,7.85,,True,NONE,OK,True,48,True,True,True,True,True
002585:20260604:1180,002585,FAILED_BREAKOUT,2026-06-10,2.0,OK,0,,,,,,,False,False,False,False,False,False,False,False,,13.42,,13.42,,True,NONE,OK,True,48,True,True,True,True,True
001309:20260604:68085,001309,FAILED_BREAKOUT,2026-06-10,2.0,OK,0,,,,,,,False,False,False,False,False,False,False,False,,640.63,,627.95,,True,NONE,OK,True,48,True,True,True,True,True
603020:20260605:1067,603020,SUCCESS,2026-06-09,1.0,OK,0,,,,,,,False,False,False,False,False,False,False,False,,11.64,,11.64,,True,NONE,OK,True,48,True,True,True,True,True
002051:20260604:1202,002051,FAILED_BREAKOUT,2026-06-10,2.0,OK,0,,,,,,,False,False,False,False,False,False,False,False,,12.32,,12.03,,True,NONE,OK,True,48,True,True,True,True,True
603938:20260605:5282,603938,FAILED_BREAKOUT,2026-06-10,2.0,OK,0,,,,,,,False,False,False,False,False,False,False,False,,59.98,,59.98,,True,NONE,OK,True,48,True,True,True,True,True
601869:20260602:40874,601869,FAILED_BREAKOUT,2026-06-10,2.0,OK,0,,,,,,,False,False,False,False,False,False,False,False,,495.0,,452.69,,True,NONE,OK,True,48,True,True,True,True,True
000833:20260608:2368,000833,FAILED_BREAKOUT,2026-06-10,1.0,OK,0,,,,,,,False,False,False,False,False,False,False,False,,26.44,,25.54,,True,NONE,OK,True,48,True,True,True,True,True
003030:20260601:2574,003030,SUCCESS,2026-06-10,1.0,OK,0,,,,,,,False,False,False,False,False,False,False,False,,23.42,,23.42,,True,NONE,OK,True,48,True,True,True,True,True
002931:20260608:6560,002931,FAILED_BREAKOUT,2026-06-10,1.0,OK,0,,,,,,,False,False,False,False,False,False,False,False,,75.4,,68.88,,True,NONE,OK,True,48,True,True,True,True,True
003018:20260609:5468,003018,FAILED_BREAKOUT,2026-06-11,1.0,OK,0,,,,,,,False,False,False,False,False,False,False,False,,59.1,,57.77,,True,NONE,OK,True,48,True,True,True,True,True
600110:20260609:1181,600110,FAILED_BREAKOUT,2026-06-12,2.0,OK,0,,,,,,,False,False,False,False,False,False,False,False,,13.44,,12.94,,True,NONE,OK,True,48,True,True,True,True,True
603260:20260609:3933,603260,FAILED_BREAKOUT,2026-06-11,1.0,OK,0,,,,,,,False,False,False,False,False,False,False,False,,42.67,,41.4,,True,NONE,OK,True,48,True,True,True,True,True
002129:20260609:981,002129,FAILED_BREAKOUT,2026-06-12,2.0,OK,0,,,,,,,False,False,False,False,False,False,False,False,,11.14,,9.98,,True,NONE,OK,True,48,True,True,True,True,True
000037:20260609:1139,000037,FAILED_BREAKOUT,2026-06-11,1.0,OK,0,,,,,,,False,False,False,False,False,False,False,False,,11.74,,11.54,,True,NONE,OK,True,48,True,True,True,True,True
600641:20260609:2703,600641,FAILED_BREAKOUT,2026-06-11,1.0,OK,0,,,,,,,False,False,False,False,False,False,False,False,,30.28,,28.91,,True,NONE,OK,True,48,True,True,True,True,True
002490:20260608:823,002490,SUCCESS,2026-06-12,2.0,OK,0,,,,,,,False,False,False,False,False,False,False,False,,9.23,,8.84,,True,NONE,OK,True,48,True,True,True,True,True
605111:20260609:6199,605111,SUCCESS,2026-06-17,3.0,OK,0,,,,,,,False,False,False,False,False,False,False,False,,71.81,,71.15,,True,NONE,OK,True,48,True,True,True,True,True
600714:20260605:3290,600714,FAILED_BREAKOUT,2026-06-12,1.0,OK,0,,,,,,,False,False,False,False,False,False,False,False,,31.22,,28.05,,True,NONE,OK,True,48,True,True,True,True,True
600732:20260610:1207,600732,FAILED_BREAKOUT,2026-06-12,1.0,OK,0,,,,,,,False,False,False,False,False,False,False,False,,13.27,,12.7,,True,NONE,OK,True,48,True,True,True,True,True
003030:20260610:2342,003030,FAILED_BREAKOUT,2026-06-15,2.0,OK,0,,,,,,,False,False,False,False,False,False,False,False,,25.25,,24.15,,True,NONE,OK,True,48,True,True,True,True,True
603335:20260609:768,603335,FAILED_BREAKOUT,2026-06-12,1.0,OK,0,,,,,,,False,False,False,False,False,False,False,False,,8.05,,8.05,,True,NONE,OK,True,48,True,True,True,True,True
002583:20260609:939,002583,FAILED_BREAKOUT,2026-06-12,1.0,OK,0,,,,,,,False,False,False,False,False,False,False,False,,10.18,,9.55,,True,NONE,OK,True,48,True,True,True,True,True
002837:20260609:6972,002837,SUCCESS,2026-06-16,3.0,OK,0,,,,,,,False,False,False,False,False,False,False,False,,75.14,,73.19,,True,NONE,OK,True,48,True,True,True,True,True
002378:20260611:3363,002378,FAILED_BREAKOUT,2026-06-16,2.0,OK,0,,,,,,,False,False,False,False,False,False,False,False,,39.88,,37.88,,True,NONE,OK,True,48,True,True,True,True,True
002842:20260611:3934,002842,FAILED_BREAKOUT,2026-06-17,2.0,OK,0,,,,,,,False,False,False,False,False,False,False,False,,45.49,,43.38,,True,NONE,OK,True,48,True,True,True,True,True
002428:20260611:8824,002428,FAILED_BREAKOUT,2026-06-15,1.0,OK,0,,,,,,,False,False,False,False,False,False,False,False,,101.49,,101.49,,True,NONE,OK,True,48,True,True,True,True,True
603315:20260611:1650,603315,FAILED_BREAKOUT,2026-06-16,2.0,OK,0,,,,,,,False,False,False,False,False,False,False,False,,17.5,,17.03,,True,NONE,OK,True,48,True,True,True,True,True
000815:20260610:1687,000815,FAILED_BREAKOUT,2026-06-16,1.0,OK,0,,,,,,,False,False,False,False,False,False,False,False,,16.51,,16.3,,True,NONE,OK,True,48,True,True,True,True,True
001360:20260612:1874,001360,FAILED_BREAKOUT,2026-06-16,1.0,OK,0,,,,,,,False,False,False,False,False,False,False,False,,21.4,,20.81,,True,NONE,OK,True,48,True,True,True,True,True
002997:20260612:2938,002997,FAILED_BREAKOUT,2026-06-17,2.0,OK,0,,,,,,,False,False,False,False,False,False,False,False,,31.25,,31.11,,True,NONE,OK,True,48,True,True,True,True,True
600667:20260611:1751,600667,SUCCESS,2026-06-17,2.0,OK,0,,,,,,,False,False,False,False,False,False,False,False,,19.54,,19.02,,True,NONE,OK,True,48,True,True,True,True,True
002965:20260611:3854,002965,SUCCESS,2026-06-16,1.0,OK,0,,,,,,,False,False,False,False,False,False,False,False,,43.49,,42.92,,True,NONE,OK,True,48,True,True,True,True,True
000969:20260612:2446,000969,FAILED_BREAKOUT,2026-06-22,3.0,OK,0,,,,,,,False,False,False,False,False,False,False,False,,26.72,,26.43,,True,NONE,OK,True,48,True,True,True,True,True
603519:20260612:1364,603519,FAILED_BREAKOUT,2026-06-17,2.0,OK,0,,,,,,,False,False,False,False,False,False,False,False,,15.1,,14.88,,True,NONE,OK,True,48,True,True,True,True,True
603318:20260611:985,603318,SUCCESS,2026-06-16,1.0,OK,0,,,,,,,False,False,False,False,False,False,False,False,,9.65,,9.65,,True,NONE,OK,True,48,True,True,True,True,True
002927:20260612:2017,002927,FAILED_BREAKOUT,2026-06-18,3.0,OK,0,,,,,,,False,False,False,False,False,False,False,False,,23.45,,22.6,,True,NONE,OK,True,48,True,True,True,True,True
600601:20260612:1289,600601,FAILED_BREAKOUT,2026-06-16,1.0,OK,0,,,,,,,False,False,False,False,False,False,False,False,,14.42,,14.1,,True,NONE,OK,True,48,True,True,True,True,True
603936:20260611:2372,603936,SUCCESS,2026-06-17,2.0,OK,0,,,,,,,False,False,False,False,False,False,False,False,,27.49,,26.76,,True,NONE,OK,True,48,True,True,True,True,True
002208:20260610:1674,002208,SUCCESS,2026-06-17,2.0,OK,0,,,,,,,False,False,False,False,False,False,False,False,,18.0,,17.58,,True,NONE,OK,True,48,True,True,True,True,True
600497:20260612:928,600497,FAILED_BREAKOUT,2026-06-22,3.0,OK,0,,,,,,,False,False,False,False,False,False,False,False,,11.31,,11.31,,True,NONE,OK,True,48,True,True,True,True,True
002745:20260615:1025,002745,SUCCESS,2026-06-17,1.0,OK,0,,,,,,,False,False,False,False,False,False,False,False,,11.52,,11.43,,True,NONE,OK,True,48,True,True,True,True,True
000070:20260615:1881,000070,SUCCESS,2026-06-17,1.0,OK,0,,,,,,,False,False,False,False,False,False,False,False,,20.83,,20.66,,True,NONE,OK,True,48,True,True,True,True,True
002174:20260615:1109,002174,FAILED_BREAKOUT,2026-06-22,3.0,OK,0,,,,,,,False,False,False,False,False,False,False,False,,12.36,,12.33,,True,NONE,OK,True,48,True,True,True,True,True
000593:20260615:2267,000593,FAILED_BREAKOUT,2026-06-18,2.0,OK,0,,,,,,,False,False,False,False,False,False,False,False,,26.3,,25.2,,True,NONE,OK,True,48,True,True,True,True,True
002106:20260615:1338,002106,SUCCESS,2026-06-18,1.0,OK,0,,,,,,,False,False,False,False,False,False,False,False,,14.99,,14.07,,True,NONE,OK,True,48,True,True,True,True,True
000811:20260615:3385,000811,FAILED_BREAKOUT,2026-06-17,1.0,OK,0,,,,,,,False,False,False,False,False,False,False,False,,36.52,,36.52,,True,NONE,OK,True,48,True,True,True,True,True
603993:20260612:1911,603993,FAILED_BREAKOUT,2026-06-18,2.0,OK,0,,,,,,,False,False,False,False,False,False,False,False,,21.14,,20.04,,True,NONE,OK,True,48,True,True,True,True,True
603052:20260615:9078,603052,FAILED_BREAKOUT,2026-06-18,2.0,OK,0,,,,,,,False,False,False,False,False,False,False,False,,98.4,,95.68,,True,NONE,OK,True,48,True,True,True,True,True
600237:20260615:1068,600237,SUCCESS,2026-06-22,3.0,OK,0,,,,,,,False,False,False,False,False,False,False,False,,12.6,,12.6,,True,NONE,OK,True,48,True,True,True,True,True
002281:20260615:22547,002281,FAILED_BREAKOUT,2026-06-18,2.0,OK,0,,,,,,,False,False,False,False,False,False,False,False,,266.2,,266.2,,True,NONE,OK,True,48,True,True,True,True,True
603070:20260615:1604,603070,FAILED_BREAKOUT,2026-06-17,1.0,OK,0,,,,,,,False,False,False,False,False,False,False,False,,18.25,,18.15,,True,NONE,OK,True,48,True,True,True,True,True
600520:20260615:2958,600520,SUCCESS,2026-06-18,2.0,OK,0,,,,,,,False,False,False,False,False,False,False,False,,33.6,,32.66,,True,NONE,OK,True,48,True,True,True,True,True
002734:20260616:1639,002734,SUCCESS,2026-06-18,1.0,OK,0,,,,,,,False,False,False,False,False,False,False,False,,18.12,,18.1,,True,NONE,OK,True,48,True,True,True,True,True
002805:20260616:2420,002805,FAILED_BREAKOUT,2026-06-18,1.0,OK,0,,,,,,,False,False,False,False,False,False,False,False,,26.88,,26.88,,True,NONE,OK,True,48,True,True,True,True,True
603950:20260615:6549,603950,SUCCESS,2026-06-22,2.0,OK,0,,,,,,,False,False,False,False,False,False,False,False,,72.38,,72.38,,True,NONE,OK,True,48,True,True,True,True,True
002428:20260615:10149,002428,FAILED_BREAKOUT,2026-06-22,2.0,OK,0,,,,,,,False,False,False,False,False,False,False,False,,110.48,,110.48,,True,NONE,OK,True,48,True,True,True,True,True
002729:20260616:1947,002729,FAILED_BREAKOUT,2026-06-18,1.0,OK,0,,,,,,,False,False,False,False,False,False,False,False,,20.63,,20.44,,True,NONE,OK,True,48,True,True,True,True,True
603629:20260615:16737,603629,FAILED_BREAKOUT,2026-06-18,1.0,OK,0,,,,,,,False,False,False,False,False,False,False,False,,178.0,,176.58,,True,NONE,OK,True,48,True,True,True,True,True
600362:20260615:4736,600362,SUCCESS,2026-06-18,1.0,OK,0,,,,,,,False,False,False,False,False,False,False,False,,53.31,,53.31,,True,NONE,OK,True,48,True,True,True,True,True
603318:20260616:965,603318,FAILED_BREAKOUT,2026-06-22,2.0,OK,0,,,,,,,False,False,False,False,False,False,False,False,,10.74,,10.63,,True,NONE,OK,True,48,True,True,True,True,True
000657:20260615:8690,000657,FAILED_BREAKOUT,2026-06-18,1.0,OK,0,,,,,,,False,False,False,False,False,False,False,False,,98.48,,98.48,,True,NONE,OK,True,48,True,True,True,True,True
600563:20260615:15730,600563,FAILED_BREAKOUT,2026-06-22,2.0,OK,0,,,,,,,False,False,False,False,False,False,False,False,,177.25,,172.94,,True,NONE,OK,True,48,True,True,True,True,True
002910:20260616:1121,002910,FAILED_BREAKOUT,2026-06-18,1.0,OK,0,,,,,,,False,False,False,False,False,False,False,False,,12.28,,11.65,,True,NONE,OK,True,48,True,True,True,True,True
002645:20260616:3363,002645,FAILED_BREAKOUT,2026-06-18,1.0,OK,0,,,,,,,False,False,False,False,False,False,False,False,,36.61,,36.1,,True,NONE,OK,True,48,True,True,True,True,True
603637:20260617:1827,603637,FAILED_BREAKOUT,2026-06-22,1.0,OK,0,,,,,,,False,False,False,False,False,False,False,False,,20.32,,20.22,,True,NONE,OK,True,48,True,True,True,True,True
603042:20260616:2097,603042,SUCCESS,2026-06-22,1.0,OK,0,,,,,,,False,False,False,False,False,False,False,False,,21.7,,21.7,,True,NONE,OK,True,48,True,True,True,True,True
002885:20260616:4329,002885,FAILED_BREAKOUT,2026-06-23,2.0,OK,0,,,,,,,False,False,False,False,False,False,False,False,,48.5,,45.85,,True,NONE,OK,True,48,True,True,True,True,True
605069:20260611:1155,605069,FAILED_BREAKOUT,2026-06-22,1.0,OK,0,,,,,,,False,False,False,False,False,False,False,False,,12.18,,12.18,,True,NONE,OK,True,48,True,True,True,True,True
000050:20260617:914,000050,FAILED_BREAKOUT,2026-06-22,1.0,OK,0,,,,,,,False,False,False,False,False,False,False,False,,9.5,,9.28,,True,NONE,OK,True,48,True,True,True,True,True
002346:20260616:1801,002346,FAILED_BREAKOUT,2026-06-22,1.0,OK,0,,,,,,,False,False,False,False,False,False,False,False,,20.27,,20.27,,True,NONE,OK,True,48,True,True,True,True,True
002830:20260612:1676,002830,SUCCESS,2026-06-22,1.0,OK,0,,,,,,,False,False,False,False,False,False,False,False,,16.15,,16.15,,True,NONE,OK,True,48,True,True,True,True,True
002317:20260618:2290,002317,FAILED_BREAKOUT,2026-06-25,3.0,OK,0,,,,,,,False,False,False,False,False,False,False,False,,24.0,,23.61,,True,NONE,OK,True,48,True,True,True,True,True
002442:20260618:548,002442,FAILED_BREAKOUT,2026-06-23,1.0,OK,0,,,,,,,False,False,False,False,False,False,False,False,,6.1,,5.85,,True,NONE,OK,True,48,True,True,True,True,True
603127:20260618:3566,603127,FAILED_BREAKOUT,2026-06-23,1.0,OK,0,,,,,,,False,False,False,False,False,False,False,False,,38.28,,36.53,,True,NONE,OK,True,48,True,True,True,True,True
603929:20260617:23218,603929,FAILED_BREAKOUT,2026-06-25,3.0,OK,0,,,,,,,False,False,False,False,False,False,False,False,,255.07,,255.07,,True,NONE,OK,True,48,True,True,True,True,True
600026:20260617:1969,600026,FAILED_BREAKOUT,2026-06-24,2.0,OK,0,,,,,,,False,False,False,False,False,False,False,False,,22.83,,22.83,,True,NONE,OK,True,48,True,True,True,True,True
601872:20260622:1885,601872,FAILED_BREAKOUT,2026-06-24,1.0,OK,0,,,,,,,False,False,False,False,False,False,False,False,,21.91,,21.91,,True,NONE,OK,True,48,True,True,True,True,True
002392:20260618:881,002392,FAILED_BREAKOUT,2026-06-24,1.0,OK,0,,,,,,,False,False,False,False,False,False,False,False,,9.6,,9.0,,True,NONE,OK,True,48,True,True,True,True,True
002601:20260622:1703,002601,FAILED_BREAKOUT,2026-06-25,2.0,OK,0,,,,,,,False,False,False,False,False,False,False,False,,17.87,,17.43,,True,NONE,OK,True,48,True,True,True,True,True
002440:20260622:1099,002440,FAILED_BREAKOUT,2026-06-25,2.0,OK,0,,,,,,,False,False,False,False,False,False,False,False,,11.88,,11.62,,True,NONE,OK,True,48,True,True,True,True,True
600531:20260622:1481,600531,SUCCESS,2026-06-25,1.0,OK,0,,,,,,,False,False,False,False,False,False,False,False,,17.34,,17.02,,True,NONE,OK,True,48,True,True,True,True,True
600708:20260623:329,600708,SUCCESS,2026-06-25,1.0,OK,0,,,,,,,False,False,False,False,False,False,False,False,,3.68,,3.64,,True,NONE,OK,True,48,True,True,True,True,True
603661:20260622:3573,603661,FAILED_BREAKOUT,2026-06-25,1.0,OK,0,,,,,,,False,False,False,False,False,False,False,False,,37.3,,37.3,,True,NONE,OK,True,48,True,True,True,True,True
002963:20260622:2144,002963,FAILED_BREAKOUT,2026-06-25,1.0,OK,0,,,,,,,False,False,False,False,False,False,False,False,,23.99,,23.0,,True,NONE,OK,True,48,True,True,True,True,True
001206:20260623:1854,001206,FAILED_BREAKOUT,2026-06-29,3.0,OK,0,,,,,,,False,False,False,False,False,False,False,False,,20.97,,20.31,,True,NONE,OK,True,48,True,True,True,True,True
603588:20260622:1761,603588,SUCCESS,2026-06-25,1.0,OK,0,,,,,,,False,False,False,False,False,False,False,False,,19.9,,19.6,,True,NONE,OK,True,48,True,True,True,True,True
002549:20260623:1867,002549,FAILED_BREAKOUT,2026-06-29,3.0,OK,0,,,,,,,False,False,False,False,False,False,False,False,,20.89,,20.89,,True,NONE,OK,True,48,True,True,True,True,True
600058:20260622:1131,600058,SUCCESS,2026-06-25,1.0,OK,0,,,,,,,False,False,False,False,False,False,False,False,,11.77,,11.77,,True,NONE,OK,True,48,True,True,True,True,True
600234:20260622:3034,600234,FAILED_BREAKOUT,2026-06-26,2.0,OK,0,,,,,,,False,False,False,False,False,False,False,False,,31.19,,28.0,,True,NONE,OK,True,48,True,True,True,True,True
605369:20260623:1694,605369,FAILED_BREAKOUT,2026-06-25,1.0,OK,0,,,,,,,False,False,False,False,False,False,False,False,,19.39,,19.06,,True,NONE,OK,True,48,True,True,True,True,True
002427:20260624:474,002427,FAILED_BREAKOUT,2026-06-26,1.0,OK,0,,,,,,,False,False,False,False,False,False,False,False,,5.07,,4.88,,True,NONE,OK,True,48,True,True,True,True,True
603203:20260624:7014,603203,FAILED_BREAKOUT,2026-06-29,2.0,OK,0,,,,,,,False,False,False,False,False,False,False,False,,80.03,,80.0,,True,NONE,OK,True,48,True,True,True,True,True
605300:20260625:943,605300,FAILED_BREAKOUT,2026-06-30,2.0,OK,0,,,,,,,False,False,False,False,False,False,False,False,,11.04,,9.75,,True,NONE,OK,True,48,True,True,True,True,True
603297:20260624:13289,603297,FAILED_BREAKOUT,2026-06-29,1.0,OK,0,,,,,,,False,False,False,False,False,False,False,False,,142.86,,141.6,,True,NONE,OK,True,48,True,True,True,True,True
600539:20260626:1432,600539,FAILED_BREAKOUT,2026-06-30,1.0,OK,0,,,,,,,False,False,False,False,False,False,False,False,,16.46,,16.31,,True,NONE,OK,True,48,True,True,True,True,True
002518:20260625:5443,002518,FAILED_BREAKOUT,2026-06-30,1.0,OK,0,,,,,,,False,False,False,False,False,False,False,False,,53.59,,53.59,,True,NONE,OK,True,48,True,True,True,True,True
002497:20260624:2360,002497,FAILED_BREAKOUT,2026-07-02,3.0,OK,0,,,,,,,False,False,False,False,False,False,False,False,,22.35,,21.86,,True,NONE,OK,True,48,True,True,True,True,True
600118:20260626:7777,600118,FAILED_BREAKOUT,2026-06-30,1.0,OK,0,,,,,,,False,False,False,False,False,False,False,False,,84.17,,82.05,,True,NONE,OK,True,48,True,True,True,True,True
603063:20260625:5517,603063,FAILED_BREAKOUT,2026-06-30,1.0,OK,0,,,,,,,False,False,False,False,False,False,False,False,,56.08,,52.89,,True,NONE,OK,True,48,True,True,True,True,True
002728:20260629:880,002728,SUCCESS,2026-07-01,1.0,OK,0,,,,,,,False,False,False,False,False,False,False,False,,10.04,,9.61,,True,NONE,OK,True,48,True,True,True,True,True
002370:20260629:537,002370,SUCCESS,2026-07-01,1.0,OK,0,,,,,,,False,False,False,False,False,False,False,False,,5.91,,5.79,,True,NONE,OK,True,48,True,True,True,True,True
002038:20260629:558,002038,SUCCESS,2026-07-01,1.0,OK,0,,,,,,,False,False,False,False,False,False,False,False,,6.5,,6.28,,True,NONE,OK,True,48,True,True,True,True,True
001270:20260626:13943,001270,FAILED_BREAKOUT,2026-07-01,1.0,OK,0,,,,,,,False,False,False,False,False,False,False,False,,163.01,,159.0,,True,NONE,OK,True,48,True,True,True,True,True
002693:20260629:911,002693,SUCCESS,2026-07-02,2.0,OK,0,,,,,,,False,False,False,False,False,False,False,False,,10.67,,10.67,,True,NONE,OK,True,48,True,True,True,True,True
002915:20260629:2034,002915,SUCCESS,2026-07-01,1.0,OK,0,,,,,,,False,False,False,False,False,False,False,False,,22.56,,22.02,,True,NONE,OK,True,48,True,True,True,True,True
600516:20260625:677,600516,FAILED_BREAKOUT,2026-07-01,1.0,OK,0,,,,,,,False,False,False,False,False,False,False,False,,6.48,,6.08,,True,NONE,OK,True,48,True,True,True,True,True
000756:20260629:1359,000756,FAILED_BREAKOUT,2026-07-01,1.0,OK,0,,,,,,,False,False,False,False,False,False,False,False,,15.0,,14.72,,True,NONE,OK,True,48,True,True,True,True,True
603477:20260629:1455,603477,FAILED_BREAKOUT,2026-07-01,1.0,OK,0,,,,,,,False,False,False,False,False,False,False,False,,15.77,,15.45,,True,NONE,OK,True,48,True,True,True,True,True
600488:20260629:484,600488,SUCCESS,2026-07-02,1.0,OK,0,,,,,,,False,False,False,False,False,False,False,False,,5.5,,5.37,,True,NONE,OK,True,48,True,True,True,True,True
002472:20260630:4151,002472,SUCCESS,2026-07-03,2.0,OK,0,,,,,,,False,False,False,False,False,False,False,False,,47.01,,47.01,,True,NONE,OK,True,48,True,True,True,True,True
603717:20260623:679,603717,SUCCESS,2026-07-03,2.0,OK,0,,,,,,,False,False,False,False,False,False,False,False,,7.33,,7.33,,True,NONE,OK,True,48,True,True,True,True,True
002615:20260630:690,002615,FAILED_BREAKOUT,2026-07-03,2.0,OK,0,,,,,,,False,False,False,False,False,False,False,False,,7.87,,7.78,,True,NONE,OK,True,48,True,True,True,True,True
001215:20260626:3917,001215,FAILED_BREAKOUT,2026-07-02,1.0,OK,0,,,,,,,False,False,False,False,False,False,False,False,,39.49,,39.02,,True,NONE,OK,True,48,True,True,True,True,True
601882:20260630:2023,601882,FAILED_BREAKOUT,2026-07-02,1.0,OK,0,,,,,,,False,False,False,False,False,False,False,False,,21.55,,20.76,,True,NONE,OK,True,48,True,True,True,True,True
600846:20260630:1000,600846,FAILED_BREAKOUT,2026-07-02,1.0,OK,0,,,,,,,False,False,False,False,False,False,False,False,,11.06,,10.77,,True,NONE,OK,True,48,True,True,True,True,True
603211:20260630:3551,603211,SUCCESS,2026-07-06,2.0,OK,0,,,,,,,False,False,False,False,False,False,False,False,,39.53,,39.53,,True,NONE,OK,True,48,True,True,True,True,True
603118:20260630:1211,603118,SUCCESS,2026-07-07,3.0,OK,0,,,,,,,False,False,False,False,False,False,False,False,,13.93,,13.51,,True,NONE,OK,True,48,True,True,True,True,True
002403:20260701:981,002403,FAILED_BREAKOUT,2026-07-03,1.0,OK,0,,,,,,,False,False,False,False,False,False,False,False,,10.77,,10.71,,True,NONE,OK,True,48,True,True,True,True,True
000938:20260630:2886,000938,FAILED_BREAKOUT,2026-07-03,1.0,OK,0,,,,,,,False,False,False,False,False,False,False,False,,31.59,,30.28,,True,NONE,OK,True,48,True,True,True,True,True
600661:20260701:760,600661,FAILED_BREAKOUT,2026-07-06,2.0,OK,0,,,,,,,False,False,False,False,False,False,False,False,,8.2,,7.56,,True,NONE,OK,True,48,True,True,True,True,True
605018:20260630:1491,605018,FAILED_BREAKOUT,2026-07-03,1.0,OK,0,,,,,,,False,False,False,False,False,False,False,False,,15.45,,14.92,,True,NONE,OK,True,48,True,True,True,True,True
603615:20260701:1777,603615,FAILED_BREAKOUT,2026-07-06,2.0,OK,0,,,,,,,False,False,False,False,False,False,False,False,,19.7,,18.93,,True,NONE,OK,True,48,True,True,True,True,True
002124:20260701:232,002124,SUCCESS,2026-07-06,1.0,OK,0,,,,,,,False,False,False,False,False,False,False,False,,2.45,,2.42,,True,NONE,OK,True,48,True,True,True,True,True
600975:20260701:474,600975,FAILED_BREAKOUT,2026-07-07,2.0,OK,0,,,,,,,False,False,False,False,False,False,False,False,,5.04,,4.95,,True,NONE,OK,True,48,True,True,True,True,True
002607:20260701:198,002607,SUCCESS,2026-07-07,2.0,OK,0,,,,,,,False,False,False,False,False,False,False,False,,2.29,,2.26,,True,NONE,OK,True,48,True,True,True,True,True
600449:20260702:1239,600449,FAILED_BREAKOUT,2026-07-06,1.0,OK,0,,,,,,,False,False,False,False,False,False,False,False,,14.3,,14.0,,True,NONE,OK,True,48,True,True,True,True,True
000876:20260701:690,000876,SUCCESS,2026-07-07,2.0,OK,0,,,,,,,False,False,False,False,False,False,False,False,,7.47,,7.42,,True,NONE,OK,True,48,True,True,True,True,True
002642:20260708:670,002642,SUCCESS,2026-07-28,1.0,OK,237,2026-07-28 09:31:00,2026-07-28 15:00:00,True,0.0,True,91.0,True,True,True,True,False,True,True,False,,7.26,7.26,7.26,7.26,True,AKSHARE/SINA 1m,OK,True,48,True,True,True,True,True
000892:20260706:376,000892,FAILED_BREAKOUT,2026-07-29,2.0,OK,237,2026-07-29 09:31:00,2026-07-29 15:00:00,True,0.0,True,91.0,True,True,True,True,False,True,True,False,,3.51,3.51,3.51,3.51,True,AKSHARE/SINA 1m,OK,True,48,True,True,True,True,True
601369:20260626:905,601369,FAILED_BREAKOUT,2026-07-28,1.0,OK,238,2026-07-28 09:31:00,2026-07-28 15:00:00,True,0.0,True,91.0,True,True,True,True,False,True,True,False,,9.31,9.31,9.2,9.2,True,AKSHARE/SINA 1m,OK,True,48,True,True,True,True,True
603988:20260727:1804,603988,SUCCESS,2026-07-30,2.0,OK,238,2026-07-30 09:31:00,2026-07-30 15:00:00,True,0.0,True,91.0,True,True,True,True,False,True,True,False,,20.3,20.3,19.91,19.91,True,AKSHARE/SINA 1m,OK,True,48,True,True,True,True,True
603955:20260727:1862,603955,FAILED_BREAKOUT,2026-07-30,2.0,OK,238,2026-07-30 09:31:00,2026-07-30 15:00:00,True,0.0,True,91.0,True,True,True,True,False,True,True,False,,20.22,20.22,19.0,19.0,True,AKSHARE/SINA 1m,OK,True,48,True,True,True,True,True
002292:20260727:776,002292,FAILED_BREAKOUT,2026-07-29,1.0,OK,238,2026-07-29 09:31:00,2026-07-29 15:00:00,True,0.0,True,91.0,True,True,True,True,False,True,True,False,,8.18,8.18,8.08,8.08,True,AKSHARE/SINA 1m,OK,True,48,True,True,True,True,True
603630:20260727:1443,603630,FAILED_BREAKOUT,2026-07-30,2.0,OK,238,2026-07-30 09:31:00,2026-07-30 15:00:00,True,0.0,True,91.0,True,True,True,True,False,True,True,False,,16.65,16.65,15.02,15.02,True,AKSHARE/SINA 1m,OK,True,48,True,True,True,True,True
