episode_id,symbol,candidate_date,outcome,CHECKPOINT,A_D0cum_vs_D1full,B_D0cum_vs_anchorfull,C_D0cum,D_D1full,E_anchorfull,D0cum_vs_median5,D1full_vs_median5,F_D0cum_vs_D1_sametime,D1_sametime_available
601369:20260528:961,601369,2026-05-29,STRUCTURE_FAIL,0945,0.6073,0.6073,14483787.0,23851203.0,23851203.0,1.7741481354634203,2.921581719684882,0.6072560365194158,True
000670:20260604:967,000670,2026-06-08,SUCCESS,0945,0.2003,0.2826,28011800.0,139829930.0,99118230.0,0.348230330971474,1.7383039577470223,4.5995632255627985,True
002983:20260605:2484,002983,2026-06-08,FAILED_BREAKOUT,0945,0.2408,0.2408,1840420.0,7644164.0,7644164.0,0.38036641180354835,1.5798476608153897,17.353285056951044,True
002631:20260605:745,002631,2026-06-08,FAILED_BREAKOUT,0945,0.4092,0.4092,18386100.0,44926796.0,44926796.0,0.7611658649477366,1.8599237215434767,166.69174977334544,True
002585:20260604:1180,002585,2026-06-08,FAILED_BREAKOUT,0945,0.2319,0.9321,68656816.0,296100486.0,73661660.0,0.37262260259205826,1.6070324863607615,5.136731684076201,True
001309:20260604:68085,001309,2026-06-08,FAILED_BREAKOUT,0945,0.203,0.1751,3355442.0,16528073.0,19166124.0,0.26648043818702494,1.3126163812180738,5.765354355061246,True
603020:20260605:1067,603020,2026-06-08,SUCCESS,0945,0.257,0.257,2943200.0,11450000.0,11450000.0,0.7043844533792839,2.7402833620524603,26.952380952380953,True
002051:20260604:1202,002051,2026-06-08,FAILED_BREAKOUT,0945,0.1788,0.2432,20491873.0,114597759.0,84253743.0,0.26267756546893056,1.4689853066293757,4.197480471926564,True
603938:20260605:5282,603938,2026-06-08,FAILED_BREAKOUT,0945,0.2402,0.2402,11379705.0,47384047.0,47384047.0,0.36519558030006954,1.5206408726000165,16.607277328289726,True
601869:20260602:40874,601869,2026-06-08,FAILED_BREAKOUT,0945,0.2098,0.2158,4262400.0,20317467.0,19754083.0,0.2157731138418321,1.028519876118775,5.109174074393717,True
600516:20260605:583,600516,2026-06-08,STRUCTURE_FAIL,0945,0.7334,0.7334,95285130.0,129930908.0,129930908.0,0.7488819895239345,1.0211763040433623,27.856571522457422,True
603950:20260604:7005,603950,2026-06-08,NO_LAUNCH,0945,0.1908,0.1376,1355900.0,7104922.0,9853722.0,0.1521411291589431,0.7972201900333479,2.5980072810883312,True
002963:20260608:1774,002963,2026-06-09,STRUCTURE_FAIL,0945,1.3438,1.3438,3653800.0,2719000.0,2719000.0,1.213564501129268,0.9030822372791285,1.3438028687017285,True
600539:20260608:1540,600539,2026-06-09,STRUCTURE_FAIL,0945,0.41,0.41,5743000.0,14008100.0,14008100.0,0.46294355683815114,1.1291937382107793,0.40997708468671695,True
000833:20260608:2368,000833,2026-06-09,FAILED_BREAKOUT,0945,1.3423,1.3423,32174055.0,23968869.0,23968869.0,1.1758634252352564,0.875988942063882,1.3423435917263147,True
600667:20260604:1636,600667,2026-06-09,STRUCTURE_FAIL,0945,0.2192,0.3435,66407995.0,302944282.0,193306269.0,0.17857946665719449,0.8146553484472272,0.21920861011662865,True
003030:20260601:2574,003030,2026-06-09,SUCCESS,0945,0.0898,0.1114,683200.0,7609289.0,6133300.0,0.08978499830930327,1.0,0.08982041045245585,True
002931:20260608:6560,002931,2026-06-09,FAILED_BREAKOUT,0945,0.496,0.496,9686485.0,19529177.0,19529177.0,0.8460240780755707,1.7056913800000348,0.4960286156184247,True
603070:20260605:1673,603070,2026-06-09,STRUCTURE_FAIL,0945,0.1159,0.1379,1258300.0,10854168.0,9124064.0,0.1364217875883603,1.176782167483412,0.11592781685339677,True
003018:20260609:5468,003018,2026-06-10,FAILED_BREAKOUT,0945,0.379,0.379,4996300.0,13183782.0,13183782.0,0.3789731960070335,1.0,0.3790364464599166,True
001215:20260609:4232,001215,2026-06-10,STRUCTURE_FAIL,0945,0.2121,0.2121,2112500.0,9960800.0,9960800.0,0.8180691631491306,3.8573364829802887,0.21220065895210544,True
600110:20260609:1181,600110,2026-06-10,FAILED_BREAKOUT,0945,0.7593,0.7593,77842391.0,102525242.0,102525242.0,0.44074487491425796,0.5804995758781873,0.7592509852354213,True
002051:20260609:1223,002051,2026-06-10,STRUCTURE_FAIL,0945,0.4436,0.4436,23972369.0,54044956.0,54044956.0,0.3551519634999714,0.8006789917454366,0.44361273374711385,True
603260:20260609:3933,603260,2026-06-10,FAILED_BREAKOUT,0945,0.4162,0.4162,6305270.0,15148108.0,15148108.0,0.5828657742099641,1.4003069967243513,0.4162414210408323,True
603020:20260609:1164,603020,2026-06-10,STRUCTURE_FAIL,0945,0.2785,0.2785,5375900.0,19301200.0,19301200.0,0.4695109170305677,1.6856943231441048,0.27852672372702214,True
002129:20260609:981,002129,2026-06-10,FAILED_BREAKOUT,0945,0.5108,0.5108,160162647.0,313536925.0,313536925.0,0.7369246429753206,1.4426153091438658,0.5110153462397992,True
000037:20260609:1139,000037,2026-06-10,FAILED_BREAKOUT,0945,0.3388,0.3388,12943300.0,38207900.0,38207900.0,0.2988952470683866,0.8823221056812566,0.3387615585340128,True
600641:20260609:2703,600641,2026-06-10,FAILED_BREAKOUT,0945,0.3887,0.3887,21378677.0,55005809.0,55005809.0,0.5166315260574692,1.3292560173716863,0.3886621683902513,True
002490:20260608:823,002490,2026-06-10,SUCCESS,0945,0.3646,0.6746,21453300.0,58847400.0,31800500.0,0.4429509623410229,1.215035097689731,0.3645810851459035,True
601869:20260609:48433,601869,2026-06-11,STRUCTURE_FAIL,0945,0.1458,0.1515,2621749.0,17984511.0,17308172.0,0.1386335001589256,0.9509894763292362,0.14577816433263044,True
605111:20260609:6199,605111,2026-06-11,SUCCESS,0945,0.1778,0.186,3973836.0,22350446.0,21360906.0,0.18603312050528195,1.0463248141253934,0.17779672047707684,True
605018:20260609:1977,605018,2026-06-11,STRUCTURE_FAIL,0945,0.2973,0.5401,8832000.0,29707121.0,16352896.0,0.29430189936687773,0.9899073975341552,0.2973024548558576,True
600714:20260605:3290,600714,2026-06-11,FAILED_BREAKOUT,0945,0.166,0.1778,3894600.0,23462001.0,21902502.0,0.1659960716905604,1.0,0.1659960716905604,True
600732:20260610:1207,600732,2026-06-11,FAILED_BREAKOUT,0945,0.7075,0.7075,45465123.0,64260281.0,64260281.0,1.4882786710062592,2.1035290194897036,0.7075151601033304,True
003030:20260610:2342,003030,2026-06-11,FAILED_BREAKOUT,0945,0.7456,0.7456,3195900.0,4286600.0,4286600.0,0.4593922493100276,0.6161741030358786,0.7494372010130381,True
603661:20260610:3675,603661,2026-06-11,STRUCTURE_FAIL,0945,0.2982,0.2982,1928580.0,6466582.0,6466582.0,0.29823792538314675,1.0,0.29823792538314675,True
000811:20260609:3214,000811,2026-06-11,UNKNOWN,0945,0.1376,0.1349,4124837.0,29980201.0,30585136.0,0.13758536842364733,1.0,0.1378672632393817,True
603335:20260609:768,603335,2026-06-11,FAILED_BREAKOUT,0945,0.1939,0.2278,6762090.0,34875699.0,29690312.0,0.28444709659391126,1.4670451476145945,0.19389116760068378,True
002583:20260609:939,002583,2026-06-11,FAILED_BREAKOUT,0945,0.1591,0.2137,12757800.0,80171386.0,59710537.0,0.21366078151331983,1.3426673084517728,0.15928795295989948,True
002837:20260609:6972,002837,2026-06-11,SUCCESS,0945,0.1254,0.1324,8978080.0,71581610.0,67823192.0,0.18888475507011562,1.505965069633434,0.12591833980911268,True
002378:20260611:3363,002378,2026-06-12,FAILED_BREAKOUT,0945,0.5173,0.5173,64323495.0,124338208.0,124338208.0,0.9248949869144967,1.787834837972221,0.5197688621664924,True
002842:20260611:3934,002842,2026-06-12,FAILED_BREAKOUT,0945,1.013,1.013,42389643.0,41845036.0,41845036.0,1.1364360165584868,1.1218354923297296,1.0205349786193834,True
002490:20260611:856,002490,2026-06-12,STRUCTURE_FAIL,0945,0.4448,0.4448,47243000.0,106210130.0,106210130.0,0.8097610808012766,1.820477735555407,0.44506156231182176,True
600058:20260610:1034,600058,2026-06-12,NO_LAUNCH,0945,0.1787,0.8841,7761129.0,43435165.0,8778859.0,0.7622400547790165,4.265877110010105,0.17868307856088494,True
002428:20260611:8824,002428,2026-06-12,FAILED_BREAKOUT,0945,0.289,0.289,37727358.0,130552271.0,130552271.0,0.5335848575522133,1.8464244150001956,0.28962898032919154,True
603315:20260611:1650,603315,2026-06-12,FAILED_BREAKOUT,0945,0.3743,0.3743,5568900.0,14876572.0,14876572.0,0.3743402714012341,1.0,0.3743402714012341,True
600531:20260612:1309,600531,2026-06-15,NO_LAUNCH,0945,0.5597,0.5597,42508754.0,75948460.0,75948460.0,0.9898683043028654,1.7685527389161773,0.5597052790800499,True
002549:20260611:1815,002549,2026-06-15,STRUCTURE_FAIL,0945,0.1706,0.1773,12786132.0,74951419.0,72115096.0,0.3036577990052638,1.7800209575390986,0.1718419162619197,True
002637:20260612:1268,002637,2026-06-15,STRUCTURE_FAIL,0945,0.289,0.289,8126000.0,28117700.0,28117700.0,0.28899945585876513,1.0,0.2896990352872391,True
000815:20260610:1687,000815,2026-06-15,FAILED_BREAKOUT,0945,0.2132,0.1872,11358957.0,53288375.0,60681866.0,0.2131601310792457,1.0,0.215517644072639,True
001360:20260612:1874,001360,2026-06-15,FAILED_BREAKOUT,0945,0.3698,0.3698,2031913.0,5494695.0,5494695.0,0.521766584195599,1.4109601352748058,0.3703346003377261,True
002997:20260612:2938,002997,2026-06-15,FAILED_BREAKOUT,0945,0.3064,0.3064,2087300.0,6811400.0,6811400.0,0.37259907176008566,1.2158871831488753,0.3074939968474242,True
600667:20260611:1751,600667,2026-06-15,SUCCESS,0945,0.2331,0.2869,97315100.0,417539451.0,339185838.0,0.2869079103473654,1.2310049660740847,0.23306803648597027,True
002965:20260611:3854,002965,2026-06-15,SUCCESS,0945,0.1482,0.3315,5111275.0,34491623.0,15416933.0,0.33153643464624255,2.2372558147590054,0.14974722908555246,True
000969:20260612:2446,000969,2026-06-15,FAILED_BREAKOUT,0945,1.0301,1.0301,39604930.0,38445855.0,38445855.0,0.8877531297303815,0.8617722112224522,1.0372086595409,True
603519:20260612:1364,603519,2026-06-15,FAILED_BREAKOUT,0945,0.1901,0.1901,3798132.0,19984612.0,19984612.0,1.0237331809556667,5.386571718130067,0.19005282664482054,True
001206:20260612:1723,001206,2026-06-15,STRUCTURE_FAIL,0945,0.6729,0.6729,3667504.0,5450644.0,5450644.0,1.8524861928684788,2.753164755169024,0.6734871667550569,True
603318:20260611:985,603318,2026-06-15,SUCCESS,0945,0.1815,0.176,15296255.0,84269384.0,86904189.0,0.22263590402875774,1.2265348929386006,0.1815161601276212,True
002927:20260612:2017,002927,2026-06-15,FAILED_BREAKOUT,0945,1.368,1.368,7125323.0,5208472.0,5208472.0,0.6271132097059522,0.45840751269571645,1.38636505140895,True
600601:20260612:1289,600601,2026-06-15,FAILED_BREAKOUT,0945,0.2098,0.2098,77648186.0,370153795.0,370153795.0,0.4527914812520471,2.1584855199207946,0.2097727675600354,True
603936:20260611:2372,603936,2026-06-15,SUCCESS,0945,0.1443,0.2373,12406743.0,85964277.0,52285688.0,0.28011195318025994,1.940849547234024,0.14432440349611736,True
002208:20260610:1674,002208,2026-06-15,SUCCESS,0945,0.3458,0.4357,19555600.0,56545925.0,44883300.0,0.4281340812186264,1.2379695660850272,0.34763456204588794,True
600497:20260612:928,600497,2026-06-16,FAILED_BREAKOUT,0945,0.2088,0.5681,78712285.0,376944813.0,138549891.0,0.6610387345611815,3.165644628216817,0.20881646937531942,True
600539:20260612:1634,600539,2026-06-16,STRUCTURE_FAIL,0945,0.1596,0.2274,3903600.0,24452300.0,17168700.0,0.22736724387985113,1.424237129194406,0.1596414243240922,True
002745:20260615:1025,002745,2026-06-16,SUCCESS,0945,0.5452,0.5452,52175344.0,95692615.0,95692615.0,0.9609529850198409,1.7624436559269145,0.5452389821304392,True
000070:20260615:1881,000070,2026-06-16,SUCCESS,0945,0.4334,0.4334,52342681.0,120766983.0,120766983.0,0.5370486020404155,1.2390985359116133,0.43342239014441675,True
002174:20260615:1109,002174,2026-06-16,FAILED_BREAKOUT,0945,0.8419,0.8419,27094769.0,32182712.0,32182712.0,0.7055834981792171,0.8380802402801171,0.8419044672183003,True
000593:20260615:2267,000593,2026-06-16,FAILED_BREAKOUT,0945,0.2849,0.2849,7916200.0,27788852.0,27788852.0,0.3391077288392442,1.1903962114107638,0.2848696304546874,True
002106:20260615:1338,002106,2026-06-16,SUCCESS,0945,0.3124,0.3124,12173200.0,38963523.0,38963523.0,0.29462306136285454,0.9430184690748525,0.3124255473510442,True
000811:20260615:3385,000811,2026-06-16,FAILED_BREAKOUT,0945,0.3062,0.3062,14000836.0,45723446.0,45723446.0,0.4670027395746946,1.5251213959506142,0.30620692937273364,True
603993:20260612:1911,603993,2026-06-16,FAILED_BREAKOUT,0945,0.1946,0.3125,142294720.0,731318674.0,455323977.0,0.5298948497671877,2.723375813882405,0.1945727971387751,True
603052:20260615:9078,603052,2026-06-16,FAILED_BREAKOUT,0945,0.3113,0.3113,1672400.0,5372600.0,5372600.0,0.3469749856014925,1.1146602533141463,0.31128317760488405,True
600237:20260615:1068,600237,2026-06-16,SUCCESS,0945,0.8203,0.8203,38717437.0,47199450.0,47199450.0,0.4803441859184083,0.5855754704539615,0.820294240716788,True
002281:20260615:22547,002281,2026-06-16,FAILED_BREAKOUT,0945,0.2488,0.2488,14768748.0,59367293.0,59367293.0,0.34256918141339,1.3770568070996188,0.24877999453311414,True
603070:20260615:1604,603070,2026-06-16,FAILED_BREAKOUT,0945,1.9097,1.9097,7106200.0,3721105.0,3721105.0,1.1065572494121678,0.5794398853921736,1.9097015537051494,True
600520:20260615:2958,600520,2026-06-16,SUCCESS,0945,0.2748,0.2748,3554700.0,12937081.0,12937081.0,0.31672784945470095,1.1527087639888802,0.27476831906671995,True
002734:20260616:1639,002734,2026-06-17,SUCCESS,0945,0.2166,0.2166,6431710.0,29692354.0,29692354.0,0.4922054768899415,2.272294500304734,0.21661457511351392,True
002805:20260616:2420,002805,2026-06-17,FAILED_BREAKOUT,0945,0.4011,0.4011,12120294.0,30215493.0,30215493.0,0.44114667399855034,1.0997641014464237,0.4012957963993714,True
603950:20260615:6549,603950,2026-06-17,SUCCESS,0945,0.0942,0.1211,906420.0,9623055.0,7483540.0,0.14605543022881082,1.550605059619723,0.09419254072641173,True
002428:20260615:10149,002428,2026-06-17,FAILED_BREAKOUT,0945,0.2104,0.3099,30431503.0,144621308.0,98206147.0,0.23312398612736418,1.107887960706813,0.21051281737684405,True
002729:20260616:1947,002729,2026-06-17,FAILED_BREAKOUT,0945,0.2739,0.2739,2662700.0,9720530.0,9720530.0,0.3318370941205002,1.2114141392237752,0.2739648507633914,True
603629:20260615:16737,603629,2026-06-17,FAILED_BREAKOUT,0945,0.229,0.2632,8554236.0,37346924.0,32500800.0,0.25555610823939573,1.115731966262386,0.22904793979820132,True
600362:20260615:4736,600362,2026-06-17,SUCCESS,0945,0.1343,0.1153,10649000.0,79288758.0,92320649.0,0.13430655579193207,1.0,0.13430655579193207,True
603318:20260616:965,603318,2026-06-17,FAILED_BREAKOUT,0945,0.4642,0.4642,28336400.0,61045791.0,61045791.0,0.41243428740698235,0.8885171479185986,0.4641826985254397,True
000657:20260615:8690,000657,2026-06-17,FAILED_BREAKOUT,0945,0.2219,0.2257,27316846.0,123109335.0,121046353.0,0.2218909394645012,1.0,0.22190932535797267,True
600563:20260615:15730,600563,2026-06-17,FAILED_BREAKOUT,0945,0.1313,0.1859,1685363.0,12836496.0,9064409.0,0.14778760068656888,1.1256180093325525,0.1312946305596169,True
002910:20260616:1121,002910,2026-06-17,FAILED_BREAKOUT,0945,0.2923,0.2923,5073900.0,17358999.0,17358999.0,0.4591982877014519,1.5710247771952965,0.29232251125311176,True
002645:20260616:3363,002645,2026-06-17,FAILED_BREAKOUT,0945,0.5217,0.5217,23460657.0,44973928.0,44973928.0,0.3505231224334911,0.6719505626231616,0.5217093271810419,True
002440:20260615:998,002440,2026-06-17,UNKNOWN,0945,0.1383,0.1238,12222532.0,88397443.0,98766121.0,0.26020553341238933,1.8818935232164893,0.13846224936486803,True
002931:20260616:7194,002931,2026-06-17,UNKNOWN,0945,0.4443,0.4443,5621600.0,12652820.0,12652820.0,0.3493837555695932,0.7863757240191512,0.4445386338044207,True
603637:20260617:1827,603637,2026-06-18,FAILED_BREAKOUT,0945,0.5749,0.5749,5265923.0,9160283.0,9160283.0,0.4678026519094951,0.8137613633244287,0.5748646630240573,True
603042:20260616:2097,603042,2026-06-18,SUCCESS,0945,0.1747,0.1804,3057755.0,17503850.0,16954438.0,0.2671018265358712,1.5290009521396937,0.17469042524930228,True
002885:20260616:4329,002885,2026-06-18,FAILED_BREAKOUT,0945,0.1504,0.5173,5272300.0,35054325.0,10192351.0,0.3930008093626668,2.6129731040839794,0.15045863443443172,True
605069:20260611:1155,605069,2026-06-18,FAILED_BREAKOUT,0945,0.46,0.7689,6563300.0,14268830.0,8535680.0,0.4035789786960869,0.8773939692819291,0.4599746440317812,True
000050:20260617:914,000050,2026-06-18,FAILED_BREAKOUT,0945,0.7647,0.7647,44072965.0,57632755.0,57632755.0,0.7526362697436325,0.9841974947283144,0.7648242848953201,True
002927:20260616:2224,002927,2026-06-18,UNKNOWN,0945,0.1274,0.1619,2987300.0,23442100.0,18457002.0,0.16185185438025093,1.270092510148723,0.12747716992404198,True
002346:20260616:1801,002346,2026-06-18,FAILED_BREAKOUT,0945,0.2397,0.3572,2458400.0,10256700.0,6881801.0,0.48484924982871314,2.0228414012032876,0.23972930013944554,True
002830:20260612:1676,002830,2026-06-18,SUCCESS,0945,0.3381,0.4825,2998240.0,8867242.0,6213517.0,0.3009531763175434,0.8900637190739655,0.33838492481526317,True
002317:20260618:2290,002317,2026-06-22,FAILED_BREAKOUT,0945,0.4095,0.4095,12666100.0,30931430.0,30931430.0,0.40948963562305396,1.0,0.41009288047988196,True
002442:20260618:548,002442,2026-06-22,FAILED_BREAKOUT,0945,0.3006,0.3006,11965150.0,39801888.0,39801888.0,0.5806830406716174,1.931633230532936,0.3012845312061393,True
603127:20260618:3566,603127,2026-06-22,FAILED_BREAKOUT,0945,0.2929,0.2929,8078425.0,27585410.0,27585410.0,0.43609211413330523,1.489124398151127,0.29285136599383516,True
603929:20260617:23218,603929,2026-06-22,FAILED_BREAKOUT,0945,0.184,0.2596,2589659.0,14074948.0,9975855.0,0.25959268654165485,1.4109014214821687,0.18399066199036757,True
600026:20260617:1969,600026,2026-06-22,FAILED_BREAKOUT,0945,0.1985,0.2382,25436381.0,128121352.0,106779361.0,0.23354459608935818,1.1763485302120016,0.19853350439199235,True
601872:20260622:1885,601872,2026-06-23,FAILED_BREAKOUT,0945,0.2766,0.2766,58089702.0,210019488.0,210019488.0,0.2850128503724512,1.0304451709640863,0.27659196083746285,True
000833:20260622:2413,000833,2026-06-23,STRUCTURE_FAIL,0945,0.3729,0.3729,26401142.0,70801294.0,70801294.0,0.5596310359558198,1.5007911971471752,0.37289435735525045,True
002885:20260622:4687,002885,2026-06-23,STRUCTURE_FAIL,0945,0.1875,0.1875,9324421.0,49723243.0,49723243.0,0.38715403355474104,2.0645307723527866,0.1876437689555872,True
002392:20260618:881,002392,2026-06-23,FAILED_BREAKOUT,0945,0.2017,0.4568,16455569.0,81598889.0,36022102.0,0.5618958334756093,2.786295371818424,0.20166734338192271,True
603629:20260622:19424,603629,2026-06-23,UNKNOWN,0945,0.3009,0.3009,10736320.0,35677267.0,35677267.0,0.32508302299064196,1.0802652872124034,0.30092888000641976,True
002601:20260622:1703,002601,2026-06-23,FAILED_BREAKOUT,0945,0.2346,0.2346,24850026.0,105913206.0,105913206.0,0.424628829082188,1.8098089977097236,0.23462632223596366,True
002440:20260622:1099,002440,2026-06-23,FAILED_BREAKOUT,0945,0.5068,0.5068,35020881.0,69096141.0,69096141.0,0.3973828515435212,0.7840357168979618,0.5068435252317857,True
600488:20260623:497,600488,2026-06-24,STRUCTURE_FAIL,0945,0.3536,0.3536,52080150.0,147288287.0,147288287.0,0.7886890623225814,2.230497818557152,0.35359329014397456,True
600531:20260622:1481,600531,2026-06-24,SUCCESS,0945,0.2529,0.4321,40801711.0,161321362.0,94430784.0,0.4987899289196701,1.9721102059961253,0.2529219347900125,True
002728:20260623:882,002728,2026-06-24,STRUCTURE_FAIL,0945,1.1664,1.1664,17520053.0,15021007.0,15021007.0,2.5864590714758124,2.2175286694538925,1.1667584465031215,True
000756:20260623:1344,000756,2026-06-24,STRUCTURE_FAIL,0945,2.6735,2.6735,28365961.0,10610060.0,10610060.0,5.501800122581346,2.057904169317424,2.6752113029389073,True
600708:20260623:329,600708,2026-06-24,SUCCESS,0945,0.2979,0.2979,13794633.0,46313439.0,46313439.0,0.3664197232183818,1.2301999987728132,0.29785378278646074,True
603661:20260622:3573,603661,2026-06-24,FAILED_BREAKOUT,0945,0.1701,0.1918,1480400.0,8704283.0,7718263.0,0.20635628659046557,1.2133095901867856,0.17007719073472222,True
002963:20260622:2144,002963,2026-06-24,FAILED_BREAKOUT,0945,0.2467,0.7101,4951100.0,20072600.0,6972300.0,0.5819876634272633,2.359476797663163,0.24674198515890142,True
603630:20260623:1425,603630,2026-06-24,STRUCTURE_FAIL,0945,0.4099,0.4099,3058495.0,7462259.0,7462259.0,0.8777176720427021,2.141496584973885,0.4098618126226924,True
001206:20260623:1854,001206,2026-06-24,FAILED_BREAKOUT,0945,0.7266,0.7266,4851192.0,6676304.0,6676304.0,1.0561130655891882,1.4534431711310043,0.7271184824973875,True
603588:20260622:1761,603588,2026-06-24,SUCCESS,0945,0.1755,0.349,39736694.0,226394378.0,113869848.0,0.46960825197053924,2.6755287721856655,0.17551979139694007,True
002549:20260623:1867,002549,2026-06-24,FAILED_BREAKOUT,0945,0.8153,0.8153,46336902.0,56831411.0,56831411.0,1.1092536878388295,1.360480513713114,0.8155950868885978,True
600058:20260622:1131,600058,2026-06-24,SUCCESS,0945,0.1341,0.2241,4013300.0,29933410.0,17904558.0,0.20869528138476362,1.5565647778026805,0.13407426684764615,True
002910:20260622:1282,002910,2026-06-24,STRUCTURE_FAIL,0945,0.1314,0.1217,4830700.0,36758745.0,39698420.0,0.13141634732088922,1.0,0.13145962032724348,True
600234:20260622:3034,600234,2026-06-24,FAILED_BREAKOUT,0945,0.112,0.1265,671000.0,5991610.0,5303735.0,0.1524549564901279,1.361327335105537,0.11198993258907039,True
002370:20260623:541,002370,2026-06-24,STRUCTURE_FAIL,0945,1.498,1.498,31105200.0,20764185.0,20764185.0,1.9447686746766488,1.2982246229952146,1.49844748735264,True
605369:20260623:1694,605369,2026-06-24,FAILED_BREAKOUT,0945,0.7204,0.7204,2189555.0,3039195.0,3039195.0,1.0083479627231482,1.39962964463938,0.7204391294405262,True
002038:20260623:554,002038,2026-06-24,STRUCTURE_FAIL,0945,1.6125,1.6125,44091863.0,27344111.0,27344111.0,1.9739312849337833,1.2241577581242598,1.612917625679256,True
603318:20260623:1169,603318,2026-06-25,STRUCTURE_FAIL,0945,0.745,0.229,27130725.0,36414700.0,118485766.0,0.3659395064343071,0.4911618596610803,0.7450487028590103,True
002427:20260624:474,002427,2026-06-25,FAILED_BREAKOUT,0945,0.6211,0.6211,13352386.0,21499300.0,21499300.0,0.8728136411755842,1.4053579873833963,0.6279427380935585,True
603203:20260624:7014,603203,2026-06-25,FAILED_BREAKOUT,0945,0.2235,0.2235,5048143.0,22584994.0,22584994.0,0.22351757100311825,1.0,0.22351757100311825,True
605300:20260625:943,605300,2026-06-26,FAILED_BREAKOUT,0945,1.0067,1.0067,4580541.0,4550048.0,4550048.0,1.2508519398340276,1.242524926015931,1.0896067127070246,True
603297:20260624:13289,603297,2026-06-26,FAILED_BREAKOUT,0945,0.1542,0.1552,501500.0,3253239.0,3231006.0,0.15521481544757268,1.0068811385679879,0.16110022297041826,True
600539:20260626:1432,600539,2026-06-29,FAILED_BREAKOUT,0945,0.2553,0.2553,4618301.0,18092838.0,18092838.0,0.2788155470408387,1.0922987749155533,0.2552797397267104,True
002518:20260625:5443,002518,2026-06-29,FAILED_BREAKOUT,0945,0.1315,0.3247,4070600.0,30959502.0,12536977.0,0.30376231408587473,2.310305598797786,0.13255903779840886,True
002497:20260624:2360,002497,2026-06-29,FAILED_BREAKOUT,0945,0.1737,0.1631,11068999.0,63738988.0,67846572.0,0.17366135464842963,1.0,0.17432980272271395,True
600118:20260626:7777,600118,2026-06-29,FAILED_BREAKOUT,0945,0.2328,0.2328,20989642.0,90157878.0,90157878.0,0.500306028521124,2.148989958098,0.23297910950913073,True
603063:20260625:5517,603063,2026-06-29,FAILED_BREAKOUT,0945,0.1049,0.1431,4761300.0,45409443.0,33272214.0,0.16887003168215023,1.6105462957761105,0.10507153252191562,True
603318:20260629:969,603318,2026-06-30,NO_LAUNCH,0945,0.2469,0.2469,20677152.0,83731558.0,83731558.0,0.24694574535445762,1.0,0.25620995734334445,True
002728:20260629:880,002728,2026-06-30,SUCCESS,0945,1.1572,1.1572,21906768.0,18930303.0,18930303.0,1.1129451929525087,0.9617297140766933,1.157232824007096,True
002370:20260629:537,002370,2026-06-30,SUCCESS,0945,0.6996,0.6996,23173300.0,33124127.0,33124127.0,0.6995897582447984,1.0,0.6995897582447984,True
002038:20260629:558,002038,2026-06-30,SUCCESS,0945,0.9897,0.9897,35308639.0,35677233.0,35677233.0,0.9328309660459161,0.9425689765395725,0.9896686494717793,True
001270:20260626:13943,001270,2026-06-30,FAILED_BREAKOUT,0945,0.1909,0.2408,3612110.0,18922017.0,14999487.0,0.3270143565975717,1.7130627845728161,0.19089455421163612,True
002693:20260629:911,002693,2026-06-30,SUCCESS,0945,0.617,0.617,13374901.0,21678511.0,21678511.0,1.0556854310385653,1.7110921590604133,0.6169658515753227,True
002915:20260629:2034,002915,2026-06-30,SUCCESS,0945,0.2869,0.2869,7772643.0,27092755.0,27092755.0,0.5197560504910727,1.811690481052875,0.28689009294182155,True
600516:20260625:677,600516,2026-06-30,FAILED_BREAKOUT,0945,0.2436,0.236,62703615.0,257435626.0,265706125.0,0.2588295209248074,1.062649095216566,0.25192836023707477,True
000756:20260629:1359,000756,2026-06-30,FAILED_BREAKOUT,0945,0.6473,0.6473,13729410.0,21208775.0,21208775.0,0.5297533330845868,0.8183468369646661,0.6473457330751069,True
002910:20260626:1227,002910,2026-06-30,NO_LAUNCH,0945,0.1985,0.1789,6095600.0,30707300.0,34064173.0,0.18195657949331798,0.9166276122900392,0.19850654404652965,True
603477:20260629:1455,603477,2026-06-30,FAILED_BREAKOUT,0945,0.364,0.364,6941026.0,19070742.0,19070742.0,0.6481836497897684,1.7809100778125635,0.3721434637971605,True
600488:20260629:484,600488,2026-07-01,SUCCESS,0945,0.1653,0.2101,19853550.0,120126224.0,94494702.0,0.17924640211841655,1.0845512994940947,0.16535375662033847,True
002472:20260630:4151,002472,2026-07-01,SUCCESS,0945,0.3905,0.3905,19937448.0,51061404.0,51061404.0,0.5639051510052132,1.4442063363956208,0.3905459026177447,True
002805:20260630:2859,002805,2026-07-01,STRUCTURE_FAIL,0945,1.0399,1.0399,9612840.0,9243991.0,9243991.0,0.33776813800818123,0.32480782243690576,1.0399014884371913,True
603717:20260623:679,603717,2026-07-01,SUCCESS,0945,0.4246,0.2914,8134600.0,19158022.0,27919082.0,0.3337940067590968,0.7861275200942794,0.42501361834627666,True
002615:20260630:690,002615,2026-07-01,FAILED_BREAKOUT,0945,0.2252,0.2252,5826200.0,25873448.0,25873448.0,0.44056970831066977,1.9565166726770935,0.22523288729526006,True
001215:20260626:3917,001215,2026-07-01,FAILED_BREAKOUT,0945,0.1613,0.1704,1183100.0,7333300.0,6943598.0,0.20579052191231595,1.2755672676355223,0.1613655582530893,True
601882:20260630:2023,601882,2026-07-01,FAILED_BREAKOUT,0945,0.3423,0.3423,2625900.0,7671647.0,7671647.0,0.3741974079073802,1.0932291487796297,0.34234435547700776,True
600846:20260630:1000,600846,2026-07-01,FAILED_BREAKOUT,0945,0.3565,0.3565,4116020.0,11547046.0,11547046.0,0.3947046921299182,1.1073010423758882,0.3565306376652866,True
603211:20260630:3551,603211,2026-07-02,SUCCESS,0945,0.154,0.1364,1810300.0,11756500.0,13276200.0,0.1592760738355417,1.03437505498953,0.15398290307489473,True
603118:20260630:1211,603118,2026-07-02,SUCCESS,0945,0.2105,0.2524,7954722.0,37793019.0,31517231.0,0.2621708631345453,1.2455782127509005,0.21048125316477098,True
002403:20260701:981,002403,2026-07-02,FAILED_BREAKOUT,0945,0.2695,0.2695,2786200.0,10340130.0,10340130.0,0.48568161375569147,1.8024589135179232,0.2706354425387784,True
000938:20260630:2886,000938,2026-07-02,FAILED_BREAKOUT,0945,0.1564,0.3161,53054710.0,339206614.0,167866097.0,0.27628867669441476,1.7664585577426233,0.1570628767118774,True
002903:20260630:4542,002903,2026-07-02,NO_LAUNCH,0945,0.1197,0.1641,1242800.0,10386263.0,7574119.0,0.13471578524734243,1.1258396973209033,0.12042562143273738,True
600661:20260701:760,600661,2026-07-02,FAILED_BREAKOUT,0945,0.2174,0.2174,3139061.0,14439310.0,14439310.0,0.38517678583764753,1.7717677405801933,0.21739688392312376,True
002442:20260701:542,002442,2026-07-02,STRUCTURE_FAIL,0945,0.3597,0.3597,11024800.0,30653800.0,30653800.0,0.35851427169585626,0.9968275870501451,0.3614036813033715,True
605300:20260629:1035,605300,2026-07-02,STRUCTURE_FAIL,0945,0.1736,0.3518,2665098.0,15354824.0,7575443.0,0.1735674729974111,1.0,0.1735674729974111,True
605018:20260630:1491,605018,2026-07-02,FAILED_BREAKOUT,0945,0.1613,0.2069,2765800.0,17144800.0,13369340.0,0.21382130791412512,1.3254478125410705,0.16132005039428865,True
603615:20260701:1777,603615,2026-07-02,FAILED_BREAKOUT,0945,0.3542,0.3542,3294344.0,9300287.0,9300287.0,0.7442826804030546,2.101189959784917,0.35421960634118066,True
002124:20260701:232,002124,2026-07-03,SUCCESS,0945,0.1496,0.1742,23493160.0,157048997.0,134834020.0,0.2653863263430933,1.7740762149364955,0.15059007762050605,True
002931:20260702:7128,002931,2026-07-03,STRUCTURE_FAIL,0945,0.7959,0.7959,11464556.0,14403804.0,14403804.0,0.8578703996087391,1.0778086036097652,0.8070502813557336,True
605111:20260630:9914,605111,2026-07-03,NO_LAUNCH,0945,0.15,0.154,5200760.0,34674402.0,33774889.0,0.14998845546060174,1.0,0.14998845546060174,True
600975:20260701:474,600975,2026-07-03,FAILED_BREAKOUT,0945,0.1811,0.2403,6692400.0,36958765.0,27849955.0,0.36813079941877097,2.0330015696880777,0.18107747918524875,True
002392:20260702:878,002392,2026-07-03,STRUCTURE_FAIL,0945,0.3239,0.3239,22681180.0,70025833.0,70025833.0,0.48501619566160614,1.4974381015315321,0.32636278548117437,True
002440:20260701:1128,002440,2026-07-03,STRUCTURE_FAIL,0945,0.1978,0.1994,12680900.0,64110203.0,63589915.0,0.1994168414912962,1.0081819263321865,0.19946298873792034,True
003030:20260702:2244,003030,2026-07-03,STRUCTURE_FAIL,0945,1.1252,1.1252,1594500.0,1417067.0,1417067.0,0.6548792508624939,0.5820055035321177,1.1353869750570897,True
002607:20260701:198,002607,2026-07-03,SUCCESS,0945,0.191,0.1662,66218900.0,346613476.0,398542549.0,0.20571961347655973,1.0768102506759674,0.19349867772927873,True
600449:20260702:1239,600449,2026-07-03,FAILED_BREAKOUT,0945,0.4798,0.4798,4821200.0,10048904.0,10048904.0,0.7533650001234461,1.5702506768440425,0.47977371462599305,True
000876:20260701:690,000876,2026-07-03,SUCCESS,0945,0.1589,0.2162,17754667.0,111744633.0,82118320.0,0.2162083564300877,1.3607759267359585,0.159910849222875,True
002842:20260702:5017,002842,2026-07-06,STRUCTURE_FAIL,0945,0.1389,0.1578,9178650.0,66098152.0,58167145.0,0.16171405321048024,1.164550349958045,0.13938141871428547,True
002693:20260702:1067,002693,2026-07-06,STRUCTURE_FAIL,0945,0.2013,0.2351,8523400.0,42348852.0,36252625.0,0.2423916193027952,1.2043324039578591,0.2014795178485503,True
002427:20260702:530,002427,2026-07-06,STRUCTURE_FAIL,0945,0.2631,0.3586,13419507.0,50995748.0,37425870.0,0.2879986242517099,1.0944295693341706,0.2635283166276688,True
002518:20260630:5359,002518,2026-07-06,STRUCTURE_FAIL,0945,0.2036,0.181,3138100.0,15410292.0,17334587.0,0.18103113734408555,0.8889910097079324,0.20401261431298567,True
000593:20260706:2466,000593,2026-07-07,STRUCTURE_FAIL,0945,0.7986,0.7986,13922795.0,17433602.0,17433602.0,0.673217957655935,0.8429782908551353,0.7986183807568855,True
603118:20260706:1342,603118,2026-07-07,UNKNOWN,0945,0.3084,0.3084,22160100.0,71862296.0,71862296.0,0.5863543211512158,1.9014701101280107,0.3083689393948671,True
001270:20260703:16332,001270,2026-07-07,STRUCTURE_FAIL,0945,0.2849,1.4869,6901770.0,24228449.0,4641621.0,0.4737774459592892,1.6631809936834892,0.2848622295219971,True
002472:20260703:4701,002472,2026-07-08,STRUCTURE_FAIL,0945,0.2736,0.2578,19244919.0,70332180.0,74641247.0,0.3194881998292304,1.1675965785184859,0.2740489698876658,True
002129:20260707:1102,002129,2026-07-08,STRUCTURE_FAIL,0945,0.3339,0.3339,117861610.0,352955169.0,352955169.0,0.333927989591222,1.0,0.33461142305832825,True
603020:20260706:1469,603020,2026-07-08,STRUCTURE_FAIL,0945,0.2945,0.6195,6053100.0,20552081.0,9771300.0,0.6194774492646833,2.1033108184172016,0.29452491939867304,True
001206:20260707:1954,001206,2026-07-08,STRUCTURE_FAIL,0945,0.6629,0.6629,5381950.0,8118678.0,8118678.0,0.9771363936759697,1.474011416370727,0.6644482793444543,True
603477:20260706:1673,603477,2026-07-08,NO_LAUNCH,0945,0.2143,0.2318,8170000.0,38126735.0,35249541.0,0.3410278311685997,1.5914660644540932,0.21430725180852894,True
002585:20260707:1137,002585,2026-07-27,STRUCTURE_FAIL,0945,0.1357,0.118,5148800.0,37952725.0,43625562.0,0.09209362427296602,0.6788385636041804,0.13804336242079926,True
603065:20260707:2025,603065,2026-07-27,STRUCTURE_FAIL,0945,0.2546,0.1756,12130871.0,47653223.0,69084779.0,0.26913783724426726,1.057243571046034,0.2546120778667466,True
002642:20260708:670,002642,2026-07-27,SUCCESS,0945,0.125,0.1227,3726700.0,29810992.0,30370112.0,0.10818900197989909,0.8654363035690439,0.1252723135783127,True
002403:20260706:1178,002403,2026-07-27,NO_LAUNCH,0945,0.1719,0.1111,843000.0,4902690.0,7587870.0,0.11278337324232532,0.6559216087324032,0.17204467855400835,True
000892:20260706:376,000892,2026-07-27,FAILED_BREAKOUT,0945,0.1458,0.1884,9685800.0,66411100.0,51402673.0,0.10645666521951783,0.7299246566685168,0.14600857437455908,True
601369:20260626:905,601369,2026-07-27,FAILED_BREAKOUT,0945,0.2372,0.1844,4112300.0,17337417.0,22299194.0,0.1458228024055461,0.6147875236275456,0.2374990449042008,True
002051:20260727:905,002051,2026-07-28,STRUCTURE_FAIL,0945,0.7206,0.7206,17465075.0,24238353.0,24238353.0,0.630813144810888,0.8754541094708395,0.7205553529152744,True
603988:20260727:1804,603988,2026-07-28,SUCCESS,0945,0.281,0.281,6003700.0,21368458.0,21368458.0,0.42994817447658856,1.5302779133666997,0.2809608442499688,True
603661:20260708:4267,603661,2026-07-28,NO_LAUNCH,0945,0.1148,0.0134,165800.0,1444700.0,12404725.0,0.0717438338381653,0.6251406317611423,0.11476431092960476,True
603315:20260727:1203,603315,2026-07-28,STRUCTURE_FAIL,0945,0.6738,0.6738,5200400.0,7718300.0,7718300.0,0.673775313216641,1.0,0.673775313216641,True
603955:20260727:1862,603955,2026-07-28,FAILED_BREAKOUT,0945,0.3185,0.3185,897800.0,2818440.0,2818440.0,0.5360320019105618,1.6827512090274046,0.3185450107151474,True
002292:20260727:776,002292,2026-07-28,FAILED_BREAKOUT,0945,0.5261,0.5261,42335200.0,80474972.0,80474972.0,0.7046725419561564,1.3395118738801401,0.5260666633099295,True
002490:20260708:697,002490,2026-07-28,STRUCTURE_FAIL,0945,0.1986,0.3137,16227114.0,81697193.0,51720734.0,0.17236699186903437,0.8678006083863053,0.19862535378094787,True
002910:20260708:1287,002910,2026-07-28,NO_LAUNCH,0945,0.1876,0.0523,1631284.0,8696784.0,31169400.0,0.1698537596118304,0.9055329782747903,0.1875732454663701,True
002174:20260727:1134,002174,2026-07-28,NO_LAUNCH,0945,0.2614,0.2614,11002379.0,42083297.0,42083297.0,0.2800293020386637,1.0710916508507653,0.2614428950279252,True
003030:20260727:2261,003030,2026-07-28,STRUCTURE_FAIL,0945,0.3235,0.3235,1198200.0,3704385.0,3704385.0,0.30183549839383816,0.9331621538287916,0.3234545005446248,True
603630:20260727:1443,603630,2026-07-28,FAILED_BREAKOUT,0945,0.498,0.498,6244380.0,12539876.0,12539876.0,0.6688689582924956,1.3432132248897515,0.497961861823833,True
600667:20260727:1792,600667,2026-07-28,STRUCTURE_FAIL,0945,0.886,0.886,177185750.0,199990977.0,199990977.0,0.7241903776107645,0.8173994869924682,0.8859687204788244,True
601369:20260528:961,601369,2026-05-29,STRUCTURE_FAIL,1000,0.7877,0.7877,18788187.0,23851203.0,23851203.0,2.301402729464889,2.921581719684882,0.787724921044863,True
000670:20260604:967,000670,2026-06-08,SUCCESS,1000,0.2563,0.3616,35842330.0,139829930.0,99118230.0,0.44557602291494264,1.7383039577470223,5.885343426216318,True
002983:20260605:2484,002983,2026-06-08,FAILED_BREAKOUT,1000,0.319,0.319,2438320.0,7644164.0,7644164.0,0.5039366173095424,1.5798476608153897,22.99087274647356,True
002631:20260605:745,002631,2026-06-08,FAILED_BREAKOUT,1000,0.5584,0.5584,25085000.0,44926796.0,44926796.0,1.0384935207691666,1.8599237215434767,227.42520398912058,True
002585:20260604:1180,002585,2026-06-08,FAILED_BREAKOUT,1000,0.3656,1.4696,108251042.0,296100486.0,73661660.0,0.5875131902904179,1.6070324863607615,8.099072891403289,True
001309:20260604:68085,001309,2026-06-08,FAILED_BREAKOUT,1000,0.2664,0.2297,4403037.0,16528073.0,19166124.0,0.34967769644466623,1.3126163812180738,7.565342671232524,True
603020:20260605:1067,603020,2026-06-08,SUCCESS,1000,0.3299,0.3299,3777500.0,11450000.0,11450000.0,0.9040541834194907,2.7402833620524603,34.59249084249084,True
002051:20260604:1202,002051,2026-06-08,FAILED_BREAKOUT,1000,0.2429,0.3304,27836970.0,114597759.0,84253743.0,0.3568315843862421,1.4689853066293757,5.702023332498967,True
603938:20260605:5282,603938,2026-06-08,FAILED_BREAKOUT,1000,0.3653,0.3653,17308206.0,47384047.0,47384047.0,0.555452038003019,1.5206408726000165,25.25919407376274,True
601869:20260602:40874,601869,2026-06-08,FAILED_BREAKOUT,1000,0.3029,0.3116,6154877.0,20317467.0,19754083.0,0.31157492858564984,1.028519876118775,7.377613081710346,True
600516:20260605:583,600516,2026-06-08,STRUCTURE_FAIL,1000,0.9895,0.9895,128564609.0,129930908.0,129930908.0,1.010438041804495,1.0211763040433623,37.58581455328101,True
603950:20260604:7005,603950,2026-06-08,NO_LAUNCH,1000,0.2367,0.1706,1681500.0,7104922.0,9853722.0,0.1886756461986598,0.7972201900333479,3.221881586510826,True
002963:20260608:1774,002963,2026-06-09,STRUCTURE_FAIL,1000,1.8912,1.8912,5142300.0,2719000.0,2719000.0,1.7079513750498208,0.9030822372791285,1.8912467819051122,True
600539:20260608:1540,600539,2026-06-09,STRUCTURE_FAIL,1000,0.5539,0.5539,7759200.0,14008100.0,14008100.0,0.6254695535815048,1.1291937382107793,0.553908096030154,True
000833:20260608:2368,000833,2026-06-09,FAILED_BREAKOUT,1000,1.8327,1.8327,43926955.0,23968869.0,23968869.0,1.6053960175817121,0.875988942063882,1.8326899282139038,True
600667:20260604:1636,600667,2026-06-09,STRUCTURE_FAIL,1000,0.3188,0.4997,96589457.0,302944282.0,193306269.0,0.25974122115519405,0.8146553484472272,0.3188357158033437,True
003030:20260601:2574,003030,2026-06-09,SUCCESS,1000,0.1471,0.1824,1119000.0,7609289.0,6133300.0,0.1470571034954777,1.0,0.14711510435640823,True
002931:20260608:6560,002931,2026-06-09,FAILED_BREAKOUT,1000,0.707,0.707,13806485.0,19529177.0,19529177.0,1.205867633469643,1.7056913800000348,0.7070068906426372,True
603070:20260605:1673,603070,2026-06-09,STRUCTURE_FAIL,1000,0.1665,0.1981,1807100.0,10854168.0,9124064.0,0.1959213322347023,1.176782167483412,0.1664890390493311,True
003018:20260609:5468,003018,2026-06-10,FAILED_BREAKOUT,1000,0.5403,0.5403,7123000.0,13183782.0,13183782.0,0.5402850259508235,1.0,0.5403751992742601,True
001215:20260609:4232,001215,2026-06-10,STRUCTURE_FAIL,1000,0.2969,0.2969,2957600.0,9960800.0,9960800.0,1.1453355535762693,3.8573364829802887,0.29709096753455483,True
600110:20260609:1181,600110,2026-06-10,FAILED_BREAKOUT,1000,0.9424,0.9424,96623028.0,102525242.0,102525242.0,0.5470811448956757,0.5804995758781873,0.942431601380663,True
002051:20260609:1223,002051,2026-06-10,STRUCTURE_FAIL,1000,0.5606,0.5606,30300049.0,54044956.0,54044956.0,0.44889689026959934,0.8006789917454366,0.5607075199602302,True
603260:20260609:3933,603260,2026-06-10,FAILED_BREAKOUT,1000,0.5744,0.5744,8700968.0,15148108.0,15148108.0,0.804326610866168,1.4003069967243513,0.574393052914595,True
603020:20260609:1164,603020,2026-06-10,STRUCTURE_FAIL,1000,0.3479,0.3479,6715200.0,19301200.0,19301200.0,0.5864803493449782,1.6856943231441048,0.3479161917393737,True
002129:20260609:981,002129,2026-06-10,FAILED_BREAKOUT,1000,0.6654,0.6654,208635927.0,313536925.0,313536925.0,0.9599551387053439,1.4426153091438658,0.6656743158969298,True
000037:20260609:1139,000037,2026-06-10,FAILED_BREAKOUT,1000,0.4589,0.4589,17534700.0,38207900.0,38207900.0,0.40492289360287087,0.8823221056812566,0.45893105316467625,True
600641:20260609:2703,600641,2026-06-10,FAILED_BREAKOUT,1000,0.5007,0.5007,27541190.0,55005809.0,55005809.0,0.6655532060818689,1.3292560173716863,0.500696026486948,True
002490:20260608:823,002490,2026-06-10,SUCCESS,1000,0.4884,0.9038,28742800.0,58847400.0,31800500.0,0.5934588580952838,1.215035097689731,0.48846010702929965,True
601869:20260609:48433,601869,2026-06-11,STRUCTURE_FAIL,1000,0.2075,0.2156,3731149.0,17984511.0,17308172.0,0.1972966311742562,0.9509894763292362,0.20746457882563502,True
605111:20260609:6199,605111,2026-06-11,SUCCESS,1000,0.2773,0.2901,6197536.0,22350446.0,21360906.0,0.2901345102122541,1.0463248141253934,0.2772891422390408,True
605018:20260609:1977,605018,2026-06-11,STRUCTURE_FAIL,1000,0.4558,0.8281,13541600.0,29707121.0,16352896.0,0.45123625458180605,0.9899073975341552,0.4558368345421288,True
600714:20260605:3290,600714,2026-06-11,FAILED_BREAKOUT,1000,0.2164,0.2318,5076900.0,23462001.0,21902502.0,0.21638819297637912,1.0,0.21638819297637912,True
600732:20260610:1207,600732,2026-06-11,FAILED_BREAKOUT,1000,0.8509,0.8509,54680263.0,64260281.0,64260281.0,1.7899317933861683,2.1035290194897036,0.8509185168362398,True
003030:20260610:2342,003030,2026-06-11,FAILED_BREAKOUT,1000,0.9681,0.9681,4149700.0,4286600.0,4286600.0,0.5964955151793928,0.6161741030358786,0.9731028984147828,True
603661:20260610:3675,603661,2026-06-11,STRUCTURE_FAIL,1000,0.4452,0.4452,2878980.0,6466582.0,6466582.0,0.44520892180753296,1.0,0.44520892180753296,True
000811:20260609:3214,000811,2026-06-11,UNKNOWN,1000,0.2457,0.2409,7367137.0,29980201.0,30585136.0,0.2457334091922866,1.0,0.2462368855059215,True
603335:20260609:768,603335,2026-06-11,FAILED_BREAKOUT,1000,0.2442,0.2869,8517949.0,34875699.0,29690312.0,0.3583072484963982,1.4670451476145945,0.2442373699807422,True
002583:20260609:939,002583,2026-06-11,FAILED_BREAKOUT,1000,0.2953,0.3965,23677900.0,80171386.0,59710537.0,0.39654475055215127,1.3426673084517728,0.29563123903723243,True
002837:20260609:6972,002837,2026-06-11,SUCCESS,1000,0.1774,0.1873,12700798.0,71581610.0,67823192.0,0.2672049168001415,1.505965069633434,0.17812977812749484,True
002378:20260611:3363,002378,2026-06-12,FAILED_BREAKOUT,1000,0.7655,0.7655,95176995.0,124338208.0,124338208.0,1.3685314447712476,1.787834837972221,0.7690819411410393,True
002842:20260611:3934,002842,2026-06-12,FAILED_BREAKOUT,1000,1.414,1.414,59170188.0,41845036.0,41845036.0,1.5863104284633105,1.1218354923297296,1.4245283109717366,True
002490:20260611:856,002490,2026-06-12,STRUCTURE_FAIL,1000,0.667,0.667,70837400.0,106210130.0,106210130.0,1.2141771179889582,1.820477735555407,0.667337042823433,True
600058:20260610:1034,600058,2026-06-12,NO_LAUNCH,1000,0.2394,1.1843,10396947.0,43435165.0,8778859.0,1.0211103888125723,4.265877110010105,0.23936704280966817,True
002428:20260611:8824,002428,2026-06-12,FAILED_BREAKOUT,1000,0.4003,0.4003,52255741.0,130552271.0,130552271.0,0.7390624097709242,1.8464244150001956,0.4011618566605255,True
603315:20260611:1650,603315,2026-06-12,FAILED_BREAKOUT,1000,0.6459,0.6459,9609300.0,14876572.0,14876572.0,0.6459350984890874,1.0,0.6459350984890874,True
600531:20260612:1309,600531,2026-06-15,NO_LAUNCH,1000,0.7033,0.7033,53416054.0,75948460.0,75948460.0,1.243858119095429,1.7685527389161773,0.703319777649211,True
002549:20260611:1815,002549,2026-06-15,STRUCTURE_FAIL,1000,0.2426,0.2521,18180151.0,74951419.0,72115096.0,0.43176033520093066,1.7800209575390986,0.2443359716426403,True
002637:20260612:1268,002637,2026-06-15,STRUCTURE_FAIL,1000,0.4035,0.4035,11346300.0,28117700.0,28117700.0,0.40352873812580686,1.0,0.40450555797189286,True
000815:20260610:1687,000815,2026-06-15,FAILED_BREAKOUT,1000,0.3099,0.2721,16513755.0,53288375.0,60681866.0,0.30989413732357196,1.0,0.31332151115571283,True
001360:20260612:1874,001360,2026-06-15,FAILED_BREAKOUT,1000,0.7046,0.7046,3871813.0,5494695.0,5494695.0,0.9942269396643038,1.4109601352748058,0.7056730873503995,True
002997:20260612:2938,002997,2026-06-15,FAILED_BREAKOUT,1000,0.4171,0.4171,2841000.0,6811400.0,6811400.0,0.5071403070332025,1.2158871831488753,0.41852653909046716,True
600667:20260611:1751,600667,2026-06-15,SUCCESS,1000,0.3066,0.3775,128026529.0,417539451.0,339185838.0,0.3774524601466409,1.2310049660740847,0.3066213951600947,True
002965:20260611:3854,002965,2026-06-15,SUCCESS,1000,0.2029,0.454,6999905.0,34491623.0,15416933.0,0.45404004804327813,2.2372558147590054,0.20507923710074377,True
000969:20260612:2446,000969,2026-06-15,FAILED_BREAKOUT,1000,1.2767,1.2767,49084133.0,38445855.0,38445855.0,1.100231529025611,0.8617722112224522,1.2854583455559008,True
603519:20260612:1364,603519,2026-06-15,FAILED_BREAKOUT,1000,0.3654,0.3654,7303332.0,19984612.0,19984612.0,1.968510652061411,5.386571718130067,0.3654477755184839,True
001206:20260612:1723,001206,2026-06-15,STRUCTURE_FAIL,1000,0.767,0.767,4180504.0,5450644.0,5450644.0,2.1116066783380325,2.753164755169024,0.7676926308923406,True
603318:20260611:985,603318,2026-06-15,SUCCESS,1000,0.2466,0.2391,20781743.0,84269384.0,86904189.0,0.30247679187476334,1.2265348929386006,0.24661083318230972,True
002927:20260612:2017,002927,2026-06-15,FAILED_BREAKOUT,1000,1.7321,1.7321,9021623.0,5208472.0,5208472.0,0.7940101741755485,0.45840751269571645,1.7553257352946898,True
600601:20260612:1289,600601,2026-06-15,FAILED_BREAKOUT,1000,0.3254,0.3254,120457978.0,370153795.0,370153795.0,0.7024291113155754,2.1584855199207946,0.32542683508080744,True
603936:20260611:2372,603936,2026-06-15,SUCCESS,1000,0.2247,0.3694,19312923.0,85964277.0,52285688.0,0.4360355157796019,1.940849547234024,0.22466219311074995,True
002208:20260610:1674,002208,2026-06-15,SUCCESS,1000,0.4321,0.5444,24433600.0,56545925.0,44883300.0,0.5349289659669573,1.2379695660850272,0.4343494362333249,True
600497:20260612:928,600497,2026-06-16,FAILED_BREAKOUT,1000,0.2769,0.7534,104388260.0,376944813.0,138549891.0,0.8766698018415243,3.165644628216817,0.27693247499336193,True
600539:20260612:1634,600539,2026-06-16,STRUCTURE_FAIL,1000,0.2192,0.3122,5359700.0,24452300.0,17168700.0,0.3121785574912486,1.424237129194406,0.2191900148452293,True
002745:20260615:1025,002745,2026-06-16,SUCCESS,1000,0.6592,0.6592,63081944.0,95692615.0,95692615.0,1.1618281306905125,1.7624436559269145,0.6592143395809593,True
000070:20260615:1881,000070,2026-06-16,SUCCESS,1000,0.5415,0.5415,65399681.0,120766983.0,120766983.0,0.6710165888319538,1.2390985359116133,0.5415405843216629,True
002174:20260615:1109,002174,2026-06-16,FAILED_BREAKOUT,1000,1.0303,1.0303,33157969.0,32182712.0,32182712.0,0.863477218039321,0.8380802402801171,1.0303037543883808,True
000593:20260615:2267,000593,2026-06-16,FAILED_BREAKOUT,1000,0.3835,0.3835,10658100.0,27788852.0,27788852.0,0.456563008102568,1.1903962114107638,0.3835386938618407,True
002106:20260615:1338,002106,2026-06-16,SUCCESS,1000,0.4244,0.4244,16534629.0,38963523.0,38963523.0,0.400180972503453,0.9430184690748525,0.42436175496758854,True
000811:20260615:3385,000811,2026-06-16,FAILED_BREAKOUT,1000,0.4149,0.4149,18969166.0,45723446.0,45723446.0,0.6327231094948296,1.5251213959506142,0.41486737460689205,True
603993:20260612:1911,603993,2026-06-16,FAILED_BREAKOUT,1000,0.2621,0.4209,191642654.0,731318674.0,455323977.0,0.713662849544348,2.723375813882405,0.2620508142528301,True
603052:20260615:9078,603052,2026-06-16,FAILED_BREAKOUT,1000,0.4201,0.4201,2257200.0,5372600.0,5372600.0,0.46830419606534845,1.1146602533141463,0.42013177977143285,True
600237:20260615:1068,600237,2026-06-16,SUCCESS,1000,1.0691,1.0691,50461340.0,47199450.0,47199450.0,0.6260437973374119,0.5855754704539615,1.0691086442744566,True
002281:20260615:22547,002281,2026-06-16,FAILED_BREAKOUT,1000,0.3542,0.3542,21027927.0,59367293.0,59367293.0,0.48775425914305814,1.3770568070996188,0.35421604892322106,True
603070:20260615:1604,603070,2026-06-16,FAILED_BREAKOUT,1000,2.497,2.497,9291705.0,3721105.0,3721105.0,1.4468778710350518,0.5794398853921736,2.4970284364456257,True
600520:20260615:2958,600520,2026-06-16,SUCCESS,1000,0.3847,0.3847,4976700.0,12937081.0,12937081.0,0.4434296813742961,1.1527087639888802,0.3846849223561327,True
002734:20260616:1639,002734,2026-06-17,SUCCESS,1000,0.3146,0.3146,9341858.0,29692354.0,29692354.0,0.7149130902867379,2.272294500304734,0.3146259084194998,True
002805:20260616:2420,002805,2026-06-17,FAILED_BREAKOUT,1000,0.525,0.525,15862698.0,30215493.0,30215493.0,0.5773602903810301,1.0997641014464237,0.5252045888451812,True
603950:20260615:6549,603950,2026-06-17,SUCCESS,1000,0.2347,0.3018,2258520.0,9623055.0,7483540.0,0.3639252336448598,1.550605059619723,0.23469885602856888,True
002428:20260615:10149,002428,2026-06-17,FAILED_BREAKOUT,1000,0.2678,0.3943,38726001.0,144621308.0,98206147.0,0.2966649304141268,1.107887960706813,0.2678907964634044,True
002729:20260616:1947,002729,2026-06-17,FAILED_BREAKOUT,1000,0.3562,0.3562,3462000.0,9720530.0,9720530.0,0.43144928825822354,1.2114141392237752,0.3562047220275889,True
603629:20260615:16737,603629,2026-06-17,FAILED_BREAKOUT,1000,0.3347,0.3846,12498536.0,37346924.0,32500800.0,0.37339129044954855,1.115731966262386,0.33466038595307074,True
600362:20260615:4736,600362,2026-06-17,SUCCESS,1000,0.1897,0.163,15044800.0,79288758.0,92320649.0,0.1897469500026725,1.0,0.1897469500026725,True
603318:20260616:965,603318,2026-06-17,FAILED_BREAKOUT,1000,0.6068,0.6068,37041100.0,61045791.0,61045791.0,0.5391305770412181,0.8885171479185986,0.6067756579646908,True
000657:20260615:8690,000657,2026-06-17,FAILED_BREAKOUT,1000,0.3195,0.325,39337927.0,123109335.0,121046353.0,0.31953650793418714,1.0,0.31956298474396266,True
600563:20260615:15730,600563,2026-06-17,FAILED_BREAKOUT,1000,0.1897,0.2687,2435463.0,12836496.0,9064409.0,0.2135630326113206,1.1256180093325525,0.18972958040885923,True
002910:20260616:1121,002910,2026-06-17,FAILED_BREAKOUT,1000,0.3956,0.3956,6866551.0,17358999.0,17358999.0,0.6214368555972116,1.5710247771952965,0.3956024817137834,True
002645:20260616:3363,002645,2026-06-17,FAILED_BREAKOUT,1000,0.6943,0.6943,31226508.0,44973928.0,44973928.0,0.4665518568748688,0.6719505626231616,0.6944034209652963,True
002440:20260615:998,002440,2026-06-17,UNKNOWN,1000,0.3289,0.2944,29075632.0,88397443.0,98766121.0,0.6189912477923835,1.8818935232164893,0.32938162145332384,True
002931:20260616:7194,002931,2026-06-17,UNKNOWN,1000,0.6271,0.6271,7934652.0,12652820.0,12652820.0,0.4931404786711584,0.7863757240191512,0.6274475878386072,True
603637:20260617:1827,603637,2026-06-18,FAILED_BREAKOUT,1000,0.7653,0.7653,7010623.0,9160283.0,9160283.0,0.6227945283168212,0.8137613633244287,0.7653282109297278,True
603042:20260616:2097,603042,2026-06-18,SUCCESS,1000,0.2281,0.2355,3992855.0,17503850.0,16954438.0,0.3487849299871592,1.5290009521396937,0.22811295800638146,True
002885:20260616:4329,002885,2026-06-18,FAILED_BREAKOUT,1000,0.1953,0.6717,6846700.0,35054325.0,10192351.0,0.5103576506388807,2.6129731040839794,0.19538818587375978,True
605069:20260611:1155,605069,2026-06-18,FAILED_BREAKOUT,1000,0.8639,1.4441,12326800.0,14268830.0,8535680.0,0.757978052898835,0.8773939692819291,0.8638970399114714,True
000050:20260617:914,000050,2026-06-18,FAILED_BREAKOUT,1000,0.9747,0.9747,56176372.0,57632755.0,57632755.0,0.959326768004164,0.9841974947283144,0.9748618805862842,True
002927:20260616:2224,002927,2026-06-18,UNKNOWN,1000,0.3315,0.421,7769900.0,23442100.0,18457002.0,0.4209730269303758,1.270092510148723,0.33156524707689683,True
002346:20260616:1801,002346,2026-06-18,FAILED_BREAKOUT,1000,0.3281,0.4891,3365700.0,10256700.0,6881801.0,0.663788285123861,2.0228414012032876,0.32820407805049295,True
002830:20260612:1676,002830,2026-06-18,SUCCESS,1000,0.447,0.6379,3963620.0,8867242.0,6213517.0,0.397854751025849,0.8900637190739655,0.44733885736174334,True
002317:20260618:2290,002317,2026-06-22,FAILED_BREAKOUT,1000,0.5539,0.5539,17131400.0,30931430.0,30931430.0,0.5538508888855123,1.0,0.5546668013558277,True
002442:20260618:548,002442,2026-06-22,FAILED_BREAKOUT,1000,0.4062,0.4062,16165850.0,39801888.0,39801888.0,0.7845480360080122,1.931633230532936,0.4070588783925623,True
603127:20260618:3566,603127,2026-06-22,FAILED_BREAKOUT,1000,0.4247,0.4247,11714339.0,27585410.0,27585410.0,0.6323671829823547,1.489124398151127,0.4246570560307061,True
603929:20260617:23218,603929,2026-06-22,FAILED_BREAKOUT,1000,0.2303,0.325,3241859.0,14074948.0,9975855.0,0.32497054137214304,1.4109014214821687,0.23032831098203702,True
600026:20260617:1969,600026,2026-06-22,FAILED_BREAKOUT,1000,0.307,0.3684,39333562.0,128121352.0,106779361.0,0.3611418169135667,1.1763485302120016,0.30700239566625864,True
601872:20260622:1885,601872,2026-06-23,FAILED_BREAKOUT,1000,0.4091,0.4091,85928852.0,210019488.0,210019488.0,0.4216035922813394,1.0304451709640863,0.40914704067843455,True
000833:20260622:2413,000833,2026-06-23,STRUCTURE_FAIL,1000,0.5258,0.5258,37228229.0,70801294.0,70801294.0,0.7891352715753922,1.5007911971471752,0.5258180319786583,True
002885:20260622:4687,002885,2026-06-23,STRUCTURE_FAIL,1000,0.276,0.276,13722221.0,49723243.0,49723243.0,0.5697526108569715,2.0645307723527866,0.27614468146402943,True
002392:20260618:881,002392,2026-06-23,FAILED_BREAKOUT,1000,0.2686,0.6085,21917669.0,81598889.0,36022102.0,0.7484060192994557,2.786295371818424,0.26860682121379836,True
603629:20260622:19424,603629,2026-06-23,UNKNOWN,1000,0.4635,0.4635,16537460.0,35677267.0,35677267.0,0.5007346548339489,1.0802652872124034,0.4635293392848729,True
002601:20260622:1703,002601,2026-06-23,FAILED_BREAKOUT,1000,0.3032,0.3032,32116727.0,105913206.0,105913206.0,0.5487997549766063,1.8098089977097236,0.30323628386813256,True
002440:20260622:1099,002440,2026-06-23,FAILED_BREAKOUT,1000,0.7349,0.7349,50779281.0,69096141.0,69096141.0,0.5761938279939259,0.7840357168979618,0.7349086903546326,True
600488:20260623:497,600488,2026-06-24,STRUCTURE_FAIL,1000,0.644,0.644,94855750.0,147288287.0,147288287.0,1.4364722936359668,2.230497818557152,0.6440142113948274,True
600531:20260622:1481,600531,2026-06-24,SUCCESS,1000,0.3203,0.5472,51670411.0,161321362.0,94430784.0,0.6316568594375893,1.9721102059961253,0.32029490923836856,True
002728:20260623:882,002728,2026-06-24,STRUCTURE_FAIL,1000,1.8137,1.8137,27243117.0,15021007.0,15021007.0,4.021860384778911,2.2175286694538925,1.814271730161021,True
000756:20260623:1344,000756,2026-06-24,STRUCTURE_FAIL,1000,3.3167,3.3167,35190561.0,10610060.0,10610060.0,6.8254847006067,2.057904169317424,3.3188435443439093,True
600708:20260623:329,600708,2026-06-24,SUCCESS,1000,0.4009,0.4009,18567500.0,46313439.0,46313439.0,0.49319892822500633,1.2301999987728132,0.40090955024955066,True
603661:20260622:3573,603661,2026-06-24,FAILED_BREAKOUT,1000,0.2623,0.2958,2283400.0,8704283.0,7718263.0,0.3182882631725676,1.2133095901867856,0.26233062504976,True
002963:20260622:2144,002963,2026-06-24,FAILED_BREAKOUT,1000,0.2913,0.8387,5847700.0,20072600.0,6972300.0,0.6873804325147155,2.359476797663163,0.29142475543085533,True
603630:20260623:1425,603630,2026-06-24,STRUCTURE_FAIL,1000,0.6027,0.6027,4497695.0,7462259.0,7462259.0,1.2907349480571657,2.141496584973885,0.602725662564111,True
001206:20260623:1854,001206,2026-06-24,FAILED_BREAKOUT,1000,0.9101,0.9101,6075792.0,6676304.0,6676304.0,1.3227106482287785,1.4534431711310043,0.9106670399789922,True
603588:20260622:1761,603588,2026-06-24,SUCCESS,1000,0.2367,0.4707,53597858.0,226394378.0,113869848.0,0.6334194889173513,2.6755287721856655,0.23674553437895,True
002549:20260623:1867,002549,2026-06-24,FAILED_BREAKOUT,1000,1.1457,1.1457,65111127.0,56831411.0,56831411.0,1.5586876685043032,1.360480513713114,1.1460480306382919,True
600058:20260622:1131,600058,2026-06-24,SUCCESS,1000,0.1995,0.3336,5972300.0,29933410.0,17904558.0,0.3105650783679824,1.5565647778026805,0.19951953352458007,True
002910:20260622:1282,002910,2026-06-24,STRUCTURE_FAIL,1000,0.1932,0.1789,7101637.0,36758745.0,39698420.0,0.19319585040240084,1.0,0.1932594662723631,True
600234:20260622:3034,600234,2026-06-24,FAILED_BREAKOUT,1000,0.15,0.1694,898700.0,5991610.0,5303735.0,0.20418967123349918,1.361327335105537,0.14999307364798442,True
002370:20260623:541,002370,2026-06-24,STRUCTURE_FAIL,1000,2.4608,2.4608,51096800.0,20764185.0,20764185.0,3.1946895058131046,1.2982246229952146,2.4615135595257507,True
605369:20260623:1694,605369,2026-06-24,FAILED_BREAKOUT,1000,0.9695,0.9695,2946475.0,3039195.0,3039195.0,1.3569296334025351,1.39962964463938,0.9694919213804971,True
002038:20260623:554,002038,2026-06-24,STRUCTURE_FAIL,1000,2.2074,2.2074,60358363.0,27344111.0,27344111.0,2.7021598301049274,1.2241577581242598,2.207959948071295,True
603318:20260623:1169,603318,2026-06-25,STRUCTURE_FAIL,1000,1.0345,0.3179,37671266.0,36414700.0,118485766.0,0.5081104351909318,0.4911618596610803,1.034507108393039,True
002427:20260624:474,002427,2026-06-25,FAILED_BREAKOUT,1000,0.8368,0.8368,17990180.0,21499300.0,21499300.0,1.17597517860884,1.4053579873833963,0.8460512516636334,True
603203:20260624:7014,603203,2026-06-25,FAILED_BREAKOUT,1000,0.3308,0.3308,7471253.0,22584994.0,22584994.0,0.3308060653015892,1.0,0.3308060653015892,True
605300:20260625:943,605300,2026-06-26,FAILED_BREAKOUT,1000,1.3109,1.3109,5964440.0,4550048.0,4550048.0,1.6287664151513257,1.242524926015931,1.4188048663985948,True
603297:20260624:13289,603297,2026-06-26,FAILED_BREAKOUT,1000,0.2636,0.2654,857600.0,3253239.0,3231006.0,0.2654281669548122,1.0068811385679879,0.27549262456516593,True
600539:20260626:1432,600539,2026-06-29,FAILED_BREAKOUT,1000,0.363,0.363,6567101.0,18092838.0,18092838.0,0.3964682808217652,1.0922987749155533,0.3630009897663707,True
002518:20260625:5443,002518,2026-06-29,FAILED_BREAKOUT,1000,0.2434,0.6011,7535400.0,30959502.0,12536977.0,0.562317727500295,2.310305598797786,0.2453902062168059,True
002497:20260624:2360,002497,2026-06-29,FAILED_BREAKOUT,1000,0.4252,0.3994,27099232.0,63738988.0,67846572.0,0.4251594330302201,1.0,0.42679593416686157,True
600118:20260626:7777,600118,2026-06-29,FAILED_BREAKOUT,1000,0.3106,0.3106,28007092.0,90157878.0,90157878.0,0.667572937592063,2.148989958098,0.31087082638666724,True
603063:20260625:5517,603063,2026-06-29,FAILED_BREAKOUT,1000,0.1841,0.2513,8361200.0,45409443.0,33272214.0,0.2965484445216211,1.6105462957761105,0.18451349373537496,True
603318:20260629:969,603318,2026-06-30,NO_LAUNCH,1000,0.3239,0.3239,27119452.0,83731558.0,83731558.0,0.32388567283078623,1.0,0.3360362993943691,True
002728:20260629:880,002728,2026-06-30,SUCCESS,1000,1.4376,1.4376,27213787.0,18930303.0,18930303.0,1.3825614724948687,0.9617297140766933,1.4375779933369266,True
002370:20260629:537,002370,2026-06-30,SUCCESS,1000,0.855,0.855,28319500.0,33124127.0,33124127.0,0.854950833874052,1.0,0.854950833874052,True
002038:20260629:558,002038,2026-06-30,SUCCESS,1000,1.2066,1.2066,43048318.0,35677233.0,35677233.0,1.137308183036786,0.9425689765395725,1.206604727446212,True
001270:20260626:13943,001270,2026-06-30,FAILED_BREAKOUT,1000,0.2931,0.3697,5545610.0,18922017.0,14999487.0,0.5020594849246174,1.7130627845728161,0.2930771069490108,True
002693:20260629:911,002693,2026-06-30,SUCCESS,1000,0.7321,0.7321,15869901.0,21678511.0,21678511.0,1.2526166195715662,1.7110921590604133,0.7320567819441105,True
002915:20260629:2034,002915,2026-06-30,SUCCESS,1000,0.3732,0.3732,10110261.0,27092755.0,27092755.0,0.6760723896355362,1.811690481052875,0.3731721266441896,True
600516:20260625:677,600516,2026-06-30,FAILED_BREAKOUT,1000,0.2899,0.2809,74632615.0,257435626.0,265706125.0,0.30807033989691973,1.062649095216566,0.29985627331302844,True
000756:20260629:1359,000756,2026-06-30,FAILED_BREAKOUT,1000,0.7952,0.7952,16864210.0,21208775.0,21208775.0,0.6507105154073205,0.8183468369646661,0.7951524781605727,True
002910:20260626:1227,002910,2026-06-30,NO_LAUNCH,1000,0.3049,0.2748,9361400.0,30707300.0,34064173.0,0.2794422736512807,0.9166276122900392,0.3048591051639187,True
603477:20260629:1455,603477,2026-06-30,FAILED_BREAKOUT,1000,0.5279,0.5279,10068126.0,19070742.0,19070742.0,0.9402060527108328,1.7809100778125635,0.5398030901463632,True
600488:20260629:484,600488,2026-07-01,SUCCESS,1000,0.2456,0.3122,29497550.0,120126224.0,94494702.0,0.26631658866087415,1.0845512994940947,0.24567549398451485,True
002472:20260630:4151,002472,2026-07-01,SUCCESS,1000,0.5147,0.5147,26281812.0,51061404.0,51061404.0,0.7433473514037817,1.4442063363956208,0.5148228594737839,True
002805:20260630:2859,002805,2026-07-01,STRUCTURE_FAIL,1000,1.3285,1.3285,12280620.0,9243991.0,9243991.0,0.4315064175608905,0.32480782243690576,1.3284976153698116,True
603717:20260623:679,603717,2026-07-01,SUCCESS,1000,0.6578,0.4514,12601800.0,19158022.0,27919082.0,0.5171004492386578,0.7861275200942794,0.6584142570840741,True
002615:20260630:690,002615,2026-07-01,FAILED_BREAKOUT,1000,0.3327,0.3327,8608300.0,25873448.0,25873448.0,0.650948511903254,1.9565166726770935,0.3327850509257813,True
001215:20260626:3917,001215,2026-07-01,FAILED_BREAKOUT,1000,0.2012,0.2125,1475600.0,7333300.0,6943598.0,0.25666849305537437,1.2755672676355223,0.20126026350964293,True
601882:20260630:2023,601882,2026-07-01,FAILED_BREAKOUT,1000,0.47,0.47,3605700.0,7671647.0,7671647.0,0.5138213921671201,1.0932291487796297,0.4700830353568098,True
600846:20260630:1000,600846,2026-07-01,FAILED_BREAKOUT,1000,0.5445,0.5445,6287020.0,11547046.0,11547046.0,0.6028921855371544,1.1073010423758882,0.544583177344719,True
603211:20260630:3551,603211,2026-07-02,SUCCESS,1000,0.207,0.1833,2433700.0,11756500.0,13276200.0,0.21412483063224763,1.03437505498953,0.20700888869986817,True
603118:20260630:1211,603118,2026-07-02,SUCCESS,1000,0.2813,0.3373,10632146.0,37793019.0,31517231.0,0.35041311233661004,1.2455782127509005,0.2813256596410041,True
002403:20260701:981,002403,2026-07-02,FAILED_BREAKOUT,1000,0.3586,0.3586,3707600.0,10340130.0,10340130.0,0.6462971614243779,1.8024589135179232,0.36013493889770115,True
000938:20260630:2886,000938,2026-07-02,FAILED_BREAKOUT,1000,0.2149,0.4342,72880744.0,339206614.0,167866097.0,0.379535093420818,1.7664585577426233,0.21575576060149795,True
002903:20260630:4542,002903,2026-07-02,NO_LAUNCH,1000,0.1708,0.2342,1773500.0,10386263.0,7574119.0,0.19224207043463293,1.1258396973209033,0.1718497261111681,True
600661:20260701:760,600661,2026-07-02,FAILED_BREAKOUT,1000,0.3983,0.3983,5750661.0,14439310.0,14439310.0,0.7056317543437072,1.7717677405801933,0.3982642522391998,True
002442:20260701:542,002442,2026-07-02,STRUCTURE_FAIL,1000,0.4788,0.4788,14676800.0,30653800.0,30653800.0,0.47727326235630063,0.9968275870501451,0.48111979806920063,True
605300:20260629:1035,605300,2026-07-02,STRUCTURE_FAIL,1000,0.277,0.5614,4252898.0,15354824.0,7575443.0,0.2769747149169538,1.0,0.2769747149169538,True
605018:20260630:1491,605018,2026-07-02,FAILED_BREAKOUT,1000,0.262,0.336,4491600.0,17144800.0,13369340.0,0.34724122735811863,1.3254478125410705,0.26198030889832485,True
603615:20260701:1777,603615,2026-07-02,FAILED_BREAKOUT,1000,0.4856,0.4856,4515944.0,9300287.0,9300287.0,1.0202756314671728,2.101189959784917,0.48557039153737946,True
002124:20260701:232,002124,2026-07-03,SUCCESS,1000,0.2263,0.2635,35533280.0,157048997.0,134834020.0,0.40139541220170083,1.7740762149364955,0.22776669436172808,True
002931:20260702:7128,002931,2026-07-03,STRUCTURE_FAIL,1000,1.2617,1.2617,18173456.0,14403804.0,14403804.0,1.359884321816897,1.0778086036097652,1.279324971504003,True
605111:20260630:9914,605111,2026-07-03,NO_LAUNCH,1000,0.2169,0.2227,7522459.0,34674402.0,33774889.0,0.21694560154202516,1.0,0.21694560154202516,True
600975:20260701:474,600975,2026-07-03,FAILED_BREAKOUT,1000,0.2561,0.3398,9463700.0,36958765.0,27849955.0,0.52057250709154,2.0330015696880777,0.2560610453298426,True
002392:20260702:878,002392,2026-07-03,STRUCTURE_FAIL,1000,0.421,0.421,29477880.0,70025833.0,70025833.0,0.6303573806023032,1.4974381015315321,0.4241614866104762,True
002440:20260701:1128,002440,2026-07-03,STRUCTURE_FAIL,1000,0.3169,0.3195,20314573.0,64110203.0,63589915.0,0.3194621820142392,1.0081819263321865,0.3195361090707017,True
003030:20260702:2244,003030,2026-07-03,STRUCTURE_FAIL,1000,1.4344,1.4344,2032600.0,1417067.0,1417067.0,0.8348118942007557,0.5820055035321177,1.4473424681724933,True
002607:20260701:198,002607,2026-07-03,SUCCESS,1000,0.2632,0.2289,91242000.0,346613476.0,398542549.0,0.28345787943968054,1.0768102506759674,0.26661884074448305,True
600449:20260702:1239,600449,2026-07-03,FAILED_BREAKOUT,1000,0.8189,0.8189,8229400.0,10048904.0,10048904.0,1.2859333634812675,1.5702506768440425,0.8189350798853288,True
000876:20260701:690,000876,2026-07-03,SUCCESS,1000,0.2346,0.3192,26214883.0,111744633.0,82118320.0,0.3192330651674316,1.3607759267359585,0.23610942423241782,True
002842:20260702:5017,002842,2026-07-06,STRUCTURE_FAIL,1000,0.2706,0.3074,17883118.0,66098152.0,58167145.0,0.315073730431087,1.164550349958045,0.2715621968236043,True
002693:20260702:1067,002693,2026-07-06,STRUCTURE_FAIL,1000,0.2981,0.3483,12625100.0,42348852.0,36252625.0,0.35903728944549357,1.2043324039578591,0.2984371331616177,True
002427:20260702:530,002427,2026-07-06,STRUCTURE_FAIL,1000,0.3259,0.4441,16621707.0,50995748.0,37425870.0,0.35672165517816834,1.0944295693341706,0.32641217484281193,True
002518:20260630:5359,002518,2026-07-06,STRUCTURE_FAIL,1000,0.3567,0.3171,5496500.0,15410292.0,17334587.0,0.3170828356049094,0.8889910097079324,0.35733575557545194,True
000593:20260706:2466,000593,2026-07-07,STRUCTURE_FAIL,1000,1.1211,1.1211,19544355.0,17433602.0,17433602.0,0.9450409028361446,0.8429782908551353,1.121073832017044,True
603118:20260706:1342,603118,2026-07-07,UNKNOWN,1000,0.4756,0.4756,34177935.0,71862296.0,71862296.0,0.9043451913698665,1.9014701101280107,0.47560315913090223,True
001270:20260703:16332,001270,2026-07-07,STRUCTURE_FAIL,1000,0.3628,1.8938,8790070.0,24228449.0,4641621.0,0.6034012890031643,1.6631809936834892,0.3627995337217005,True
002472:20260703:4701,002472,2026-07-08,STRUCTURE_FAIL,1000,0.3971,0.3742,27929029.0,70332180.0,74641247.0,0.46365459881584176,1.1675965785184859,0.3977112934282937,True
002129:20260707:1102,002129,2026-07-08,STRUCTURE_FAIL,1000,0.4623,0.4623,163165953.0,352955169.0,352955169.0,0.4622852059718666,1.0,0.4632313416387092,True
603020:20260706:1469,603020,2026-07-08,STRUCTURE_FAIL,1000,0.4614,0.9706,9483600.0,20552081.0,9771300.0,0.9705566301310982,2.1033108184172016,0.4614423230426155,True
001206:20260707:1954,001206,2026-07-08,STRUCTURE_FAIL,1000,1.1656,1.1656,9463518.0,8118678.0,8118678.0,1.7181779559467527,1.474011416370727,1.1683531529734152,True
603477:20260706:1673,603477,2026-07-08,NO_LAUNCH,1000,0.2921,0.316,11138200.0,38126735.0,35249541.0,0.4649248701495835,1.5914660644540932,0.2921660993994806,True
002585:20260707:1137,002585,2026-07-27,STRUCTURE_FAIL,1000,0.3814,0.3318,14474600.0,37952725.0,43625562.0,0.25889884514867034,0.6788385636041804,0.3880753677936803,True
603065:20260707:2025,603065,2026-07-27,STRUCTURE_FAIL,1000,0.337,0.2324,16058386.0,47653223.0,69084779.0,0.3562744404481442,1.057243571046034,0.3370457922309349,True
002642:20260708:670,002642,2026-07-27,SUCCESS,1000,0.2002,0.1965,5968800.0,29810992.0,30370112.0,0.1732789103007008,0.8654363035690439,0.20064007977197865,True
002403:20260706:1178,002403,2026-07-27,NO_LAUNCH,1000,0.3492,0.2256,1712100.0,4902690.0,7587870.0,0.22905861604766925,0.6559216087324032,0.349416007298123,True
000892:20260706:376,000892,2026-07-27,FAILED_BREAKOUT,1000,0.2384,0.308,15834500.0,66411100.0,51402673.0,0.1740370506740233,0.7299246566685168,0.23869714127216704,True
601369:20260626:905,601369,2026-07-27,FAILED_BREAKOUT,1000,0.3216,0.25,5575100.0,17337417.0,22299194.0,0.19769391962920024,0.6147875236275456,0.321980625257255,True
002051:20260727:905,002051,2026-07-28,STRUCTURE_FAIL,1000,0.9012,0.9012,21842584.0,24238353.0,24238353.0,0.7889224125196133,0.8754541094708395,0.9011579293362053,True
603988:20260727:1804,603988,2026-07-28,SUCCESS,1000,0.3431,0.3431,7330800.0,21368458.0,21368458.0,0.5249869376306237,1.5302779133666997,0.343066401890113,True
603661:20260708:4267,603661,2026-07-28,NO_LAUNCH,1000,0.2101,0.0245,303600.0,1444700.0,12404725.0,0.13137170056252703,0.6251406317611423,0.2101474354537274,True
603315:20260727:1203,603315,2026-07-28,STRUCTURE_FAIL,1000,0.8348,0.8348,6443600.0,7718300.0,7718300.0,0.8348470518119275,1.0,0.8348470518119275,True
603955:20260727:1862,603955,2026-07-28,FAILED_BREAKOUT,1000,0.5248,0.5248,1479100.0,2818440.0,2818440.0,0.8830974983581109,1.6827512090274046,0.5247938575949816,True
002292:20260727:776,002292,2026-07-28,FAILED_BREAKOUT,1000,0.6809,0.6809,54795200.0,80474972.0,80474972.0,0.9120701655122919,1.3395118738801401,0.6808974099425595,True
002490:20260708:697,002490,2026-07-28,STRUCTURE_FAIL,1000,0.2521,0.3982,20595114.0,81697193.0,51720734.0,0.2187645842248866,0.8678006083863053,0.25209114845738756,True
002910:20260708:1287,002910,2026-07-28,NO_LAUNCH,1000,0.287,0.0801,2495584.0,8696784.0,31169400.0,0.2598470436951078,0.9055329782747903,0.28695480996193534,True
002174:20260727:1134,002174,2026-07-28,NO_LAUNCH,1000,0.3414,0.3414,14368000.0,42083297.0,42083297.0,0.3656900940870625,1.0710916508507653,0.3414181165510868,True
003030:20260727:2261,003030,2026-07-28,STRUCTURE_FAIL,1000,0.4459,0.4459,1651800.0,3704385.0,3704385.0,0.41610071461103476,0.9331621538287916,0.44590397596362147,True
603630:20260727:1443,603630,2026-07-28,FAILED_BREAKOUT,1000,0.6878,0.6878,8625080.0,12539876.0,12539876.0,0.9238784754914721,1.3432132248897515,0.6878122239805242,True
600667:20260727:1792,600667,2026-07-28,STRUCTURE_FAIL,1000,1.1253,1.1253,225042319.0,199990977.0,199990977.0,0.9197888767861532,0.8173994869924682,1.125262361211426,True
