archetype,role,episode_id,symbol,name,anchor_date,candidate_date,outcome,days_since_anchor,candidate_close,max_dd_from_post_anchor_high_pct,candidate_close_vs_anchor_pct,pullback_min_vol_ratio,d0_vol_d1_vol_ratio,low_progression_3d_pct,days_to_recover_damage_open,dist_to_s1_pct,probe_count_3d
ARCH_DAMAGE_FAST_REPAIR,SUCCESS_EXAMPLE,002208:20260610:1674,002208,合肥城建,2026-06-10,2026-06-15,SUCCESS,3,16.45,-5.194,-1.7324,1.2598,1.3086,4.4737,1.0,-6.4278,0
ARCH_DAMAGE_FAST_REPAIR,CONTROL_LOOKALIKE,603917:20240815:1132,603917,合力科技,2024-08-15,2024-08-20,STRUCTURE_FAIL,3,11.49,-10.5008,1.5018,1.1167,1.275,-2.2065,1.0,-7.189,1
ARCH_DAMAGE_FAST_REPAIR,CONTROL_LOOKALIKE,002342:20250604:637,002342,,2025-06-04,2025-06-09,STRUCTURE_FAIL,3,6.13,-10.7784,-3.7677,0.8729,0.7604,-2.2727,1.0,-6.4122,1
ARCH_DAMAGE_FAST_REPAIR,CONTROL_LOOKALIKE,603669:20250424:462,603669,灵康药业,2025-04-24,2025-04-30,FAILED_BREAKOUT,4,4.52,-9.3074,-2.1645,1.5458,0.9748,6.3452,1.0,-7.7551,0
ARCH_DAMAGE_FAST_REPAIR,CONTROL_LOOKALIKE,001287:20240823:1887,001287,,2024-08-23,2024-08-28,STRUCTURE_FAIL,3,18.8,-12.1212,-0.371,0.9561,1.2539,-1.9042,1.0,-5.0505,1
ARCH_DAMAGE_FAST_REPAIR,CONTROL_LOOKALIKE,000925:20250312:952,000925,,2025-03-12,2025-03-17,STRUCTURE_FAIL,3,9.18,-12.5881,-3.5714,1.2877,1.1092,-1.4689,1.0,-7.5529,1
ARCH_DAMAGE_FAST_REPAIR,CONTROL_LOOKALIKE,002836:20260106:1669,002836,,2026-01-06,2026-01-09,STRUCTURE_FAIL,3,16.52,-11.9861,-1.0186,1.0792,1.5947,-3.8486,1.0,-6.1897,1
ARCH_DAMAGE_FAST_REPAIR,CONTROL_LOOKALIKE,603219:20250226:1913,603219,,2025-02-26,2025-03-03,STRUCTURE_FAIL,3,18.17,-13.5568,-5.0183,1.0826,0.8249,-2.9213,1.0,-9.1046,1
ARCH_DAMAGE_FAST_REPAIR,CONTROL_LOOKALIKE,002375:20241206:464,002375,,2024-12-06,2024-12-11,STRUCTURE_FAIL,3,4.65,-10.3239,0.2155,2.1339,1.2848,-0.2242,1.0,-5.8704,1
ARCH_HIGH_LEVEL_CONSOLIDATION,SUCCESS_EXAMPLE,605117:20240711:8063,605117,德业股份,2024-07-11,2024-07-16,SUCCESS,3,90.33,-4.1493,12.0303,0.6614,0.7694,6.2804,,-5.6901,0
ARCH_HIGH_LEVEL_CONSOLIDATION,SUCCESS_EXAMPLE,605133:20250423:3116,605133,嵘泰股份,2025-04-23,2025-04-25,SUCCESS,2,33.6,-4.127,7.8306,0.9126,0.5782,16.1538,,-5.3521,0
ARCH_HIGH_LEVEL_CONSOLIDATION,SUCCESS_EXAMPLE,002965:20260611:3854,002965,,2026-06-11,2026-06-15,SUCCESS,2,40.47,-7.3113,5.0078,1.2216,0.546,11.6805,,-3.6199,1
ARCH_HIGH_LEVEL_CONSOLIDATION,SUCCESS_EXAMPLE,603588:20260622:1761,603588,,2026-06-22,2026-06-24,SUCCESS,2,18.49,-7.7439,4.9972,1.1926,0.5998,9.0299,,-4.5431,1
ARCH_HIGH_LEVEL_CONSOLIDATION,SUCCESS_EXAMPLE,002796:20260417:5335,002796,,2026-04-17,2026-04-21,SUCCESS,2,55.81,-7.5312,4.6111,0.6367,0.6873,11.5031,,-7.5228,0
ARCH_HIGH_LEVEL_CONSOLIDATION,SUCCESS_EXAMPLE,600250:20250603:949,600250,,2025-06-03,2025-06-05,SUCCESS,2,9.9,-7.4468,4.3203,1.6999,0.991,8.6266,,-9.6715,0
ARCH_HIGH_LEVEL_CONSOLIDATION,SUCCESS_EXAMPLE,002276:20250219:993,002276,,2025-02-19,2025-02-21,SUCCESS,2,10.35,-6.7096,4.2296,1.7775,0.6277,12.4031,,-4.8713,1
ARCH_HIGH_LEVEL_CONSOLIDATION,SUCCESS_EXAMPLE,603083:20260408:11155,603083,,2026-04-08,2026-04-10,SUCCESS,2,116.24,-3.02,4.2044,0.7577,0.6681,8.8866,,-3.1172,1
ARCH_HIGH_LEVEL_CONSOLIDATION,CONTROL_LOOKALIKE,001319:20250516:2948,001319,,2025-05-16,2025-05-20,STRUCTURE_FAIL,2,29.03,-7.199,-1.5265,1.1273,0.5901,6.7771,,-5.0065,1
ARCH_HIGH_LEVEL_CONSOLIDATION,CONTROL_LOOKALIKE,000020:20251208:1719,000020,,2025-12-08,2025-12-10,STRUCTURE_FAIL,2,16.8,-6.6704,-2.2688,0.9089,0.6084,5.5627,,-5.0311,1
ARCH_HIGH_LEVEL_CONSOLIDATION,CONTROL_LOOKALIKE,002361:20250307:615,002361,,2025-03-07,2025-03-11,FAILED_BREAKOUT,2,6.09,-6.5625,-0.9756,0.8639,0.5346,7.7477,,-4.9922,1
ARCH_HIGH_LEVEL_CONSOLIDATION,CONTROL_LOOKALIKE,000008:20250219:296,000008,神州高铁,2025-02-19,2025-02-21,NO_LAUNCH,2,2.91,-6.5574,-1.6892,0.8044,0.5451,6.3433,,-4.5902,1
ARCH_HIGH_LEVEL_CONSOLIDATION,CONTROL_LOOKALIKE,600629:20250416:831,600629,华建集团,2025-04-16,2025-04-18,NO_LAUNCH,2,8.18,-5.8685,-1.5644,1.1623,0.5443,6.2252,,-5.6517,1
ARCH_HIGH_LEVEL_CONSOLIDATION,CONTROL_LOOKALIKE,002246:20250811:1960,002246,,2025-08-11,2025-08-13,STRUCTURE_FAIL,2,19.17,-5.7921,-2.1939,0.7451,0.657,5.781,,-5.099,1
ARCH_HIGH_LEVEL_CONSOLIDATION,CONTROL_LOOKALIKE,603316:20250219:531,603316,诚邦股份,2025-02-19,2025-02-21,FAILED_BREAKOUT,2,5.24,-7.2727,-1.3183,0.8094,0.4801,5.5901,,-4.7273,1
ARCH_HIGH_LEVEL_CONSOLIDATION,CONTROL_LOOKALIKE,600725:20250312:356,600725,,2025-03-12,2025-03-14,NO_LAUNCH,2,3.52,-6.2331,-1.1236,0.7957,0.4952,7.1207,,-4.607,1
ARCH_MULTI_PROBE_BREAKOUT_PREP,SUCCESS_EXAMPLE,003030:20260601:2574,003030,祖名股份,2026-06-01,2026-06-09,SUCCESS,5,21.29,-25.5196,-17.2883,0.584,0.4707,7.4935,,-5.0401,3
ARCH_MULTI_PROBE_BREAKOUT_PREP,SUCCESS_EXAMPLE,600237:20260528:1092,600237,,2026-05-28,2026-06-01,SUCCESS,2,10.3,-7.3807,-5.6777,0.5081,0.5458,3.2096,,-6.8716,3
ARCH_MULTI_PROBE_BREAKOUT_PREP,SUCCESS_EXAMPLE,603726:20260427:2462,603726,朗迪集团,2026-04-27,2026-04-29,SUCCESS,2,22.59,-9.1945,-8.2453,0.758,0.6291,1.4085,,-3.7084,3
ARCH_MULTI_PROBE_BREAKOUT_PREP,SUCCESS_EXAMPLE,002805:20240826:991,002805,,2024-08-26,2024-08-28,SUCCESS,2,9.81,-5.1485,-1.0091,0.8115,0.4448,8.3987,,-2.9674,2
ARCH_MULTI_PROBE_BREAKOUT_PREP,SUCCESS_EXAMPLE,002072:20251229:772,002072,,2025-12-29,2025-12-31,SUCCESS,2,7.24,-6.5104,-6.2176,0.7931,0.372,2.1337,,-3.5952,2
ARCH_MULTI_PROBE_BREAKOUT_PREP,SUCCESS_EXAMPLE,001896:20260521:1637,001896,豫能控股,2026-05-21,2026-05-22,SUCCESS,1,15.76,-6.5594,-3.7263,0.7685,0.7685,2.027,,-4.7158,2
ARCH_MULTI_PROBE_BREAKOUT_PREP,SUCCESS_EXAMPLE,002242:20260420:1125,002242,九阳股份,2026-04-20,2026-04-22,SUCCESS,2,10.37,-7.2581,-7.8222,0.6851,0.606,2.8827,,-4.0703,2
ARCH_MULTI_PROBE_BREAKOUT_PREP,SUCCESS_EXAMPLE,605305:20260408:4276,605305,,2026-04-08,2026-04-10,SUCCESS,2,43.21,-3.594,1.0524,0.8205,0.6728,7.9747,,-3.2901,2
ARCH_MULTI_PROBE_BREAKOUT_PREP,CONTROL_LOOKALIKE,000505:20240904:563,000505,,2024-09-04,2024-09-06,STRUCTURE_FAIL,2,5.47,-8.9527,-2.8419,1.1362,0.6628,5.8939,,-6.175,2
ARCH_MULTI_PROBE_BREAKOUT_PREP,CONTROL_LOOKALIKE,000938:20240716:2419,000938,紫光股份,2024-07-16,2024-07-18,STRUCTURE_FAIL,2,24.38,-6.7743,0.7854,1.0019,0.6605,8.4288,,-3.9779,2
ARCH_MULTI_PROBE_BREAKOUT_PREP,CONTROL_LOOKALIKE,002348:20260408:886,002348,,2026-04-08,2026-04-10,FAILED_BREAKOUT,2,8.94,-7.4502,0.9029,0.8822,0.5414,3.7647,,-6.191,2
ARCH_MULTI_PROBE_BREAKOUT_PREP,CONTROL_LOOKALIKE,002813:20250915:2677,002813,,2025-09-15,2025-09-17,STRUCTURE_FAIL,2,26.14,-5.5291,-2.3534,1.2156,0.6452,4.654,,-4.2841,2
ARCH_MULTI_PROBE_BREAKOUT_PREP,CONTROL_LOOKALIKE,605366:20260316:1079,605366,,2026-03-16,2026-03-18,STRUCTURE_FAIL,2,10.8,-6.25,0.0927,0.6786,0.5996,6.9246,,-3.5714,2
ARCH_MULTI_PROBE_BREAKOUT_PREP,CONTROL_LOOKALIKE,002813:20260106:3234,002813,,2026-01-06,2026-01-08,NO_LAUNCH,2,31.4,-6.1534,-2.9066,0.5755,0.4899,5.5574,,-4.8196,2
ARCH_MULTI_PROBE_BREAKOUT_PREP,CONTROL_LOOKALIKE,603577:20250306:913,603577,汇金通,2025-03-06,2025-03-10,NO_LAUNCH,2,8.88,-5.2688,-2.7382,0.9498,0.3732,6.0168,,-4.5161,2
ARCH_MULTI_PROBE_BREAKOUT_PREP,CONTROL_LOOKALIKE,001296:20241220:1874,001296,,2024-12-20,2024-12-24,FAILED_BREAKOUT,2,18.1,-7.7895,-3.4152,1.0031,0.7888,3.5461,,-4.7368,2
