feature,group,success_n,control_n,success_median,success_p25,success_p75,control_median,control_p25,control_p75,median_diff,rank_biserial,boot_ci_lo,boot_ci_hi
days_since_anchor_episode,FAILED_BREAKOUT,409,950,2.0,1.0,2.0,1.0,1.0,2.0,1.0,-0.271,0.0,1.0
days_since_anchor_episode,NO_LAUNCH,409,1730,2.0,1.0,2.0,2.0,1.0,2.0,0.0,-0.0788,0.0,0.0
days_since_anchor_episode,STRUCTURE_FAIL,409,5415,2.0,1.0,2.0,2.0,1.0,2.0,0.0,-0.2109,0.0,0.0
days_since_anchor_episode,ALL_CONTROL,409,8095,2.0,1.0,2.0,2.0,1.0,2.0,0.0,-0.2175,0.0,0.0
days_since_anchor,FAILED_BREAKOUT,409,950,2.0,1.0,2.0,1.0,1.0,2.0,1.0,-0.271,0.0,1.0
days_since_anchor,NO_LAUNCH,409,1730,2.0,1.0,2.0,2.0,1.0,2.0,0.0,-0.0815,0.0,0.0
days_since_anchor,STRUCTURE_FAIL,409,5415,2.0,1.0,2.0,2.0,1.0,2.0,0.0,-0.2138,0.0,0.0
days_since_anchor,ALL_CONTROL,409,8095,2.0,1.0,2.0,2.0,1.0,2.0,0.0,-0.2184,0.0,0.0
anchor_close,FAILED_BREAKOUT,409,950,12.31,7.87,23.02,13.445,7.01,24.4375,-1.135,0.0284,-2.7831,0.9976
anchor_close,NO_LAUNCH,409,1730,12.31,7.87,23.02,12.175,6.86,21.245,0.135,-0.0401,-1.3926,2.21
anchor_close,STRUCTURE_FAIL,409,5415,12.31,7.87,23.02,11.86,6.665,21.08,0.45,-0.0513,-0.8952,2.1052
anchor_close,ALL_CONTROL,409,8095,12.31,7.87,23.02,12.08,6.77,21.41,0.23,-0.0395,-1.1652,2.1
anchor_volume,FAILED_BREAKOUT,409,950,34294116.0,14143990.0,86218044.0,32391718.0,14167210.0,74980233.0,1902398.0,-0.0224,-2540544.9125,7933762.325
anchor_volume,NO_LAUNCH,409,1730,34294116.0,14143990.0,86218044.0,30288601.0,13409365.0,73047151.0,4005515.0,-0.0401,-301809.1,9489418.8375
anchor_volume,STRUCTURE_FAIL,409,5415,34294116.0,14143990.0,86218044.0,33548611.0,14673847.5,75622378.5,745505.0,-0.0078,-3151110.65,5659980.7
anchor_volume,ALL_CONTROL,409,8095,34294116.0,14143990.0,86218044.0,32811826.0,14272773.0,74844615.5,1482290.0,-0.0164,-1416812.625,6965236.425
candidate_close,FAILED_BREAKOUT,409,950,12.11,7.71,22.43,13.445,7.01,24.12,-1.335,0.0334,-2.9003,0.901
candidate_close,NO_LAUNCH,409,1730,12.11,7.71,22.43,11.815,6.61,20.61,0.295,-0.0489,-1.0758,2.3762
candidate_close,STRUCTURE_FAIL,409,5415,12.11,7.71,22.43,11.67,6.56,20.69,0.44,-0.0528,-0.8153,2.2252
candidate_close,ALL_CONTROL,409,8095,12.11,7.71,22.43,11.92,6.61,20.975,0.19,-0.0419,-1.0952,2.141
candidate_volume,FAILED_BREAKOUT,409,950,36407960.0,14802800.0,80224760.0,40638730.0,17617382.5,83899798.75,-4230770.0,0.0437,-10465698.925,3119708.125
candidate_volume,NO_LAUNCH,409,1730,36407960.0,14802800.0,80224760.0,34891057.0,15488113.75,77461900.75,1516903.0,-0.014,-5574984.0375,10425039.1125
candidate_volume,STRUCTURE_FAIL,409,5415,36407960.0,14802800.0,80224760.0,42067781.0,18604728.0,89242593.0,-5659821.0,0.0707,-11618739.55,2145694.475
candidate_volume,ALL_CONTROL,409,8095,36407960.0,14802800.0,80224760.0,40044052.0,17637134.0,85738932.5,-3636092.0,0.0494,-9618992.05,3131549.95
lowest_low_since_anchor_pct,FAILED_BREAKOUT,409,950,-3.7004,-5.953,-1.8201,-3.1561,-5.5392,-1.2088,-0.5444,0.0803,-0.9527,-0.0522
lowest_low_since_anchor_pct,NO_LAUNCH,409,1730,-3.7004,-5.953,-1.8201,-3.9761,-7.2788,-1.8447,0.2757,-0.0666,-0.1298,0.6678
lowest_low_since_anchor_pct,STRUCTURE_FAIL,409,5415,-3.7004,-5.953,-1.8201,-3.8961,-6.5498,-1.8106,0.1957,-0.042,-0.1835,0.564
lowest_low_since_anchor_pct,ALL_CONTROL,409,8095,-3.7004,-5.953,-1.8201,-3.8076,-6.5599,-1.7363,0.1072,-0.0327,-0.2281,0.4964
candidate_close_vs_anchor_pct,FAILED_BREAKOUT,409,950,-1.242,-3.7616,1.8248,-0.3668,-2.7614,2.8016,-0.8752,0.1129,-1.4423,-0.2964
candidate_close_vs_anchor_pct,NO_LAUNCH,409,1730,-1.242,-3.7616,1.8248,-1.8414,-5.2857,1.2335,0.5994,-0.116,0.1586,1.1699
candidate_close_vs_anchor_pct,STRUCTURE_FAIL,409,5415,-1.242,-3.7616,1.8248,-0.9317,-4.0091,1.5658,-0.3103,-0.0223,-0.8163,0.1698
candidate_close_vs_anchor_pct,ALL_CONTROL,409,8095,-1.242,-3.7616,1.8248,-1.1329,-4.0565,1.6541,-0.1091,-0.0265,-0.5662,0.3896
candidate_low_vs_anchor_pct,FAILED_BREAKOUT,409,950,-3.653,-5.9087,-1.5933,-3.0373,-5.4415,-1.129,-0.6157,0.0824,-1.0141,-0.0958
candidate_low_vs_anchor_pct,NO_LAUNCH,409,1730,-3.653,-5.9087,-1.5933,-3.8616,-7.1586,-1.766,0.2086,-0.0654,-0.1423,0.6913
candidate_low_vs_anchor_pct,STRUCTURE_FAIL,409,5415,-3.653,-5.9087,-1.5933,-3.7885,-6.463,-1.7143,0.1355,-0.0434,-0.2166,0.5666
candidate_low_vs_anchor_pct,ALL_CONTROL,409,8095,-3.653,-5.9087,-1.5933,-3.7037,-6.4782,-1.6419,0.0507,-0.0331,-0.2638,0.4714
max_dd_from_post_anchor_high_pct,FAILED_BREAKOUT,409,950,-6.879,-9.3437,-5.0074,-6.9854,-9.5505,-4.9006,0.1064,-0.0099,-0.4842,0.5076
max_dd_from_post_anchor_high_pct,NO_LAUNCH,409,1730,-6.879,-9.3437,-5.0074,-7.1151,-10.8596,-4.8339,0.2361,-0.0533,-0.2828,0.6891
max_dd_from_post_anchor_high_pct,STRUCTURE_FAIL,409,5415,-6.879,-9.3437,-5.0074,-7.9563,-10.9202,-5.7214,1.0773,-0.1744,0.5826,1.4693
max_dd_from_post_anchor_high_pct,ALL_CONTROL,409,8095,-6.879,-9.3437,-5.0074,-7.6661,-10.74,-5.4054,0.7871,-0.1292,0.322,1.182
low_position_enc,FAILED_BREAKOUT,409,950,0.0,0.0,0.0,0.0,0.0,0.0,0.0,-0.4208,0.0,0.0
low_position_enc,NO_LAUNCH,409,1730,0.0,0.0,0.0,0.0,0.0,0.0,0.0,-0.3243,0.0,0.0
low_position_enc,STRUCTURE_FAIL,409,5415,0.0,0.0,0.0,0.0,0.0,0.0,0.0,-0.3338,0.0,0.0
low_position_enc,ALL_CONTROL,409,8095,0.0,0.0,0.0,0.0,0.0,0.0,0.0,-0.3131,0.0,0.0
d0_vol_anchor_ratio,FAILED_BREAKOUT,409,950,0.9574,0.7448,1.424,1.1492,0.8485,1.6079,-0.1918,0.1757,-0.2561,-0.1307
d0_vol_anchor_ratio,NO_LAUNCH,409,1730,0.9574,0.7448,1.424,1.0112,0.7558,1.5347,-0.0538,0.0506,-0.1232,0.0043
d0_vol_anchor_ratio,STRUCTURE_FAIL,409,5415,0.9574,0.7448,1.424,1.1801,0.8345,1.707,-0.2227,0.1909,-0.2787,-0.1728
d0_vol_anchor_ratio,ALL_CONTROL,409,8095,0.9574,0.7448,1.424,1.146,0.8169,1.6576,-0.1886,0.1591,-0.2468,-0.1377
d1_vol_anchor_ratio,FAILED_BREAKOUT,409,950,1.0,1.0,1.4518,1.0,1.0,1.3517,0.0,-0.1907,0.0,0.0301
d1_vol_anchor_ratio,NO_LAUNCH,409,1730,1.0,1.0,1.4518,1.0,1.0,1.3521,0.0,-0.1836,0.0,0.0299
d1_vol_anchor_ratio,STRUCTURE_FAIL,409,5415,1.0,1.0,1.4518,1.0,1.0,1.4108,0.0,-0.1293,0.0,0.0414
d1_vol_anchor_ratio,ALL_CONTROL,409,8095,1.0,1.0,1.4518,1.0,1.0,1.3975,0.0,-0.1478,0.0,0.0371
d2_vol_anchor_ratio,FAILED_BREAKOUT,409,950,1.0,0.5432,1.0,1.0,0.5263,1.0,0.0,-0.0418,0.0,0.0016
d2_vol_anchor_ratio,NO_LAUNCH,409,1730,1.0,0.5432,1.0,1.0,0.4994,1.0,0.0,0.095,0.0,0.0
d2_vol_anchor_ratio,STRUCTURE_FAIL,409,5415,1.0,0.5432,1.0,1.0,0.5681,1.0,0.0,-0.0545,0.0,0.0
d2_vol_anchor_ratio,ALL_CONTROL,409,8095,1.0,0.5432,1.0,1.0,0.5479,1.0,0.0,-0.158,0.0,0.0
pullback_min_vol_ratio,FAILED_BREAKOUT,409,950,0.9436,0.7398,1.3826,1.1444,0.8431,1.6066,-0.2008,0.1834,-0.2631,-0.1259
pullback_min_vol_ratio,NO_LAUNCH,409,1730,0.9436,0.7398,1.3826,1.0,0.7473,1.5295,-0.0564,0.0559,-0.1225,0.0015
pullback_min_vol_ratio,STRUCTURE_FAIL,409,5415,0.9436,0.7398,1.3826,1.1636,0.8304,1.6805,-0.22,0.192,-0.2741,-0.1668
pullback_min_vol_ratio,ALL_CONTROL,409,8095,0.9436,0.7398,1.3826,1.1324,0.8122,1.643,-0.1888,0.1619,-0.2402,-0.132
pullback_avg_vol_ratio,FAILED_BREAKOUT,409,950,1.1674,0.9194,1.5669,1.2628,0.9912,1.7669,-0.0954,0.1348,-0.186,-0.0391
pullback_avg_vol_ratio,NO_LAUNCH,409,1730,1.1674,0.9194,1.5669,1.2315,0.9375,1.711,-0.0641,0.0683,-0.1414,-0.0022
pullback_avg_vol_ratio,STRUCTURE_FAIL,409,5415,1.1674,0.9194,1.5669,1.314,1.0068,1.8634,-0.1466,0.1707,-0.226,-0.0978
pullback_avg_vol_ratio,ALL_CONTROL,409,8095,1.1674,0.9194,1.5669,1.2895,0.9894,1.8186,-0.1221,0.1446,-0.1935,-0.0715
d0_vol_ma5vol_ratio,FAILED_BREAKOUT,409,950,1.1157,0.907,1.5409,1.2936,0.9711,1.7481,-0.1779,0.1518,-0.2524,-0.0873
d0_vol_ma5vol_ratio,NO_LAUNCH,409,1730,1.1157,0.907,1.5409,1.1951,0.8843,1.7053,-0.0794,0.0536,-0.1439,0.018
d0_vol_ma5vol_ratio,STRUCTURE_FAIL,409,5415,1.1157,0.907,1.5409,1.2495,0.9476,1.7143,-0.1338,0.1231,-0.1957,-0.0614
d0_vol_ma5vol_ratio,ALL_CONTROL,409,8095,1.1157,0.907,1.5409,1.2431,0.9383,1.7174,-0.1274,0.1116,-0.1847,-0.0584
d0_vol_d1_vol_ratio,FAILED_BREAKOUT,409,950,0.744,0.5858,1.1531,0.9059,0.6561,1.3837,-0.1619,0.1859,-0.2401,-0.083
d0_vol_d1_vol_ratio,NO_LAUNCH,409,1730,0.744,0.5858,1.1531,0.7984,0.5968,1.2905,-0.0544,0.074,-0.1142,0.015
d0_vol_d1_vol_ratio,STRUCTURE_FAIL,409,5415,0.744,0.5858,1.1531,0.8865,0.6421,1.4423,-0.1425,0.1772,-0.2011,-0.079
d0_vol_d1_vol_ratio,ALL_CONTROL,409,8095,0.744,0.5858,1.1531,0.8633,0.6322,1.4049,-0.1193,0.1562,-0.1728,-0.059
largest_down_day_return_pct,FAILED_BREAKOUT,240,459,-0.9543,-2.7251,0.9348,-0.527,-2.9326,1.0754,-0.4273,0.0153,-0.8492,0.0454
largest_down_day_return_pct,NO_LAUNCH,240,967,-0.9543,-2.7251,0.9348,-1.8564,-4.6011,0.1245,0.9021,-0.2267,0.5529,1.5112
largest_down_day_return_pct,STRUCTURE_FAIL,240,2870,-0.9543,-2.7251,0.9348,-1.504,-3.8321,0.8522,0.5497,-0.1221,0.2646,1.0638
largest_down_day_return_pct,ALL_CONTROL,240,4296,-0.9543,-2.7251,0.9348,-1.4868,-3.9072,0.7145,0.5325,-0.131,0.2857,1.036
largest_intraday_drawdown_day_pct,FAILED_BREAKOUT,409,950,6.2284,4.7758,8.0851,6.601,4.9013,8.646,-0.3726,0.0695,-0.7655,-0.0666
largest_intraday_drawdown_day_pct,NO_LAUNCH,409,1730,6.2284,4.7758,8.0851,6.4758,4.6696,8.9302,-0.2474,0.0492,-0.6084,0.0192
largest_intraday_drawdown_day_pct,STRUCTURE_FAIL,409,5415,6.2284,4.7758,8.0851,7.3529,5.5042,9.4466,-1.1245,0.2096,-1.4662,-0.8397
largest_intraday_drawdown_day_pct,ALL_CONTROL,409,8095,6.2284,4.7758,8.0851,7.1212,5.2269,9.24,-0.8928,0.1589,-1.1813,-0.6888
largest_volume_down_day_ratio,FAILED_BREAKOUT,240,459,0.8685,0.6862,1.2228,1.0031,0.7547,1.3786,-0.1346,0.1495,-0.1913,-0.062
largest_volume_down_day_ratio,NO_LAUNCH,240,967,0.8685,0.6862,1.2228,0.9013,0.6815,1.2886,-0.0328,0.0218,-0.0767,0.0344
largest_volume_down_day_ratio,STRUCTURE_FAIL,240,2870,0.8685,0.6862,1.2228,0.9904,0.7454,1.3758,-0.1219,0.1334,-0.165,-0.0578
largest_volume_down_day_ratio,ALL_CONTROL,240,4296,0.8685,0.6862,1.2228,0.9657,0.7282,1.3526,-0.0971,0.11,-0.1441,-0.0411
price_recovery_pct,FAILED_BREAKOUT,240,459,0.0,0.0,0.0,0.0,0.0,0.0,0.0,-0.4553,0.0,0.0
price_recovery_pct,NO_LAUNCH,240,967,0.0,0.0,0.0,0.0,0.0,0.0,0.0,-0.2661,0.0,0.0
price_recovery_pct,STRUCTURE_FAIL,240,2870,0.0,0.0,0.0,0.0,0.0,0.0,0.0,-0.2802,0.0,0.0
price_recovery_pct,ALL_CONTROL,240,4296,0.0,0.0,0.0,0.0,0.0,0.0,0.0,-0.2616,0.0,0.0
days_to_recover_damage_midpoint,FAILED_BREAKOUT,11,25,1.0,1.0,1.0,1.0,1.0,1.0,0.0,-0.28,0.0,0.0
days_to_recover_damage_midpoint,NO_LAUNCH,11,44,1.0,1.0,1.0,1.0,1.0,2.0,0.0,0.0,0.0,0.0
days_to_recover_damage_midpoint,STRUCTURE_FAIL,11,139,1.0,1.0,1.0,1.0,1.0,1.0,0.0,-0.1524,0.0,0.0
days_to_recover_damage_midpoint,ALL_CONTROL,11,208,1.0,1.0,1.0,1.0,1.0,1.0,0.0,-0.1224,0.0,0.0
damage_open,FAILED_BREAKOUT,240,459,11.5,7.69,22.4775,12.83,6.67,25.48,-1.33,0.0239,-3.4936,1.2146
damage_open,NO_LAUNCH,240,967,11.5,7.69,22.4775,11.14,6.505,19.69,0.36,-0.07,-1.3134,2.8534
damage_open,STRUCTURE_FAIL,240,2870,11.5,7.69,22.4775,11.6,6.56,19.74,-0.1,-0.0561,-1.4641,2.0757
damage_open,ALL_CONTROL,240,4296,11.5,7.69,22.4775,11.6,6.5575,20.27,-0.1,-0.0507,-1.2939,2.4627
damage_close,FAILED_BREAKOUT,240,459,11.5,7.71,22.47,12.6,6.56,25.595,-1.1,0.0239,-3.5629,1.3835
damage_close,NO_LAUNCH,240,967,11.5,7.71,22.47,11.02,6.365,19.39,0.48,-0.0792,-1.0652,3.1925
damage_close,STRUCTURE_FAIL,240,2870,11.5,7.71,22.47,11.435,6.5025,19.6175,0.065,-0.0595,-1.3653,2.3426
damage_close,ALL_CONTROL,240,4296,11.5,7.71,22.47,11.4,6.44,19.9125,0.1,-0.055,-1.2076,2.5986
low_d0,FAILED_BREAKOUT,409,950,11.74,7.43,21.51,12.94,6.7225,23.405,-1.2,0.0312,-2.82,0.9802
low_d0,NO_LAUNCH,409,1730,11.74,7.43,21.51,11.585,6.445,20.235,0.155,-0.0462,-1.1626,2.1329
low_d0,STRUCTURE_FAIL,409,5415,11.74,7.43,21.51,11.3,6.33,20.1,0.44,-0.0536,-0.75,2.0452
low_d0,ALL_CONTROL,409,8095,11.74,7.43,21.51,11.55,6.41,20.4,0.19,-0.042,-1.0905,2.0562
low_d1,FAILED_BREAKOUT,409,950,11.7,7.38,21.71,12.2,6.78,22.7175,-0.5,0.0245,-2.3113,0.9705
low_d1,NO_LAUNCH,409,1730,11.7,7.38,21.71,11.23,6.325,19.85,0.47,-0.0432,-0.9926,1.9352
low_d1,STRUCTURE_FAIL,409,5415,11.7,7.38,21.71,11.06,6.205,19.585,0.64,-0.0525,-0.6453,1.7005
low_d1,ALL_CONTROL,409,8095,11.7,7.38,21.71,11.25,6.29,19.885,0.45,-0.0415,-0.8605,1.751
low_d2,FAILED_BREAKOUT,409,950,11.11,7.1,21.0,11.93,6.4,22.25,-0.82,0.0244,-2.1353,0.9626
low_d2,NO_LAUNCH,409,1730,11.11,7.1,21.0,11.06,6.1625,19.08,0.05,-0.0408,-1.0505,1.9
low_d2,STRUCTURE_FAIL,409,5415,11.11,7.1,21.0,10.72,6.025,19.015,0.39,-0.0544,-0.7158,1.971
low_d2,ALL_CONTROL,409,8095,11.11,7.1,21.0,10.92,6.1,19.265,0.19,-0.0423,-0.9553,1.8757
close_d0,FAILED_BREAKOUT,409,950,12.11,7.71,22.43,13.445,7.01,24.12,-1.335,0.0334,-2.9003,0.901
close_d0,NO_LAUNCH,409,1730,12.11,7.71,22.43,11.815,6.61,20.61,0.295,-0.0489,-1.0758,2.3762
close_d0,STRUCTURE_FAIL,409,5415,12.11,7.71,22.43,11.67,6.56,20.69,0.44,-0.0528,-0.8153,2.2252
close_d0,ALL_CONTROL,409,8095,12.11,7.71,22.43,11.92,6.61,20.975,0.19,-0.0419,-1.0952,2.141
close_d1,FAILED_BREAKOUT,409,950,12.0,7.67,21.93,13.26,7.0025,23.88,-1.26,0.0324,-2.9752,0.8862
close_d1,NO_LAUNCH,409,1730,12.0,7.67,21.93,11.925,6.68,20.9375,0.075,-0.0423,-1.2776,2.1341
close_d1,STRUCTURE_FAIL,409,5415,12.0,7.67,21.93,11.63,6.55,20.76,0.37,-0.0488,-0.94,1.99
close_d1,ALL_CONTROL,409,8095,12.0,7.67,21.93,11.89,6.635,21.1,0.11,-0.0379,-1.2153,1.9977
close_d2,FAILED_BREAKOUT,409,950,11.92,7.58,22.18,12.345,6.8325,22.99,-0.425,0.0206,-1.9552,1.0805
close_d2,NO_LAUNCH,409,1730,11.92,7.58,22.18,11.595,6.445,20.065,0.325,-0.0435,-0.9053,2.0731
close_d2,STRUCTURE_FAIL,409,5415,11.92,7.58,22.18,11.25,6.31,20.02,0.67,-0.055,-0.5152,1.9252
close_d2,ALL_CONTROL,409,8095,11.92,7.58,22.18,11.44,6.4,20.27,0.48,-0.0436,-0.77,1.892
low_progression_3d_pct,FAILED_BREAKOUT,409,950,6.5817,2.8773,9.3204,7.7878,4.0903,10.4458,-1.2061,0.1336,-1.8849,-0.6315
low_progression_3d_pct,NO_LAUNCH,409,1730,6.5817,2.8773,9.3204,6.5057,1.515,9.3758,0.076,-0.0336,-0.6166,0.567
low_progression_3d_pct,STRUCTURE_FAIL,409,5415,6.5817,2.8773,9.3204,6.6964,2.9707,9.713,-0.1147,0.0237,-0.7155,0.2997
low_progression_3d_pct,ALL_CONTROL,409,8095,6.5817,2.8773,9.3204,6.7864,2.8093,9.7561,-0.2047,0.0244,-0.79,0.1936
close_progression_3d_pct,FAILED_BREAKOUT,409,950,0.9484,-3.2051,10.4923,6.7736,-1.6305,11.782,-5.8252,0.1426,-7.4952,-2.5148
close_progression_3d_pct,NO_LAUNCH,409,1730,0.9484,-3.2051,10.4923,2.3442,-4.2052,9.4118,-1.3958,-0.0504,-3.2319,2.27
close_progression_3d_pct,STRUCTURE_FAIL,409,5415,0.9484,-3.2051,10.4923,3.0683,-3.3557,10.8934,-2.1199,0.025,-3.7672,0.8503
close_progression_3d_pct,ALL_CONTROL,409,8095,0.9484,-3.2051,10.4923,3.3493,-3.3573,10.8261,-2.4009,0.0227,-4.0066,0.6588
mid_progression_3d_pct,FAILED_BREAKOUT,409,950,3.4974,-0.6096,9.3193,6.9489,0.8492,10.9694,-3.4516,0.1493,-5.061,-1.5735
mid_progression_3d_pct,NO_LAUNCH,409,1730,3.4974,-0.6096,9.3193,3.7544,-1.9524,9.6777,-0.257,-0.0268,-2.3895,1.7607
mid_progression_3d_pct,STRUCTURE_FAIL,409,5415,3.4974,-0.6096,9.3193,4.8113,-0.5388,10.6489,-1.3139,0.0555,-2.8002,0.2186
mid_progression_3d_pct,ALL_CONTROL,409,8095,3.4974,-0.6096,9.3193,5.0812,-0.6274,10.5442,-1.5838,0.0489,-3.0444,-0.0497
close_vs_ma5_pct,FAILED_BREAKOUT,409,950,3.4615,1.2031,6.304,4.4671,2.0154,6.8109,-1.0056,0.1155,-1.6466,-0.5194
close_vs_ma5_pct,NO_LAUNCH,409,1730,3.4615,1.2031,6.304,3.0107,-0.1985,5.5673,0.4508,-0.0957,-0.1758,0.8767
close_vs_ma5_pct,STRUCTURE_FAIL,409,5415,3.4615,1.2031,6.304,3.5682,0.9395,6.2706,-0.1067,-0.0071,-0.6874,0.2623
close_vs_ma5_pct,ALL_CONTROL,409,8095,3.4615,1.2031,6.304,3.5054,0.9165,6.2157,-0.0439,-0.0116,-0.6343,0.3101
close_vs_ma10_pct,FAILED_BREAKOUT,409,950,5.3022,2.4531,8.6957,5.9456,3.0639,8.8229,-0.6434,0.0611,-1.2849,-0.031
close_vs_ma10_pct,NO_LAUNCH,409,1730,5.3022,2.4531,8.6957,4.7301,1.2924,7.2908,0.5721,-0.1183,0.0628,1.1705
close_vs_ma10_pct,STRUCTURE_FAIL,409,5415,5.3022,2.4531,8.6957,5.3362,2.1052,8.526,-0.034,-0.0082,-0.6361,0.5013
close_vs_ma10_pct,ALL_CONTROL,409,8095,5.3022,2.4531,8.6957,5.2575,2.0675,8.34,0.0447,-0.0236,-0.4822,0.531
close_vs_ma20_pct,FAILED_BREAKOUT,409,950,6.4367,2.0455,11.2835,6.819,2.9332,11.1143,-0.3822,0.0348,-1.1202,0.3759
close_vs_ma20_pct,NO_LAUNCH,409,1730,6.4367,2.0455,11.2835,5.6378,1.3845,9.3898,0.7989,-0.1108,0.2097,1.6077
close_vs_ma20_pct,STRUCTURE_FAIL,409,5415,6.4367,2.0455,11.2835,6.539,2.2456,10.8103,-0.1023,-0.0075,-0.6268,0.6567
close_vs_ma20_pct,ALL_CONTROL,409,8095,6.4367,2.0455,11.2835,6.3679,2.2076,10.5042,0.0688,-0.0246,-0.4854,0.6994
close_vs_ma30_pct,FAILED_BREAKOUT,409,950,6.8303,1.8797,12.8823,7.4151,2.7196,12.9358,-0.5848,0.045,-1.3676,0.6181
close_vs_ma30_pct,NO_LAUNCH,409,1730,6.8303,1.8797,12.8823,6.0755,0.1516,10.5825,0.7548,-0.0909,-0.0126,1.8155
close_vs_ma30_pct,STRUCTURE_FAIL,409,5415,6.8303,1.8797,12.8823,7.0932,1.7358,12.7774,-0.2629,0.0161,-1.0108,0.7218
close_vs_ma30_pct,ALL_CONTROL,409,8095,6.8303,1.8797,12.8823,6.9242,1.6407,12.2719,-0.0939,-0.0034,-1.0314,0.8099
close_vs_ma60_pct,FAILED_BREAKOUT,409,950,7.0045,0.53,14.357,8.2562,1.7791,18.3297,-1.2517,0.0883,-3.1988,0.425
close_vs_ma60_pct,NO_LAUNCH,409,1730,7.0045,0.53,14.357,6.203,0.1852,12.8398,0.8015,-0.0552,-0.7921,2.3218
close_vs_ma60_pct,STRUCTURE_FAIL,409,5415,7.0045,0.53,14.357,8.2649,1.028,17.7962,-1.2604,0.0623,-2.8238,0.3307
close_vs_ma60_pct,ALL_CONTROL,409,8095,7.0045,0.53,14.357,7.7527,0.9415,16.8253,-0.7482,0.0402,-2.4879,0.794
ma5_slope_pct,FAILED_BREAKOUT,409,950,1.4545,0.6405,2.399,1.5894,0.686,2.3406,-0.1349,0.0231,-0.2687,0.0262
ma5_slope_pct,NO_LAUNCH,409,1730,1.4545,0.6405,2.399,1.3192,0.4043,2.0302,0.1353,-0.1125,0.0167,0.2628
ma5_slope_pct,STRUCTURE_FAIL,409,5415,1.4545,0.6405,2.399,1.5122,0.6363,2.3485,-0.0577,0.0033,-0.1882,0.0632
ma5_slope_pct,ALL_CONTROL,409,8095,1.4545,0.6405,2.399,1.4734,0.597,2.2807,-0.0189,-0.0192,-0.1228,0.0991
ma10_slope_pct,FAILED_BREAKOUT,409,950,0.7522,0.1655,1.3173,0.7612,0.2422,1.307,-0.0091,0.0023,-0.0973,0.1259
ma10_slope_pct,NO_LAUNCH,409,1730,0.7522,0.1655,1.3173,0.6289,0.0276,1.1047,0.1233,-0.1152,0.0437,0.2393
ma10_slope_pct,STRUCTURE_FAIL,409,5415,0.7522,0.1655,1.3173,0.7519,0.1489,1.3161,0.0003,-0.0125,-0.082,0.1132
ma10_slope_pct,ALL_CONTROL,409,8095,0.7522,0.1655,1.3173,0.7227,0.1355,1.2724,0.0295,-0.0327,-0.038,0.1299
ma20_slope_pct,FAILED_BREAKOUT,409,950,0.3863,0.0345,0.8174,0.3947,0.0259,0.7933,-0.0084,0.0076,-0.0717,0.0826
ma20_slope_pct,NO_LAUNCH,409,1730,0.3863,0.0345,0.8174,0.3167,-0.0746,0.6846,0.0696,-0.0891,0.0073,0.1402
ma20_slope_pct,STRUCTURE_FAIL,409,5415,0.3863,0.0345,0.8174,0.4149,-0.0132,0.822,-0.0286,0.0041,-0.0837,0.0442
ma20_slope_pct,ALL_CONTROL,409,8095,0.3863,0.0345,0.8174,0.3881,-0.0221,0.7896,-0.0018,-0.0154,-0.0565,0.0685
ma30_slope_pct,FAILED_BREAKOUT,409,950,0.2138,-0.085,0.5869,0.2666,-0.0579,0.6663,-0.0528,0.0696,-0.1037,-0.0053
ma30_slope_pct,NO_LAUNCH,409,1730,0.2138,-0.085,0.5869,0.2218,-0.0893,0.5231,-0.008,-0.0214,-0.0539,0.0361
ma30_slope_pct,STRUCTURE_FAIL,409,5415,0.2138,-0.085,0.5869,0.3033,-0.0565,0.6665,-0.0895,0.0726,-0.1209,-0.0456
ma30_slope_pct,ALL_CONTROL,409,8095,0.2138,-0.085,0.5869,0.2779,-0.064,0.6284,-0.0641,0.0522,-0.0989,-0.0201
ma5_ma10_spread_pct,FAILED_BREAKOUT,409,950,1.8309,0.0756,3.5692,1.6764,-0.1812,3.3273,0.1544,-0.0543,-0.0687,0.6205
ma5_ma10_spread_pct,NO_LAUNCH,409,1730,1.8309,0.0756,3.5692,1.5529,-0.2083,3.0183,0.278,-0.0806,0.0281,0.6512
ma5_ma10_spread_pct,STRUCTURE_FAIL,409,5415,1.8309,0.0756,3.5692,2.0417,-0.0726,3.7578,-0.2108,0.0097,-0.4465,0.1879
ma5_ma10_spread_pct,ALL_CONTROL,409,8095,1.8309,0.0756,3.5692,1.8705,-0.1057,3.5715,-0.0396,-0.0171,-0.241,0.3249
ma10_ma20_spread_pct,FAILED_BREAKOUT,409,950,0.869,-1.2614,3.1769,0.9968,-1.3453,3.3495,-0.1278,0.0063,-0.5074,0.3589
ma10_ma20_spread_pct,NO_LAUNCH,409,1730,0.869,-1.2614,3.1769,1.0221,-1.6079,3.0809,-0.1531,-0.0206,-0.5284,0.3446
ma10_ma20_spread_pct,STRUCTURE_FAIL,409,5415,0.869,-1.2614,3.1769,1.132,-1.6217,3.8154,-0.263,0.0213,-0.5829,0.224
ma10_ma20_spread_pct,ALL_CONTROL,409,8095,0.869,-1.2614,3.1769,1.0781,-1.5912,3.58,-0.2091,0.0106,-0.5593,0.2366
ma_reclaim_count,FAILED_BREAKOUT,409,950,5.0,3.0,5.0,5.0,4.0,5.0,0.0,-0.0156,0.0,0.0
ma_reclaim_count,NO_LAUNCH,409,1730,5.0,3.0,5.0,5.0,3.0,5.0,0.0,-0.0797,0.0,1.0
ma_reclaim_count,STRUCTURE_FAIL,409,5415,5.0,3.0,5.0,5.0,4.0,5.0,0.0,0.1793,0.0,0.0
ma_reclaim_count,ALL_CONTROL,409,8095,5.0,3.0,5.0,5.0,4.0,5.0,0.0,0.1486,0.0,0.0
dist_to_s1_pct,FAILED_BREAKOUT,409,950,-5.8493,-7.6353,-4.3424,-5.53,-7.1385,-4.3114,-0.3193,0.0572,-0.6732,0.0184
dist_to_s1_pct,NO_LAUNCH,409,1730,-5.8493,-7.6353,-4.3424,-8.3574,-11.5071,-6.08,2.5081,-0.449,2.1287,2.8465
dist_to_s1_pct,STRUCTURE_FAIL,409,5415,-5.8493,-7.6353,-4.3424,-7.8488,-10.7285,-5.9041,1.9995,-0.3926,1.655,2.269
dist_to_s1_pct,ALL_CONTROL,409,8095,-5.8493,-7.6353,-4.3424,-7.5975,-10.5213,-5.6336,1.7482,-0.3519,1.4362,2.047
dist_to_invalid_pct,FAILED_BREAKOUT,409,950,3.3019,2.2549,4.6422,3.4855,2.3236,4.8472,-0.1836,0.0376,-0.4148,0.0972
dist_to_invalid_pct,NO_LAUNCH,409,1730,3.3019,2.2549,4.6422,4.1226,2.8986,5.8802,-0.8207,0.233,-1.0349,-0.582
dist_to_invalid_pct,STRUCTURE_FAIL,409,5415,3.3019,2.2549,4.6422,2.2242,1.3676,3.3708,1.0777,-0.3568,0.8912,1.3145
dist_to_invalid_pct,ALL_CONTROL,409,8095,3.3019,2.2549,4.6422,2.716,1.6326,4.1222,0.5859,-0.1845,0.4077,0.7712
reward_room,FAILED_BREAKOUT,409,950,1.9048,1.2,3.1667,1.7959,1.1684,2.9427,0.1089,-0.0452,-0.071,0.2965
reward_room,NO_LAUNCH,409,1730,1.9048,1.2,3.1667,2.2572,1.3759,3.75,-0.3524,0.1136,-0.5472,-0.1577
reward_room,STRUCTURE_FAIL,409,5415,1.9048,1.2,3.1667,4.0833,2.4074,7.3416,-2.1785,0.5101,-2.3752,-1.9548
reward_room,ALL_CONTROL,409,8095,1.9048,1.2,3.1667,3.2727,1.8554,6.0173,-1.3679,0.3602,-1.5262,-1.1752
probe_count_3d,FAILED_BREAKOUT,409,950,1.0,0.0,1.0,0.0,0.0,1.0,1.0,-0.2687,0.0,1.0
probe_count_3d,NO_LAUNCH,409,1730,1.0,0.0,1.0,0.0,0.0,1.0,1.0,-0.3005,0.0,1.0
probe_count_3d,STRUCTURE_FAIL,409,5415,1.0,0.0,1.0,0.0,0.0,1.0,1.0,-0.2219,0.0,1.0
probe_count_3d,ALL_CONTROL,409,8095,1.0,0.0,1.0,0.0,0.0,1.0,1.0,-0.2636,0.0,1.0
probe_count_since_anchor,FAILED_BREAKOUT,409,950,0.0,0.0,1.0,0.0,0.0,1.0,0.0,-0.2658,0.0,1.0
probe_count_since_anchor,NO_LAUNCH,409,1730,0.0,0.0,1.0,0.0,0.0,1.0,0.0,-0.2726,0.0,1.0
probe_count_since_anchor,STRUCTURE_FAIL,409,5415,0.0,0.0,1.0,0.0,0.0,1.0,0.0,-0.1864,0.0,1.0
probe_count_since_anchor,ALL_CONTROL,409,8095,0.0,0.0,1.0,0.0,0.0,1.0,0.0,-0.2445,0.0,1.0
closest_high_to_s1_pct,FAILED_BREAKOUT,409,950,-12.4418,-15.7643,-9.6786,-12.9445,-15.8572,-10.2239,0.5027,-0.0416,-0.2878,1.2892
closest_high_to_s1_pct,NO_LAUNCH,409,1730,-12.4418,-15.7643,-9.6786,-14.2421,-18.1428,-11.0765,1.8003,-0.1998,1.0067,2.4954
closest_high_to_s1_pct,STRUCTURE_FAIL,409,5415,-12.4418,-15.7643,-9.6786,-14.7439,-18.5255,-11.4019,2.3021,-0.243,1.5175,2.8777
closest_high_to_s1_pct,ALL_CONTROL,409,8095,-12.4418,-15.7643,-9.6786,-14.4144,-18.0871,-11.1847,1.9726,-0.2101,1.1089,2.7707
upper_shadow_rejection_count,FAILED_BREAKOUT,409,950,1.0,1.0,2.0,1.0,1.0,2.0,0.0,-0.1266,0.0,0.0
upper_shadow_rejection_count,NO_LAUNCH,409,1730,1.0,1.0,2.0,1.0,1.0,2.0,0.0,-0.0175,0.0,0.0
upper_shadow_rejection_count,STRUCTURE_FAIL,409,5415,1.0,1.0,2.0,1.0,1.0,2.0,0.0,-0.058,0.0,0.0
upper_shadow_rejection_count,ALL_CONTROL,409,8095,1.0,1.0,2.0,1.0,1.0,2.0,0.0,-0.122,0.0,0.0
d0_body_pct,FAILED_BREAKOUT,409,950,0.4184,-1.0417,2.0678,0.7407,-0.7435,2.3739,-0.3223,0.0776,-0.6297,-0.0067
d0_body_pct,NO_LAUNCH,409,1730,0.4184,-1.0417,2.0678,0.0,-1.5842,1.389,0.4184,-0.1279,0.1498,0.7676
d0_body_pct,STRUCTURE_FAIL,409,5415,0.4184,-1.0417,2.0678,0.3003,-1.6071,2.0119,0.1181,-0.0579,-0.1206,0.4122
d0_body_pct,ALL_CONTROL,409,8095,0.4184,-1.0417,2.0678,0.2878,-1.5189,1.9344,0.1306,-0.0569,-0.0999,0.4168
d0_range_pct,FAILED_BREAKOUT,409,950,4.8585,3.6066,6.3543,5.2437,3.8967,7.0082,-0.3852,0.1206,-0.7139,-0.1025
d0_range_pct,NO_LAUNCH,409,1730,4.8585,3.6066,6.3543,4.878,3.6313,6.7855,-0.0195,0.0288,-0.332,0.2177
d0_range_pct,STRUCTURE_FAIL,409,5415,4.8585,3.6066,6.3543,5.8477,4.391,7.8659,-0.9892,0.2544,-1.3066,-0.763
d0_range_pct,ALL_CONTROL,409,8095,4.8585,3.6066,6.3543,5.5639,4.1363,7.567,-0.7054,0.1905,-0.9733,-0.5144
d0_upper_shadow_pct,FAILED_BREAKOUT,409,950,1.3438,0.6318,2.3217,1.6784,0.8427,2.765,-0.3346,0.1321,-0.5364,-0.1578
d0_upper_shadow_pct,NO_LAUNCH,409,1730,1.3438,0.6318,2.3217,1.569,0.7751,2.7241,-0.2252,0.0953,-0.3893,-0.0473
d0_upper_shadow_pct,STRUCTURE_FAIL,409,5415,1.3438,0.6318,2.3217,1.9565,0.961,3.3222,-0.6127,0.2253,-0.7799,-0.4718
d0_upper_shadow_pct,ALL_CONTROL,409,8095,1.3438,0.6318,2.3217,1.8333,0.8998,3.1443,-0.4895,0.1858,-0.6507,-0.343
d0_lower_shadow_pct,FAILED_BREAKOUT,409,950,1.3393,0.6141,2.2628,1.5063,0.784,2.5748,-0.167,0.0878,-0.3665,0.0112
d0_lower_shadow_pct,NO_LAUNCH,409,1730,1.3393,0.6141,2.2628,1.2384,0.6252,2.0779,0.1009,-0.0353,-0.0688,0.2549
d0_lower_shadow_pct,STRUCTURE_FAIL,409,5415,1.3393,0.6141,2.2628,1.4472,0.7143,2.3602,-0.1079,0.049,-0.2449,0.0246
d0_lower_shadow_pct,ALL_CONTROL,409,8095,1.3393,0.6141,2.2628,1.4141,0.7,2.3109,-0.0748,0.0337,-0.2263,0.0753
d0_close_location,FAILED_BREAKOUT,409,950,0.557,0.296,0.75,0.5635,0.3772,0.736,-0.0065,0.0282,-0.0561,0.0463
d0_close_location,NO_LAUNCH,409,1728,0.557,0.296,0.75,0.444,0.2545,0.633,0.113,-0.182,0.0635,0.157
d0_close_location,STRUCTURE_FAIL,409,5405,0.557,0.296,0.75,0.462,0.263,0.653,0.095,-0.1547,0.0539,0.1385
d0_close_location,ALL_CONTROL,409,8083,0.557,0.296,0.75,0.471,0.2745,0.661,0.086,-0.139,0.0395,0.1305
d0_gap_pct,FAILED_BREAKOUT,409,950,0.0,-0.8969,0.7782,-0.0257,-1.0985,0.9735,0.0257,-0.0164,-0.0677,0.1754
d0_gap_pct,NO_LAUNCH,409,1730,0.0,-0.8969,0.7782,-0.0772,-1.1542,0.7257,0.0772,-0.0519,-0.0618,0.1908
d0_gap_pct,STRUCTURE_FAIL,409,5415,0.0,-0.8969,0.7782,-0.0369,-1.2589,0.8049,0.0369,-0.0558,-0.0532,0.0999
d0_gap_pct,ALL_CONTROL,409,8095,0.0,-0.8969,0.7782,-0.0512,-1.2166,0.8107,0.0512,-0.0551,-0.0483,0.0986
d0_daily_return,FAILED_BREAKOUT,409,950,0.3214,-1.4733,2.2472,0.5674,-1.0645,2.8445,-0.246,0.064,-0.6429,0.1774
d0_daily_return,NO_LAUNCH,409,1730,0.3214,-1.4733,2.2472,-0.5097,-2.1457,1.8079,0.8311,-0.1456,0.5495,1.2117
d0_daily_return,STRUCTURE_FAIL,409,5415,0.3214,-1.4733,2.2472,0.2692,-2.003,2.1188,0.0522,-0.058,-0.2309,0.3779
d0_daily_return,ALL_CONTROL,409,8095,0.3214,-1.4733,2.2472,0.1484,-1.9467,2.1648,0.173,-0.0624,-0.0673,0.5135
d1_body_pct,FAILED_BREAKOUT,409,950,-1.7329,-3.7467,9.3617,5.2118,-3.3923,9.7678,-6.9447,0.1029,-8.4274,-4.9625
d1_body_pct,NO_LAUNCH,409,1730,-1.7329,-3.7467,9.3617,-0.9333,-4.0898,9.1924,-0.7996,-0.0051,-2.5371,0.444
d1_body_pct,STRUCTURE_FAIL,409,5415,-1.7329,-3.7467,9.3617,0.7067,-4.0732,9.4874,-2.4396,0.0274,-3.8971,-0.615
d1_body_pct,ALL_CONTROL,409,8095,-1.7329,-3.7467,9.3617,1.1601,-3.9834,9.4644,-2.893,0.0294,-3.984,-0.9776
d1_range_pct,FAILED_BREAKOUT,409,950,7.9263,5.6417,10.173,8.8929,6.4716,10.5453,-0.9666,0.1285,-1.5613,-0.2922
d1_range_pct,NO_LAUNCH,409,1730,7.9263,5.6417,10.173,8.1749,5.612,10.2626,-0.2486,0.016,-0.7999,0.3243
d1_range_pct,STRUCTURE_FAIL,409,5415,7.9263,5.6417,10.173,8.8282,6.3477,10.6176,-0.9019,0.1197,-1.4534,-0.3255
d1_range_pct,ALL_CONTROL,409,8095,7.9263,5.6417,10.173,8.7332,6.1931,10.5457,-0.8069,0.0986,-1.2451,-0.2396
d1_upper_shadow_pct,FAILED_BREAKOUT,409,950,0.0,0.0,1.7544,0.0,0.0,1.5455,0.0,-0.2844,0.0,0.2463
d1_upper_shadow_pct,NO_LAUNCH,409,1730,0.0,0.0,1.7544,0.0,0.0,1.3013,0.0,-0.2717,0.0,0.2667
d1_upper_shadow_pct,STRUCTURE_FAIL,409,5415,0.0,0.0,1.7544,0.0,0.0,1.4838,0.0,-0.2344,0.0,0.2544
d1_upper_shadow_pct,ALL_CONTROL,409,8095,0.0,0.0,1.7544,0.0,0.0,1.453,0.0,-0.199,0.0,0.2364
d1_lower_shadow_pct,FAILED_BREAKOUT,409,950,0.6116,0.2681,1.0753,0.6362,0.1877,1.2369,-0.0246,0.0134,-0.1386,0.0932
d1_lower_shadow_pct,NO_LAUNCH,409,1730,0.6116,0.2681,1.0753,0.5968,0.1633,1.1987,0.0149,-0.0209,-0.1008,0.1235
d1_lower_shadow_pct,STRUCTURE_FAIL,409,5415,0.6116,0.2681,1.0753,0.7051,0.2389,1.3777,-0.0935,0.0569,-0.1996,0.0105
d1_lower_shadow_pct,ALL_CONTROL,409,8095,0.6116,0.2681,1.0753,0.6723,0.2174,1.323,-0.0607,0.037,-0.1572,0.0415
d1_close_location,FAILED_BREAKOUT,409,950,0.271,0.094,1.0,1.0,0.1373,1.0,-0.729,0.1054,-0.757,-0.5126
d1_close_location,NO_LAUNCH,409,1730,0.271,0.094,1.0,0.356,0.1103,1.0,-0.085,0.0022,-0.2603,0.0123
d1_close_location,STRUCTURE_FAIL,409,5414,0.271,0.094,1.0,0.6395,0.117,1.0,-0.3685,0.1462,-0.555,-0.1167
d1_close_location,ALL_CONTROL,409,8094,0.271,0.094,1.0,0.6425,0.118,1.0,-0.3715,0.1851,-0.4953,-0.1507
d1_gap_pct,FAILED_BREAKOUT,409,950,0.4082,-0.3868,2.208,0.588,-0.1556,2.147,-0.1798,0.0494,-0.5224,0.1005
d1_gap_pct,NO_LAUNCH,409,1730,0.4082,-0.3868,2.208,0.3419,-0.4233,2.1845,0.0663,-0.0044,-0.2559,0.3754
d1_gap_pct,STRUCTURE_FAIL,409,5415,0.4082,-0.3868,2.208,0.5556,-0.2626,2.6107,-0.1474,0.063,-0.4349,0.0986
d1_gap_pct,ALL_CONTROL,409,8095,0.4082,-0.3868,2.208,0.5168,-0.2811,2.4262,-0.1086,0.0384,-0.4101,0.1487
d1_daily_return,FAILED_BREAKOUT,409,950,-0.0693,-3.1344,9.9955,9.9108,-2.0983,10.0,-9.9801,0.1347,-10.6262,-6.3699
d1_daily_return,NO_LAUNCH,409,1730,-0.0693,-3.1344,9.9955,1.7395,-3.5207,10.0,-1.8088,0.0227,-3.2406,1.1175
d1_daily_return,STRUCTURE_FAIL,409,5415,-0.0693,-3.1344,9.9955,3.9712,-2.8923,10.0,-4.0405,0.0742,-6.0449,-1.2813
d1_daily_return,ALL_CONTROL,409,8095,-0.0693,-3.1344,9.9955,3.9234,-2.9461,10.0,-3.9927,0.07,-5.573,-1.6409
d2_body_pct,FAILED_BREAKOUT,409,950,4.1429,-1.0494,9.6085,1.9173,-1.4221,9.0342,2.2256,-0.0812,0.4164,4.1133
d2_body_pct,NO_LAUNCH,409,1730,4.1429,-1.0494,9.6085,2.3769,-1.1976,9.2927,1.766,-0.0578,0.0852,3.5013
d2_body_pct,STRUCTURE_FAIL,409,5415,4.1429,-1.0494,9.6085,3.0,-1.0453,9.4349,1.1429,-0.0252,-0.3374,3.0617
d2_body_pct,ALL_CONTROL,409,8095,4.1429,-1.0494,9.6085,2.6667,-1.1146,9.3656,1.4762,-0.0387,-0.0812,3.1981
d2_range_pct,FAILED_BREAKOUT,409,950,7.8307,4.3912,10.153,7.1443,4.0577,10.012,0.6864,-0.0477,0.0507,1.5369
d2_range_pct,NO_LAUNCH,409,1730,7.8307,4.3912,10.153,7.1394,3.8466,10.1333,0.6913,-0.0511,0.1313,1.3285
d2_range_pct,STRUCTURE_FAIL,409,5415,7.8307,4.3912,10.153,7.5,4.3136,10.3228,0.3307,0.0012,-0.0931,0.9759
d2_range_pct,ALL_CONTROL,409,8095,7.8307,4.3912,10.153,7.3719,4.1886,10.2435,0.4588,-0.0157,-0.0405,0.9413
d2_upper_shadow_pct,FAILED_BREAKOUT,409,950,0.0,0.0,1.2019,0.2314,0.0,1.3374,-0.2314,-0.0667,-0.3533,0.0
d2_upper_shadow_pct,NO_LAUNCH,409,1730,0.0,0.0,1.2019,0.0479,0.0,1.0816,-0.0479,-0.1611,-0.1594,0.0925
d2_upper_shadow_pct,STRUCTURE_FAIL,409,5415,0.0,0.0,1.2019,0.0715,0.0,1.3152,-0.0715,-0.1477,-0.1555,0.085
d2_upper_shadow_pct,ALL_CONTROL,409,8095,0.0,0.0,1.2019,0.0844,0.0,1.2605,-0.0844,-0.1402,-0.1497,0.0191
d2_lower_shadow_pct,FAILED_BREAKOUT,409,950,0.4854,0.0831,1.145,0.6529,0.2338,1.346,-0.1675,0.1074,-0.2602,-0.0459
d2_lower_shadow_pct,NO_LAUNCH,409,1730,0.4854,0.0831,1.145,0.6595,0.2116,1.2955,-0.1741,0.0941,-0.2341,-0.0632
d2_lower_shadow_pct,STRUCTURE_FAIL,409,5415,0.4854,0.0831,1.145,0.7286,0.2397,1.4429,-0.2432,0.1214,-0.3003,-0.1377
d2_lower_shadow_pct,ALL_CONTROL,409,8095,0.4854,0.0831,1.145,0.7074,0.2323,1.4019,-0.222,0.1147,-0.2748,-0.1243
d2_close_location,FAILED_BREAKOUT,409,950,1.0,0.25,1.0,0.766,0.2375,1.0,0.234,-0.0844,0.0432,0.3088
d2_close_location,NO_LAUNCH,409,1730,1.0,0.25,1.0,0.8545,0.2578,1.0,0.1455,0.0559,-0.0205,0.2
d2_close_location,STRUCTURE_FAIL,409,5414,1.0,0.25,1.0,0.863,0.3005,1.0,0.137,-0.0216,-0.0241,0.167
d2_close_location,ALL_CONTROL,409,8094,1.0,0.25,1.0,0.845,0.286,1.0,0.155,-0.035,-0.0108,0.1718
d2_gap_pct,FAILED_BREAKOUT,409,950,0.0839,-0.4283,1.2138,0.0,-0.5496,0.9339,0.0839,-0.0725,0.0,0.2624
d2_gap_pct,NO_LAUNCH,409,1730,0.0839,-0.4283,1.2138,0.0,-0.4825,0.9843,0.0839,-0.0475,-0.0312,0.2506
d2_gap_pct,STRUCTURE_FAIL,409,5415,0.0839,-0.4283,1.2138,0.0,-0.5618,1.0031,0.0839,-0.0619,0.0,0.2347
d2_gap_pct,ALL_CONTROL,409,8095,0.0839,-0.4283,1.2138,0.0,-0.5437,0.9899,0.0839,-0.0642,0.0,0.2506
d2_daily_return,FAILED_BREAKOUT,409,950,8.5149,-0.6849,10.0,2.0445,-1.4375,10.0,6.4704,-0.086,0.63,8.2653
d2_daily_return,NO_LAUNCH,409,1730,8.5149,-0.6849,10.0,2.5084,-1.2494,10.0,6.0065,-0.0538,0.0365,7.7962
d2_daily_return,STRUCTURE_FAIL,409,5415,8.5149,-0.6849,10.0,3.5831,-1.0498,10.0,4.9318,-0.0382,-0.6727,6.7769
d2_daily_return,ALL_CONTROL,409,8095,8.5149,-0.6849,10.0,3.095,-1.1225,10.0,5.4199,-0.047,-0.1046,7.0886
d3_body_pct,FAILED_BREAKOUT,409,950,0.4267,-1.6049,2.3158,-0.1479,-2.1486,1.726,0.5746,-0.0951,0.1644,1.0786
d3_body_pct,NO_LAUNCH,409,1730,0.4267,-1.6049,2.3158,0.0,-1.7941,1.9473,0.4267,-0.0493,0.0338,0.8029
d3_body_pct,STRUCTURE_FAIL,409,5415,0.4267,-1.6049,2.3158,0.1708,-1.9554,2.3007,0.2559,-0.032,-0.0575,0.6286
d3_body_pct,ALL_CONTROL,409,8095,0.4267,-1.6049,2.3158,0.1143,-1.9508,2.1532,0.3124,-0.0429,-0.0565,0.6936
d3_range_pct,FAILED_BREAKOUT,409,950,4.6036,3.0841,6.4537,4.6453,3.2501,6.835,-0.0417,0.0303,-0.3486,0.3579
d3_range_pct,NO_LAUNCH,409,1730,4.6036,3.0841,6.4537,4.1433,2.7435,6.4054,0.4603,-0.0685,0.156,0.8546
d3_range_pct,STRUCTURE_FAIL,409,5415,4.6036,3.0841,6.4537,4.7411,3.2374,7.0262,-0.1375,0.0554,-0.3916,0.2272
d3_range_pct,ALL_CONTROL,409,8095,4.6036,3.0841,6.4537,4.5908,3.1027,6.8625,0.0128,0.026,-0.2394,0.3477
d3_upper_shadow_pct,FAILED_BREAKOUT,409,950,0.8904,0.3236,1.8182,1.0169,0.4034,2.0176,-0.1265,0.0602,-0.2685,0.0326
d3_upper_shadow_pct,NO_LAUNCH,409,1730,0.8904,0.3236,1.8182,0.8097,0.2553,1.6977,0.0807,-0.0474,-0.0451,0.2412
d3_upper_shadow_pct,STRUCTURE_FAIL,409,5415,0.8904,0.3236,1.8182,1.0185,0.3698,2.0408,-0.1281,0.0509,-0.2394,0.007
d3_upper_shadow_pct,ALL_CONTROL,409,8095,0.8904,0.3236,1.8182,0.9738,0.346,1.9721,-0.0834,0.024,-0.186,0.0667
d3_lower_shadow_pct,FAILED_BREAKOUT,409,950,0.8213,0.365,1.5152,0.8077,0.3584,1.5127,0.0136,-0.0067,-0.1168,0.1433
d3_lower_shadow_pct,NO_LAUNCH,409,1730,0.8213,0.365,1.5152,0.6991,0.2989,1.3108,0.1222,-0.0851,0.0162,0.2431
d3_lower_shadow_pct,STRUCTURE_FAIL,409,5415,0.8213,0.365,1.5152,0.8016,0.3445,1.5482,0.0197,-0.0116,-0.1001,0.1281
d3_lower_shadow_pct,ALL_CONTROL,409,8095,0.8213,0.365,1.5152,0.78,0.3378,1.4913,0.0413,-0.0289,-0.0899,0.1535
d3_close_location,FAILED_BREAKOUT,409,950,0.537,0.25,0.761,0.4035,0.1713,0.722,0.1335,-0.1086,0.071,0.1863
d3_close_location,NO_LAUNCH,409,1725,0.537,0.25,0.761,0.462,0.182,0.778,0.075,-0.051,0.0,0.119
d3_close_location,STRUCTURE_FAIL,409,5411,0.537,0.25,0.761,0.475,0.189,0.759,0.062,-0.05,0.005,0.104
d3_close_location,ALL_CONTROL,409,8086,0.537,0.25,0.761,0.464,0.186,0.758,0.073,-0.0575,0.0175,0.1145
d3_gap_pct,FAILED_BREAKOUT,409,950,0.0,-0.7549,0.3602,-0.0925,-0.7347,0.403,0.0925,-0.0059,-0.099,0.1533
d3_gap_pct,NO_LAUNCH,409,1730,0.0,-0.7549,0.3602,0.0,-0.6588,0.3719,0.0,0.0182,-0.1147,0.0765
d3_gap_pct,STRUCTURE_FAIL,409,5415,0.0,-0.7549,0.3602,-0.0305,-0.7486,0.4242,0.0305,0.0156,-0.1292,0.0734
d3_gap_pct,ALL_CONTROL,409,8095,0.0,-0.7549,0.3602,-0.0365,-0.7299,0.4113,0.0365,0.0074,-0.1032,0.0732
d3_daily_return,FAILED_BREAKOUT,409,950,0.3356,-2.0621,2.1866,-0.2308,-2.5843,1.6768,0.5664,-0.0881,0.0943,1.026
d3_daily_return,NO_LAUNCH,409,1730,0.3356,-2.0621,2.1866,0.0,-2.0522,1.9644,0.3356,-0.0318,-0.1102,0.6156
d3_daily_return,STRUCTURE_FAIL,409,5415,0.3356,-2.0621,2.1866,0.0384,-2.1677,2.3678,0.2972,-0.0176,-0.0775,0.5591
d3_daily_return,ALL_CONTROL,409,8095,0.3356,-2.0621,2.1866,0.0,-2.1804,2.1944,0.3356,-0.0289,-0.0771,0.5587
