dimension,stratum,n,success_n,nonsuccess_n,auc,direction,effect,reportable,note,verdict,consistency,material_reversal_n,opposite_n,factor,role
year,2024,2050,108,1942,0.4535415951481863,NEGATIVE,0.046458404851813684,True,,STABLE,1.0,0,0,pullback_volume_ratio,PRIMARY
year,2025,3892,166,3726,0.4333355968156038,NEGATIVE,0.0666644031843962,True,,STABLE,1.0,0,0,pullback_volume_ratio,PRIMARY
year,2026,1895,96,1799,0.36296785251065405,NEGATIVE,0.13703214748934595,True,,STABLE,1.0,0,0,pullback_volume_ratio,PRIMARY
quarter,2024Q3,868,58,810,0.39329501915708814,NEGATIVE,0.10670498084291186,True,,STABLE,0.875,0,1,pullback_volume_ratio,PRIMARY
quarter,2024Q4,1182,50,1132,0.5020141342756184,POSITIVE,0.0020141342756183622,True,,STABLE,0.875,0,1,pullback_volume_ratio,PRIMARY
quarter,2025Q1,1152,47,1105,0.4285934341003177,NEGATIVE,0.0714065658996823,True,,STABLE,0.875,0,1,pullback_volume_ratio,PRIMARY
quarter,2025Q2,1057,44,1013,0.44281163062012024,NEGATIVE,0.057188369379879755,True,,STABLE,0.875,0,1,pullback_volume_ratio,PRIMARY
quarter,2025Q3,750,26,724,0.430407989800255,NEGATIVE,0.06959201019974498,True,,STABLE,0.875,0,1,pullback_volume_ratio,PRIMARY
quarter,2025Q4,933,49,884,0.4288946347769877,NEGATIVE,0.0711053652230123,True,,STABLE,0.875,0,1,pullback_volume_ratio,PRIMARY
quarter,2026Q1,596,39,557,0.40063527137135757,NEGATIVE,0.09936472862864243,True,,STABLE,0.875,0,1,pullback_volume_ratio,PRIMARY
quarter,2026Q2,1001,50,951,0.3594321766561514,NEGATIVE,0.1405678233438486,True,,STABLE,0.875,0,1,pullback_volume_ratio,PRIMARY
quarter,2026Q3,298,7,291,,UNKNOWN,,False,GATE success_n<10,STABLE,0.875,0,1,pullback_volume_ratio,PRIMARY
regime,RISK_ON,4167,240,3927,0.4438598166539343,NEGATIVE,0.056140183346065686,True,,STABLE,1.0,0,0,pullback_volume_ratio,PRIMARY
regime,RISK_OFF,3670,130,3540,0.37708170360712734,NEGATIVE,0.12291829639287266,True,,STABLE,1.0,0,0,pullback_volume_ratio,PRIMARY
regime,NEUTRAL,0,0,0,,UNKNOWN,,False,NO_ROWS,STABLE,1.0,0,0,pullback_volume_ratio,PRIMARY
board,SH_MAIN,3819,194,3625,0.45378172769285463,NEGATIVE,0.04621827230714537,True,,DATA_LIMITED,,0,0,pullback_volume_ratio,PRIMARY
board,SZ_MAIN,4018,176,3842,0.3879060976763996,NEGATIVE,0.11209390232360039,True,,DATA_LIMITED,,0,0,pullback_volume_ratio,PRIMARY
board,SZ_CHINEXT,0,0,0,,UNKNOWN,,False,NO_ROWS,DATA_LIMITED,,0,0,pullback_volume_ratio,PRIMARY
board,SH_STAR,0,0,0,,UNKNOWN,,False,NO_ROWS,DATA_LIMITED,,0,0,pullback_volume_ratio,PRIMARY
board,BSE,0,0,0,,UNKNOWN,,False,NO_ROWS,DATA_LIMITED,,0,0,pullback_volume_ratio,PRIMARY
t0_position,LOW,263,9,254,,UNKNOWN,,False,GATE success_n<10,DATA_LIMITED,,0,0,pullback_volume_ratio,PRIMARY
t0_position,MID,1609,68,1541,0.43762644577623394,NEGATIVE,0.06237355422376606,True,,DATA_LIMITED,,0,0,pullback_volume_ratio,PRIMARY
t0_position,HIGH,5125,263,4862,0.43797557843632545,NEGATIVE,0.06202442156367455,True,,DATA_LIMITED,,0,0,pullback_volume_ratio,PRIMARY
t0_gap_up,GAP_UP,4766,228,4538,0.4326196717001848,NEGATIVE,0.06738032829981522,True,,STABLE,1.0,0,0,pullback_volume_ratio,PRIMARY
t0_gap_up,NO_GAP_UP,3071,142,2929,0.39757836881308334,NEGATIVE,0.10242163118691666,True,,STABLE,1.0,0,0,pullback_volume_ratio,PRIMARY
year,2024,2050,108,1942,0.45008010069802035,NEGATIVE,0.04991989930197965,True,,STABLE,1.0,0,0,min_volume_ratio,PRIMARY
year,2025,3892,166,3726,0.41945560017849176,NEGATIVE,0.08054439982150824,True,,STABLE,1.0,0,0,min_volume_ratio,PRIMARY
year,2026,1895,96,1799,0.3581619418195294,NEGATIVE,0.14183805818047063,True,,STABLE,1.0,0,0,min_volume_ratio,PRIMARY
quarter,2024Q3,868,58,810,0.398105576841209,NEGATIVE,0.10189442315879099,True,,STABLE,1.0,0,0,min_volume_ratio,PRIMARY
quarter,2024Q4,1182,50,1132,0.47491166077738517,NEGATIVE,0.02508833922261483,True,,STABLE,1.0,0,0,min_volume_ratio,PRIMARY
quarter,2025Q1,1152,47,1105,0.41399826706459997,NEGATIVE,0.08600173293540003,True,,STABLE,1.0,0,0,min_volume_ratio,PRIMARY
quarter,2025Q2,1057,44,1013,0.43195279547698107,NEGATIVE,0.06804720452301893,True,,STABLE,1.0,0,0,min_volume_ratio,PRIMARY
quarter,2025Q3,750,26,724,0.4210582235444114,NEGATIVE,0.07894177645558859,True,,STABLE,1.0,0,0,min_volume_ratio,PRIMARY
quarter,2025Q4,933,49,884,0.4056007018191892,NEGATIVE,0.09439929818081078,True,,STABLE,1.0,0,0,min_volume_ratio,PRIMARY
quarter,2026Q1,596,39,557,0.4022925010357685,NEGATIVE,0.09770749896423148,True,,STABLE,1.0,0,0,min_volume_ratio,PRIMARY
quarter,2026Q2,1001,50,951,0.35095688748685594,NEGATIVE,0.14904311251314406,True,,STABLE,1.0,0,0,min_volume_ratio,PRIMARY
quarter,2026Q3,298,7,291,,UNKNOWN,,False,GATE success_n<10,STABLE,1.0,0,0,min_volume_ratio,PRIMARY
regime,RISK_ON,4167,240,3927,0.43013008233596467,NEGATIVE,0.06986991766403533,True,,STABLE,1.0,0,0,min_volume_ratio,PRIMARY
regime,RISK_OFF,3670,130,3540,0.37997827031725334,NEGATIVE,0.12002172968274666,True,,STABLE,1.0,0,0,min_volume_ratio,PRIMARY
regime,NEUTRAL,0,0,0,,UNKNOWN,,False,NO_ROWS,STABLE,1.0,0,0,min_volume_ratio,PRIMARY
board,SH_MAIN,3819,194,3625,0.45094916459296125,NEGATIVE,0.04905083540703875,True,,DATA_LIMITED,,0,0,min_volume_ratio,PRIMARY
board,SZ_MAIN,4018,176,3842,0.373287468647958,NEGATIVE,0.12671253135204202,True,,DATA_LIMITED,,0,0,min_volume_ratio,PRIMARY
board,SZ_CHINEXT,0,0,0,,UNKNOWN,,False,NO_ROWS,DATA_LIMITED,,0,0,min_volume_ratio,PRIMARY
board,SH_STAR,0,0,0,,UNKNOWN,,False,NO_ROWS,DATA_LIMITED,,0,0,min_volume_ratio,PRIMARY
board,BSE,0,0,0,,UNKNOWN,,False,NO_ROWS,DATA_LIMITED,,0,0,min_volume_ratio,PRIMARY
t0_position,LOW,263,9,254,,UNKNOWN,,False,GATE success_n<10,DATA_LIMITED,,0,0,min_volume_ratio,PRIMARY
t0_position,MID,1609,68,1541,0.42233843569874413,NEGATIVE,0.07766156430125587,True,,DATA_LIMITED,,0,0,min_volume_ratio,PRIMARY
t0_position,HIGH,5125,263,4862,0.4373100618906926,NEGATIVE,0.0626899381093074,True,,DATA_LIMITED,,0,0,min_volume_ratio,PRIMARY
t0_gap_up,GAP_UP,4766,228,4538,0.41663960474124934,NEGATIVE,0.08336039525875066,True,,STABLE,1.0,0,0,min_volume_ratio,PRIMARY
t0_gap_up,NO_GAP_UP,3071,142,2929,0.40233651825600236,NEGATIVE,0.09766348174399764,True,,STABLE,1.0,0,0,min_volume_ratio,PRIMARY
year,2024,2050,108,1942,0.40935271007361634,NEGATIVE,0.09064728992638366,True,,STABLE,1.0,0,0,median_range_ratio,PRIMARY
year,2025,3893,166,3727,0.42394315658124854,NEGATIVE,0.07605684341875146,True,,STABLE,1.0,0,0,median_range_ratio,PRIMARY
year,2026,1895,96,1799,0.38943799796183065,NEGATIVE,0.11056200203816935,True,,STABLE,1.0,0,0,median_range_ratio,PRIMARY
quarter,2024Q3,868,58,810,0.4384418901660281,NEGATIVE,0.06155810983397192,True,,STABLE,1.0,0,0,median_range_ratio,PRIMARY
quarter,2024Q4,1182,50,1132,0.4135159010600707,NEGATIVE,0.08648409893992931,True,,STABLE,1.0,0,0,median_range_ratio,PRIMARY
quarter,2025Q1,1152,47,1105,0.45770674882064116,NEGATIVE,0.04229325117935884,True,,STABLE,1.0,0,0,median_range_ratio,PRIMARY
quarter,2025Q2,1057,44,1013,0.4453692901373059,NEGATIVE,0.05463070986269408,True,,STABLE,1.0,0,0,median_range_ratio,PRIMARY
quarter,2025Q3,751,26,725,0.3636604774535809,NEGATIVE,0.13633952254641912,True,,STABLE,1.0,0,0,median_range_ratio,PRIMARY
quarter,2025Q4,933,49,884,0.4058315633945886,NEGATIVE,0.09416843660541141,True,,STABLE,1.0,0,0,median_range_ratio,PRIMARY
quarter,2026Q1,596,39,557,0.34691340975003454,NEGATIVE,0.15308659024996546,True,,STABLE,1.0,0,0,median_range_ratio,PRIMARY
quarter,2026Q2,1001,50,951,0.44650893796004204,NEGATIVE,0.05349106203995796,True,,STABLE,1.0,0,0,median_range_ratio,PRIMARY
quarter,2026Q3,298,7,291,,UNKNOWN,,False,GATE success_n<10,STABLE,1.0,0,0,median_range_ratio,PRIMARY
regime,RISK_ON,4168,240,3928,0.4352172437202987,NEGATIVE,0.06478275627970131,True,,STABLE,1.0,0,0,median_range_ratio,PRIMARY
regime,RISK_OFF,3670,130,3540,0.3875901781833985,NEGATIVE,0.11240982181660147,True,,STABLE,1.0,0,0,median_range_ratio,PRIMARY
regime,NEUTRAL,0,0,0,,UNKNOWN,,False,NO_ROWS,STABLE,1.0,0,0,median_range_ratio,PRIMARY
board,SH_MAIN,3820,194,3626,0.4362422595117735,NEGATIVE,0.06375774048822652,True,,DATA_LIMITED,,0,0,median_range_ratio,PRIMARY
board,SZ_MAIN,4018,176,3842,0.391958201220955,NEGATIVE,0.10804179877904502,True,,DATA_LIMITED,,0,0,median_range_ratio,PRIMARY
board,SZ_CHINEXT,0,0,0,,UNKNOWN,,False,NO_ROWS,DATA_LIMITED,,0,0,median_range_ratio,PRIMARY
board,SH_STAR,0,0,0,,UNKNOWN,,False,NO_ROWS,DATA_LIMITED,,0,0,median_range_ratio,PRIMARY
board,BSE,0,0,0,,UNKNOWN,,False,NO_ROWS,DATA_LIMITED,,0,0,median_range_ratio,PRIMARY
t0_position,LOW,263,9,254,,UNKNOWN,,False,GATE success_n<10,DATA_LIMITED,,0,0,median_range_ratio,PRIMARY
t0_position,MID,1609,68,1541,0.38073061800969576,NEGATIVE,0.11926938199030424,True,,DATA_LIMITED,,0,0,median_range_ratio,PRIMARY
t0_position,HIGH,5126,263,4863,0.4288235289518354,NEGATIVE,0.0711764710481646,True,,DATA_LIMITED,,0,0,median_range_ratio,PRIMARY
t0_gap_up,GAP_UP,4766,228,4538,0.4056635777411797,NEGATIVE,0.09433642225882027,True,,STABLE,1.0,0,0,median_range_ratio,PRIMARY
t0_gap_up,NO_GAP_UP,3072,142,2930,0.4238379079940393,NEGATIVE,0.07616209200596069,True,,STABLE,1.0,0,0,median_range_ratio,PRIMARY
year,2024,2050,108,1942,0.5443891368196209,POSITIVE,0.04438913681962087,True,,STABLE,1.0,0,0,quiet_days_n,PRIMARY
year,2025,3893,166,3727,0.5859286353894246,POSITIVE,0.08592863538942463,True,,STABLE,1.0,0,0,quiet_days_n,PRIMARY
year,2026,1895,96,1799,0.626024874930517,POSITIVE,0.12602487493051695,True,,STABLE,1.0,0,0,quiet_days_n,PRIMARY
quarter,2024Q3,868,58,810,0.5586206896551724,POSITIVE,0.05862068965517242,True,,STABLE,1.0,0,0,quiet_days_n,PRIMARY
quarter,2024Q4,1182,50,1132,0.5435865724381626,POSITIVE,0.04358657243816255,True,,STABLE,1.0,0,0,quiet_days_n,PRIMARY
quarter,2025Q1,1152,47,1105,0.6192644651968807,POSITIVE,0.11926446519688072,True,,STABLE,1.0,0,0,quiet_days_n,PRIMARY
quarter,2025Q2,1057,44,1013,0.5536211074216997,POSITIVE,0.053621107421699676,True,,STABLE,1.0,0,0,quiet_days_n,PRIMARY
quarter,2025Q3,751,26,725,0.5794164456233422,POSITIVE,0.07941644562334216,True,,STABLE,1.0,0,0,quiet_days_n,PRIMARY
quarter,2025Q4,933,49,884,0.5951034259857789,POSITIVE,0.09510342598577892,True,,STABLE,1.0,0,0,quiet_days_n,PRIMARY
quarter,2026Q1,596,39,557,0.6228421488744649,POSITIVE,0.12284214887446487,True,,STABLE,1.0,0,0,quiet_days_n,PRIMARY
quarter,2026Q2,1001,50,951,0.611882229232387,POSITIVE,0.111882229232387,True,,STABLE,1.0,0,0,quiet_days_n,PRIMARY
quarter,2026Q3,298,7,291,,UNKNOWN,,False,GATE success_n<10,STABLE,1.0,0,0,quiet_days_n,PRIMARY
regime,RISK_ON,4168,240,3928,0.574847250509165,POSITIVE,0.07484725050916496,True,,STABLE,1.0,0,0,quiet_days_n,PRIMARY
regime,RISK_OFF,3670,130,3540,0.6029432855280313,POSITIVE,0.10294328552803134,True,,STABLE,1.0,0,0,quiet_days_n,PRIMARY
regime,NEUTRAL,0,0,0,,UNKNOWN,,False,NO_ROWS,STABLE,1.0,0,0,quiet_days_n,PRIMARY
board,SH_MAIN,3820,194,3626,0.5563513229198059,POSITIVE,0.056351322919805935,True,,DATA_LIMITED,,0,0,quiet_days_n,PRIMARY
board,SZ_MAIN,4018,176,3842,0.6146471712176423,POSITIVE,0.11464717121764234,True,,DATA_LIMITED,,0,0,quiet_days_n,PRIMARY
board,SZ_CHINEXT,0,0,0,,UNKNOWN,,False,NO_ROWS,DATA_LIMITED,,0,0,quiet_days_n,PRIMARY
board,SH_STAR,0,0,0,,UNKNOWN,,False,NO_ROWS,DATA_LIMITED,,0,0,quiet_days_n,PRIMARY
board,BSE,0,0,0,,UNKNOWN,,False,NO_ROWS,DATA_LIMITED,,0,0,quiet_days_n,PRIMARY
t0_position,LOW,263,9,254,,UNKNOWN,,False,GATE success_n<10,DATA_LIMITED,,0,0,quiet_days_n,PRIMARY
t0_position,MID,1609,68,1541,0.57083826392335,POSITIVE,0.07083826392335002,True,,DATA_LIMITED,,0,0,quiet_days_n,PRIMARY
t0_position,HIGH,5126,263,4863,0.5668190550357358,POSITIVE,0.06681905503573582,True,,DATA_LIMITED,,0,0,quiet_days_n,PRIMARY
t0_gap_up,GAP_UP,4766,228,4538,0.5822658370253532,POSITIVE,0.08226583702535317,True,,STABLE,1.0,0,0,quiet_days_n,PRIMARY
t0_gap_up,NO_GAP_UP,3072,142,2930,0.5892864009998557,POSITIVE,0.08928640099985574,True,,STABLE,1.0,0,0,quiet_days_n,PRIMARY
year,2024,1189,60,1129,0.6021183938588721,POSITIVE,0.10211839385887211,True,,STABLE,1.0,0,0,high_vs_pullback_high,PRIMARY
year,2025,2112,102,2010,0.5400668227490001,POSITIVE,0.040066822749000086,True,,STABLE,1.0,0,0,high_vs_pullback_high,PRIMARY
year,2026,962,60,902,0.5343218773096822,POSITIVE,0.03432187730968217,True,,STABLE,1.0,0,0,high_vs_pullback_high,PRIMARY
quarter,2024Q3,393,26,367,0.6234542024732761,POSITIVE,0.1234542024732761,True,,UNSTABLE,0.75,1,2,high_vs_pullback_high,PRIMARY
quarter,2024Q4,796,34,762,0.5697274972981319,POSITIVE,0.06972749729813188,True,,UNSTABLE,0.75,1,2,high_vs_pullback_high,PRIMARY
quarter,2025Q1,561,25,536,0.4219402985074627,NEGATIVE,0.07805970149253733,True,,UNSTABLE,0.75,1,2,high_vs_pullback_high,PRIMARY
quarter,2025Q2,543,25,518,0.5647104247104248,POSITIVE,0.06471042471042476,True,,UNSTABLE,0.75,1,2,high_vs_pullback_high,PRIMARY
quarter,2025Q3,501,21,480,0.6490079365079365,POSITIVE,0.14900793650793653,True,,UNSTABLE,0.75,1,2,high_vs_pullback_high,PRIMARY
quarter,2025Q4,507,31,476,0.5490986717267552,POSITIVE,0.049098671726755194,True,,UNSTABLE,0.75,1,2,high_vs_pullback_high,PRIMARY
quarter,2026Q1,326,21,305,0.4885245901639344,NEGATIVE,0.011475409836065598,True,,UNSTABLE,0.75,1,2,high_vs_pullback_high,PRIMARY
quarter,2026Q2,483,32,451,0.5213414634146342,POSITIVE,0.021341463414634165,True,,UNSTABLE,0.75,1,2,high_vs_pullback_high,PRIMARY
quarter,2026Q3,153,7,146,,UNKNOWN,,False,GATE success_n<10,UNSTABLE,0.75,1,2,high_vs_pullback_high,PRIMARY
regime,RISK_ON,2324,146,2178,0.567255682604375,POSITIVE,0.06725568260437498,True,,STABLE,1.0,0,0,high_vs_pullback_high,PRIMARY
regime,RISK_OFF,1939,76,1863,0.5435418255784389,POSITIVE,0.043541825578438886,True,,STABLE,1.0,0,0,high_vs_pullback_high,PRIMARY
regime,NEUTRAL,0,0,0,,UNKNOWN,,False,NO_ROWS,STABLE,1.0,0,0,high_vs_pullback_high,PRIMARY
board,SH_MAIN,2081,109,1972,0.5682537171781082,POSITIVE,0.06825371717810824,True,,DATA_LIMITED,,0,0,high_vs_pullback_high,PRIMARY
board,SZ_MAIN,2182,113,2069,0.5435955123461806,POSITIVE,0.04359551234618064,True,,DATA_LIMITED,,0,0,high_vs_pullback_high,PRIMARY
board,SZ_CHINEXT,0,0,0,,UNKNOWN,,False,NO_ROWS,DATA_LIMITED,,0,0,high_vs_pullback_high,PRIMARY
board,SH_STAR,0,0,0,,UNKNOWN,,False,NO_ROWS,DATA_LIMITED,,0,0,high_vs_pullback_high,PRIMARY
board,BSE,0,0,0,,UNKNOWN,,False,NO_ROWS,DATA_LIMITED,,0,0,high_vs_pullback_high,PRIMARY
t0_position,LOW,83,5,78,,UNKNOWN,,False,GATE success_n<10,DATA_LIMITED,,0,0,high_vs_pullback_high,PRIMARY
t0_position,MID,598,29,569,0.5137567420156354,POSITIVE,0.01375674201563537,True,,DATA_LIMITED,,0,0,high_vs_pullback_high,PRIMARY
t0_position,HIGH,3124,162,2962,0.5544447778861463,POSITIVE,0.05444477788614632,True,,DATA_LIMITED,,0,0,high_vs_pullback_high,PRIMARY
t0_gap_up,GAP_UP,2577,142,2435,0.5648870636550308,POSITIVE,0.06488706365503083,True,,DATA_LIMITED,,0,0,high_vs_pullback_high,PRIMARY
t0_gap_up,NO_GAP_UP,1648,77,1571,0.5231716087858672,POSITIVE,0.023171608785867215,True,,DATA_LIMITED,,0,0,high_vs_pullback_high,PRIMARY
year,2024,1189,60,1129,0.6658178328904636,POSITIVE,0.1658178328904636,True,,STABLE,1.0,0,0,close_vs_pullback_high,PRIMARY
year,2025,2112,102,2010,0.5691225246317433,POSITIVE,0.06912252463174329,True,,STABLE,1.0,0,0,close_vs_pullback_high,PRIMARY
year,2026,962,60,902,0.5502586844050259,POSITIVE,0.0502586844050259,True,,STABLE,1.0,0,0,close_vs_pullback_high,PRIMARY
quarter,2024Q3,393,26,367,0.6898972961643262,POSITIVE,0.18989729616432616,True,,MIXED,0.875,1,1,close_vs_pullback_high,PRIMARY
quarter,2024Q4,796,34,762,0.6386830322680254,POSITIVE,0.13868303226802536,True,,MIXED,0.875,1,1,close_vs_pullback_high,PRIMARY
quarter,2025Q1,561,25,536,0.46417910447761196,NEGATIVE,0.03582089552238804,True,,MIXED,0.875,1,1,close_vs_pullback_high,PRIMARY
quarter,2025Q2,543,25,518,0.57003861003861,POSITIVE,0.07003861003861,True,,MIXED,0.875,1,1,close_vs_pullback_high,PRIMARY
quarter,2025Q3,501,21,480,0.6635912698412698,POSITIVE,0.16359126984126982,True,,MIXED,0.875,1,1,close_vs_pullback_high,PRIMARY
quarter,2025Q4,507,31,476,0.5976551911087016,POSITIVE,0.09765519110870158,True,,MIXED,0.875,1,1,close_vs_pullback_high,PRIMARY
quarter,2026Q1,326,21,305,0.509992193598751,POSITIVE,0.009992193598751031,True,,MIXED,0.875,1,1,close_vs_pullback_high,PRIMARY
quarter,2026Q2,483,32,451,0.5340909090909091,POSITIVE,0.03409090909090906,True,,MIXED,0.875,1,1,close_vs_pullback_high,PRIMARY
quarter,2026Q3,153,7,146,,UNKNOWN,,False,GATE success_n<10,MIXED,0.875,1,1,close_vs_pullback_high,PRIMARY
regime,RISK_ON,2324,146,2178,0.5812719347899921,POSITIVE,0.08127193478999206,True,,STABLE,1.0,0,0,close_vs_pullback_high,PRIMARY
regime,RISK_OFF,1939,76,1863,0.587666327654886,POSITIVE,0.08766632765488602,True,,STABLE,1.0,0,0,close_vs_pullback_high,PRIMARY
regime,NEUTRAL,0,0,0,,UNKNOWN,,False,NO_ROWS,STABLE,1.0,0,0,close_vs_pullback_high,PRIMARY
board,SH_MAIN,2081,109,1972,0.5854532258964958,POSITIVE,0.08545322589649584,True,,DATA_LIMITED,,0,0,close_vs_pullback_high,PRIMARY
board,SZ_MAIN,2182,113,2069,0.5940281526281347,POSITIVE,0.09402815262813469,True,,DATA_LIMITED,,0,0,close_vs_pullback_high,PRIMARY
board,SZ_CHINEXT,0,0,0,,UNKNOWN,,False,NO_ROWS,DATA_LIMITED,,0,0,close_vs_pullback_high,PRIMARY
board,SH_STAR,0,0,0,,UNKNOWN,,False,NO_ROWS,DATA_LIMITED,,0,0,close_vs_pullback_high,PRIMARY
board,BSE,0,0,0,,UNKNOWN,,False,NO_ROWS,DATA_LIMITED,,0,0,close_vs_pullback_high,PRIMARY
t0_position,LOW,83,5,78,,UNKNOWN,,False,GATE success_n<10,DATA_LIMITED,,0,0,close_vs_pullback_high,PRIMARY
t0_position,MID,598,29,569,0.5683897945579056,POSITIVE,0.06838979455790561,True,,DATA_LIMITED,,0,0,close_vs_pullback_high,PRIMARY
t0_position,HIGH,3124,162,2962,0.593120889289019,POSITIVE,0.09312088928901896,True,,DATA_LIMITED,,0,0,close_vs_pullback_high,PRIMARY
t0_gap_up,GAP_UP,2577,142,2435,0.6077146658183186,POSITIVE,0.10771466581831857,True,,STABLE,1.0,0,0,close_vs_pullback_high,PRIMARY
t0_gap_up,NO_GAP_UP,1648,77,1571,0.5443137384575959,POSITIVE,0.0443137384575959,True,,STABLE,1.0,0,0,close_vs_pullback_high,PRIMARY
year,2024,2060,108,1952,0.4557291666666667,NEGATIVE,0.044270833333333315,True,,MIXED,0.6666666666666666,0,1,t0_return,CONTROL
year,2025,3906,167,3739,0.4517747068046309,NEGATIVE,0.04822529319536911,True,,MIXED,0.6666666666666666,0,1,t0_return,CONTROL
year,2026,2051,105,1946,0.5152596290314687,POSITIVE,0.015259629031468713,True,,MIXED,0.6666666666666666,0,1,t0_return,CONTROL
quarter,2024Q3,871,58,813,0.4261674513296857,NEGATIVE,0.0738325486703143,True,,MIXED,0.875,1,1,t0_return,CONTROL
quarter,2024Q4,1189,50,1139,0.4942844600526778,NEGATIVE,0.005715539947322212,True,,MIXED,0.875,1,1,t0_return,CONTROL
quarter,2025Q1,1152,47,1105,0.490767305285453,NEGATIVE,0.009232694714547018,True,,MIXED,0.875,1,1,t0_return,CONTROL
quarter,2025Q2,1065,45,1020,0.4362200435729848,NEGATIVE,0.06377995642701523,True,,MIXED,0.875,1,1,t0_return,CONTROL
quarter,2025Q3,754,26,728,0.3798076923076923,NEGATIVE,0.12019230769230771,True,,MIXED,0.875,1,1,t0_return,CONTROL
quarter,2025Q4,935,49,886,0.46957202745658083,NEGATIVE,0.03042797254341917,True,,MIXED,0.875,1,1,t0_return,CONTROL
quarter,2026Q1,597,39,558,0.48899457770425514,NEGATIVE,0.01100542229574486,True,,MIXED,0.875,1,1,t0_return,CONTROL
quarter,2026Q2,1147,59,1088,0.5335867397806581,POSITIVE,0.03358673978065807,True,,MIXED,0.875,1,1,t0_return,CONTROL
quarter,2026Q3,307,7,300,,UNKNOWN,,False,GATE success_n<10,MIXED,0.875,1,1,t0_return,CONTROL
regime,RISK_ON,4297,247,4050,0.46853301344529413,NEGATIVE,0.03146698655470587,True,,STABLE,1.0,0,0,t0_return,CONTROL
regime,RISK_OFF,3720,133,3587,0.4665888305933498,NEGATIVE,0.033411169406650176,True,,STABLE,1.0,0,0,t0_return,CONTROL
regime,NEUTRAL,0,0,0,,UNKNOWN,,False,NO_ROWS,STABLE,1.0,0,0,t0_return,CONTROL
board,SH_MAIN,3915,200,3715,0.4720114401076716,NEGATIVE,0.027988559892328402,True,,DATA_LIMITED,,0,0,t0_return,CONTROL
board,SZ_MAIN,4102,180,3922,0.46325854156042834,NEGATIVE,0.03674145843957166,True,,DATA_LIMITED,,0,0,t0_return,CONTROL
board,SZ_CHINEXT,0,0,0,,UNKNOWN,,False,NO_ROWS,DATA_LIMITED,,0,0,t0_return,CONTROL
board,SH_STAR,0,0,0,,UNKNOWN,,False,NO_ROWS,DATA_LIMITED,,0,0,t0_return,CONTROL
board,BSE,0,0,0,,UNKNOWN,,False,NO_ROWS,DATA_LIMITED,,0,0,t0_return,CONTROL
t0_position,LOW,267,9,258,,UNKNOWN,,False,GATE success_n<10,DATA_LIMITED,,0,0,t0_return,CONTROL
t0_position,MID,1628,69,1559,0.44306551022115626,NEGATIVE,0.056934489778843744,True,,DATA_LIMITED,,0,0,t0_return,CONTROL
t0_position,HIGH,5164,266,4898,0.46456970314721063,NEGATIVE,0.03543029685278937,True,,DATA_LIMITED,,0,0,t0_return,CONTROL
t0_gap_up,GAP_UP,4870,231,4639,0.47992458070061,NEGATIVE,0.020075419299389996,True,,DATA_LIMITED,,0,0,t0_return,CONTROL
t0_gap_up,NO_GAP_UP,3147,149,2998,0.4488641197039637,NEGATIVE,0.051135880296036273,True,,DATA_LIMITED,,0,0,t0_return,CONTROL
year,2024,2060,108,1952,0.48423506754705525,NEGATIVE,0.015764932452944747,True,,MIXED,0.6666666666666666,0,1,t0_gap,CONTROL
year,2025,3906,167,3739,0.5046163356624542,POSITIVE,0.0046163356624542295,True,,MIXED,0.6666666666666666,0,1,t0_gap,CONTROL
year,2026,2051,105,1946,0.4582611461850927,NEGATIVE,0.04173885381490727,True,,MIXED,0.6666666666666666,0,1,t0_gap,CONTROL
quarter,2024Q3,871,58,813,0.5080693048309793,POSITIVE,0.00806930483097934,True,,UNSTABLE,0.625,2,3,t0_gap,CONTROL
quarter,2024Q4,1189,50,1139,0.4653906935908692,NEGATIVE,0.03460930640913079,True,,UNSTABLE,0.625,2,3,t0_gap,CONTROL
quarter,2025Q1,1152,47,1105,0.5495812072783287,POSITIVE,0.04958120727832871,True,,UNSTABLE,0.625,2,3,t0_gap,CONTROL
quarter,2025Q2,1065,45,1020,0.4464814814814815,NEGATIVE,0.05351851851851852,True,,UNSTABLE,0.625,2,3,t0_gap,CONTROL
quarter,2025Q3,754,26,728,0.45900253592561285,NEGATIVE,0.04099746407438715,True,,UNSTABLE,0.625,2,3,t0_gap,CONTROL
quarter,2025Q4,935,49,886,0.5384092688994334,POSITIVE,0.03840926889943341,True,,UNSTABLE,0.625,2,3,t0_gap,CONTROL
quarter,2026Q1,597,39,558,0.45165885488466134,NEGATIVE,0.04834114511533866,True,,UNSTABLE,0.625,2,3,t0_gap,CONTROL
quarter,2026Q2,1147,59,1088,0.4671999626121635,NEGATIVE,0.03280003738783649,True,,UNSTABLE,0.625,2,3,t0_gap,CONTROL
quarter,2026Q3,307,7,300,,UNKNOWN,,False,GATE success_n<10,UNSTABLE,0.625,2,3,t0_gap,CONTROL
regime,RISK_ON,4297,247,4050,0.48630479332233717,NEGATIVE,0.01369520667766283,True,,DATA_LIMITED,,0,0,t0_gap,CONTROL
regime,RISK_OFF,3720,133,3587,0.4898568556881471,NEGATIVE,0.010143144311852925,True,,DATA_LIMITED,,0,0,t0_gap,CONTROL
regime,NEUTRAL,0,0,0,,UNKNOWN,,False,NO_ROWS,DATA_LIMITED,,0,0,t0_gap,CONTROL
board,SH_MAIN,3915,200,3715,0.5220302826379543,POSITIVE,0.022030282637954257,True,,DATA_LIMITED,,0,0,t0_gap,CONTROL
board,SZ_MAIN,4102,180,3922,0.44809479290611365,NEGATIVE,0.05190520709388635,True,,DATA_LIMITED,,0,0,t0_gap,CONTROL
board,SZ_CHINEXT,0,0,0,,UNKNOWN,,False,NO_ROWS,DATA_LIMITED,,0,0,t0_gap,CONTROL
board,SH_STAR,0,0,0,,UNKNOWN,,False,NO_ROWS,DATA_LIMITED,,0,0,t0_gap,CONTROL
board,BSE,0,0,0,,UNKNOWN,,False,NO_ROWS,DATA_LIMITED,,0,0,t0_gap,CONTROL
t0_position,LOW,267,9,258,,UNKNOWN,,False,GATE success_n<10,DATA_LIMITED,,0,0,t0_gap,CONTROL
t0_position,MID,1628,69,1559,0.4513670041182103,NEGATIVE,0.04863299588178971,True,,DATA_LIMITED,,0,0,t0_gap,CONTROL
t0_position,HIGH,5164,266,4898,0.5005556971235766,POSITIVE,0.000555697123576615,True,,DATA_LIMITED,,0,0,t0_gap,CONTROL
t0_gap_up,GAP_UP,4870,231,4639,0.4680485139635819,NEGATIVE,0.03195148603641812,True,,DATA_LIMITED,,0,0,t0_gap,CONTROL
t0_gap_up,NO_GAP_UP,3147,149,2998,0.4839020196909797,NEGATIVE,0.01609798030902032,True,,DATA_LIMITED,,0,0,t0_gap,CONTROL
year,2024,2070,108,1962,0.5035819458602333,POSITIVE,0.0035819458602333043,True,,MIXED,0.6666666666666666,0,1,t0_close_location,CONTROL
year,2025,3918,169,3749,0.5014670578821019,POSITIVE,0.0014670578821018854,True,,MIXED,0.6666666666666666,0,1,t0_close_location,CONTROL
year,2026,2483,129,2354,0.4980340242239829,NEGATIVE,0.0019659757760170926,True,,MIXED,0.6666666666666666,0,1,t0_close_location,CONTROL
quarter,2024Q3,876,58,818,0.4956896551724138,NEGATIVE,0.004310344827586188,True,,MIXED,0.6666666666666666,0,2,t0_close_location,CONTROL
quarter,2024Q4,1194,50,1144,0.5109265734265734,POSITIVE,0.010926573426573438,True,,MIXED,0.6666666666666666,0,2,t0_close_location,CONTROL
quarter,2025Q1,1152,47,1105,0.5031674208144796,POSITIVE,0.0031674208144796268,True,,MIXED,0.6666666666666666,0,2,t0_close_location,CONTROL
quarter,2025Q2,1075,46,1029,0.5009718172983479,POSITIVE,0.0009718172983479434,True,,MIXED,0.6666666666666666,0,2,t0_close_location,CONTROL
quarter,2025Q3,754,26,728,0.5006868131868132,POSITIVE,0.0006868131868131844,True,,MIXED,0.6666666666666666,0,2,t0_close_location,CONTROL
quarter,2025Q4,937,50,887,0.5005636978579482,POSITIVE,0.0005636978579481866,True,,MIXED,0.6666666666666666,0,2,t0_close_location,CONTROL
quarter,2026Q1,597,39,558,0.4889716018748277,NEGATIVE,0.011028398125172312,True,,MIXED,0.6666666666666666,0,2,t0_close_location,CONTROL
quarter,2026Q2,1553,80,1473,0.5023761031907671,POSITIVE,0.002376103190767087,True,,MIXED,0.6666666666666666,0,2,t0_close_location,CONTROL
quarter,2026Q3,333,10,323,0.5,NEUTRAL,0.0,True,,MIXED,0.6666666666666666,0,2,t0_close_location,CONTROL
regime,RISK_ON,4610,265,4345,0.5006500640510672,POSITIVE,0.0006500640510671563,True,,DATA_LIMITED,,0,0,t0_close_location,CONTROL
regime,RISK_OFF,3861,141,3720,0.5004975978037063,POSITIVE,0.0004975978037062845,True,,DATA_LIMITED,,0,0,t0_close_location,CONTROL
regime,NEUTRAL,0,0,0,,UNKNOWN,,False,NO_ROWS,DATA_LIMITED,,0,0,t0_close_location,CONTROL
board,SH_MAIN,4140,211,3929,0.4983209069997189,NEGATIVE,0.0016790930002810733,True,,DATA_LIMITED,,0,0,t0_close_location,CONTROL
board,SZ_MAIN,4331,195,4136,0.503384912959381,POSITIVE,0.0033849129593810368,True,,DATA_LIMITED,,0,0,t0_close_location,CONTROL
board,SZ_CHINEXT,0,0,0,,UNKNOWN,,False,NO_ROWS,DATA_LIMITED,,0,0,t0_close_location,CONTROL
board,SH_STAR,0,0,0,,UNKNOWN,,False,NO_ROWS,DATA_LIMITED,,0,0,t0_close_location,CONTROL
board,BSE,0,0,0,,UNKNOWN,,False,NO_ROWS,DATA_LIMITED,,0,0,t0_close_location,CONTROL
t0_position,LOW,267,9,258,,UNKNOWN,,False,GATE success_n<10,DATA_LIMITED,,0,0,t0_close_location,CONTROL
t0_position,MID,1628,69,1559,0.5019243104554202,POSITIVE,0.0019243104554201862,True,,DATA_LIMITED,,0,0,t0_close_location,CONTROL
t0_position,HIGH,5164,266,4898,0.4998280716081752,NEGATIVE,0.0001719283918247827,True,,DATA_LIMITED,,0,0,t0_close_location,CONTROL
t0_gap_up,GAP_UP,4870,231,4639,0.501620460447794,POSITIVE,0.0016204604477939588,True,,DATA_LIMITED,,0,0,t0_close_location,CONTROL
t0_gap_up,NO_GAP_UP,3147,149,2998,0.4986478681537132,NEGATIVE,0.001352131846286797,True,,DATA_LIMITED,,0,0,t0_close_location,CONTROL
year,2024,1784,95,1689,0.5236047489950454,POSITIVE,0.023604748995045388,True,,STABLE,1.0,0,0,t0_position_20d,CONTROL
year,2025,3705,159,3546,0.5125129918732064,POSITIVE,0.012512991873206425,True,,STABLE,1.0,0,0,t0_position_20d,CONTROL
year,2026,1570,90,1480,0.5520307807807808,POSITIVE,0.05203078078078083,True,,STABLE,1.0,0,0,t0_position_20d,CONTROL
quarter,2024Q3,626,46,580,0.5338455772113943,POSITIVE,0.03384557721139425,True,,MIXED,0.75,0,2,t0_position_20d,CONTROL
quarter,2024Q4,1158,49,1109,0.5049686240591819,POSITIVE,0.004968624059181859,True,,MIXED,0.75,0,2,t0_position_20d,CONTROL
quarter,2025Q1,1137,45,1092,0.4882885632885633,NEGATIVE,0.011711436711436707,True,,MIXED,0.75,0,2,t0_position_20d,CONTROL
quarter,2025Q2,981,44,937,0.4778063452022897,NEGATIVE,0.022193654797710294,True,,MIXED,0.75,0,2,t0_position_20d,CONTROL
quarter,2025Q3,683,24,659,0.5508345978755691,POSITIVE,0.0508345978755691,True,,MIXED,0.75,0,2,t0_position_20d,CONTROL
quarter,2025Q4,904,46,858,0.5617335562987736,POSITIVE,0.06173355629877364,True,,MIXED,0.75,0,2,t0_position_20d,CONTROL
quarter,2026Q1,592,38,554,0.5353648109443283,POSITIVE,0.035364810944328307,True,,MIXED,0.75,0,2,t0_position_20d,CONTROL
quarter,2026Q2,950,51,899,0.5534689960522585,POSITIVE,0.05346899605225852,True,,MIXED,0.75,0,2,t0_position_20d,CONTROL
quarter,2026Q3,28,1,27,,UNKNOWN,,False,GATE n<60,MIXED,0.75,0,2,t0_position_20d,CONTROL
regime,RISK_ON,3810,223,3587,0.5308569435467639,POSITIVE,0.030856943546763937,True,,DATA_LIMITED,,0,0,t0_position_20d,CONTROL
regime,RISK_OFF,3249,121,3128,0.5210059499904884,POSITIVE,0.021005949990488437,True,,DATA_LIMITED,,0,0,t0_position_20d,CONTROL
regime,NEUTRAL,0,0,0,,UNKNOWN,,False,NO_ROWS,DATA_LIMITED,,0,0,t0_position_20d,CONTROL
board,SH_MAIN,3429,185,3244,0.545761822241477,POSITIVE,0.04576182224147696,True,,DATA_LIMITED,,0,0,t0_position_20d,CONTROL
board,SZ_MAIN,3630,159,3471,0.5006695186894466,POSITIVE,0.0006695186894466465,True,,DATA_LIMITED,,0,0,t0_position_20d,CONTROL
board,SZ_CHINEXT,0,0,0,,UNKNOWN,,False,NO_ROWS,DATA_LIMITED,,0,0,t0_position_20d,CONTROL
board,SH_STAR,0,0,0,,UNKNOWN,,False,NO_ROWS,DATA_LIMITED,,0,0,t0_position_20d,CONTROL
board,BSE,0,0,0,,UNKNOWN,,False,NO_ROWS,DATA_LIMITED,,0,0,t0_position_20d,CONTROL
t0_position,LOW,267,9,258,,UNKNOWN,,False,GATE success_n<10,DATA_LIMITED,,0,0,t0_position_20d,CONTROL
t0_position,MID,1628,69,1559,0.5297756830372499,POSITIVE,0.029775683037249867,True,,DATA_LIMITED,,0,0,t0_position_20d,CONTROL
t0_position,HIGH,5164,266,4898,0.5013282235805929,POSITIVE,0.0013282235805929243,True,,DATA_LIMITED,,0,0,t0_position_20d,CONTROL
t0_gap_up,GAP_UP,4282,209,4073,0.5217178830834871,POSITIVE,0.0217178830834871,True,,DATA_LIMITED,,0,0,t0_position_20d,CONTROL
t0_gap_up,NO_GAP_UP,2777,135,2642,0.53049878038523,POSITIVE,0.030498780385230018,True,,DATA_LIMITED,,0,0,t0_position_20d,CONTROL
year,2024,2050,108,1942,0.6007719227981844,POSITIVE,0.10077192279818437,True,,UNSTABLE,0.3333333333333333,1,2,t0_gain_retention,CONTROL
year,2025,3893,166,3727,0.4874273051422217,NEGATIVE,0.012572694857778288,True,,UNSTABLE,0.3333333333333333,1,2,t0_gain_retention,CONTROL
year,2026,1895,96,1799,0.4213075551232166,NEGATIVE,0.0786924448767834,True,,UNSTABLE,0.3333333333333333,1,2,t0_gain_retention,CONTROL
quarter,2024Q3,868,58,810,0.6485738612175393,POSITIVE,0.14857386121753935,True,,UNSTABLE,0.5,3,4,t0_gain_retention,CONTROL
quarter,2024Q4,1182,50,1132,0.5364929328621908,POSITIVE,0.0364929328621908,True,,UNSTABLE,0.5,3,4,t0_gain_retention,CONTROL
quarter,2025Q1,1152,47,1105,0.4745451044574949,NEGATIVE,0.025454895542505074,True,,UNSTABLE,0.5,3,4,t0_gain_retention,CONTROL
quarter,2025Q2,1057,44,1013,0.5427398366687607,POSITIVE,0.04273983666876069,True,,UNSTABLE,0.5,3,4,t0_gain_retention,CONTROL
quarter,2025Q3,751,26,725,0.5178779840848806,POSITIVE,0.017877984084880616,True,,UNSTABLE,0.5,3,4,t0_gain_retention,CONTROL
quarter,2025Q4,933,49,884,0.434850863422292,NEGATIVE,0.06514913657770799,True,,UNSTABLE,0.5,3,4,t0_gain_retention,CONTROL
quarter,2026Q1,596,39,557,0.45757952400681307,NEGATIVE,0.042420475993186935,True,,UNSTABLE,0.5,3,4,t0_gain_retention,CONTROL
quarter,2026Q2,1001,50,951,0.3862986330178759,NEGATIVE,0.11370136698212407,True,,UNSTABLE,0.5,3,4,t0_gain_retention,CONTROL
quarter,2026Q3,298,7,291,,UNKNOWN,,False,GATE success_n<10,UNSTABLE,0.5,3,4,t0_gain_retention,CONTROL
regime,RISK_ON,4168,240,3928,0.5250869823489477,POSITIVE,0.025086982348947684,True,,DATA_LIMITED,,0,0,t0_gain_retention,CONTROL
regime,RISK_OFF,3670,130,3540,0.4556920903954802,NEGATIVE,0.0443079096045198,True,,DATA_LIMITED,,0,0,t0_gain_retention,CONTROL
regime,NEUTRAL,0,0,0,,UNKNOWN,,False,NO_ROWS,DATA_LIMITED,,0,0,t0_gain_retention,CONTROL
board,SH_MAIN,3820,194,3626,0.5137558924377775,POSITIVE,0.013755892437777528,True,,DATA_LIMITED,,0,0,t0_gain_retention,CONTROL
board,SZ_MAIN,4018,176,3842,0.48839826558137334,NEGATIVE,0.011601734418626664,True,,DATA_LIMITED,,0,0,t0_gain_retention,CONTROL
board,SZ_CHINEXT,0,0,0,,UNKNOWN,,False,NO_ROWS,DATA_LIMITED,,0,0,t0_gain_retention,CONTROL
board,SH_STAR,0,0,0,,UNKNOWN,,False,NO_ROWS,DATA_LIMITED,,0,0,t0_gain_retention,CONTROL
board,BSE,0,0,0,,UNKNOWN,,False,NO_ROWS,DATA_LIMITED,,0,0,t0_gain_retention,CONTROL
t0_position,LOW,263,9,254,,UNKNOWN,,False,GATE success_n<10,DATA_LIMITED,,0,0,t0_gain_retention,CONTROL
t0_position,MID,1609,68,1541,0.4826315990380578,NEGATIVE,0.0173684009619422,True,,DATA_LIMITED,,0,0,t0_gain_retention,CONTROL
t0_position,HIGH,5126,263,4863,0.5348777022742537,POSITIVE,0.034877702274253686,True,,DATA_LIMITED,,0,0,t0_gain_retention,CONTROL
t0_gap_up,GAP_UP,4766,228,4538,0.48503765473622357,NEGATIVE,0.014962345263776433,True,,DATA_LIMITED,,0,0,t0_gain_retention,CONTROL
t0_gap_up,NO_GAP_UP,3072,142,2930,0.5274143152429938,POSITIVE,0.02741431524299376,True,,DATA_LIMITED,,0,0,t0_gain_retention,CONTROL
year,2024,2050,108,1942,0.6054730709081894,POSITIVE,0.10547307090818936,True,,UNSTABLE,0.3333333333333333,1,2,low_vs_t0_mid,CONTROL
year,2025,3893,166,3727,0.4933810907703796,NEGATIVE,0.006618909229620384,True,,UNSTABLE,0.3333333333333333,1,2,low_vs_t0_mid,CONTROL
year,2026,1895,96,1799,0.44540659162497687,NEGATIVE,0.054593408375023134,True,,UNSTABLE,0.3333333333333333,1,2,low_vs_t0_mid,CONTROL
quarter,2024Q3,868,58,810,0.6536824180502342,POSITIVE,0.1536824180502342,True,,UNSTABLE,0.5,3,4,low_vs_t0_mid,CONTROL
quarter,2024Q4,1182,50,1132,0.5402826855123675,POSITIVE,0.040282685512367467,True,,UNSTABLE,0.5,3,4,low_vs_t0_mid,CONTROL
quarter,2025Q1,1152,47,1105,0.45429864253393665,NEGATIVE,0.04570135746606335,True,,UNSTABLE,0.5,3,4,low_vs_t0_mid,CONTROL
quarter,2025Q2,1057,44,1013,0.5392398815399803,POSITIVE,0.03923988153998026,True,,UNSTABLE,0.5,3,4,low_vs_t0_mid,CONTROL
quarter,2025Q3,751,26,725,0.5954907161803713,POSITIVE,0.0954907161803713,True,,UNSTABLE,0.5,3,4,low_vs_t0_mid,CONTROL
quarter,2025Q4,933,49,884,0.43421599408994366,NEGATIVE,0.06578400591005634,True,,UNSTABLE,0.5,3,4,low_vs_t0_mid,CONTROL
quarter,2026Q1,596,39,557,0.4799060903190167,NEGATIVE,0.02009390968098329,True,,UNSTABLE,0.5,3,4,low_vs_t0_mid,CONTROL
quarter,2026Q2,1001,50,951,0.40759200841219767,NEGATIVE,0.09240799158780233,True,,UNSTABLE,0.5,3,4,low_vs_t0_mid,CONTROL
quarter,2026Q3,298,7,291,,UNKNOWN,,False,GATE success_n<10,UNSTABLE,0.5,3,4,low_vs_t0_mid,CONTROL
regime,RISK_ON,4168,240,3928,0.5414078411405295,POSITIVE,0.04140784114052953,True,,UNSTABLE,0.5,1,1,low_vs_t0_mid,CONTROL
regime,RISK_OFF,3670,130,3540,0.4616286397218601,NEGATIVE,0.03837136027813992,True,,UNSTABLE,0.5,1,1,low_vs_t0_mid,CONTROL
regime,NEUTRAL,0,0,0,,UNKNOWN,,False,NO_ROWS,UNSTABLE,0.5,1,1,low_vs_t0_mid,CONTROL
board,SH_MAIN,3820,194,3626,0.5145939122375057,POSITIVE,0.014593912237505724,True,,DATA_LIMITED,,0,0,low_vs_t0_mid,CONTROL
board,SZ_MAIN,4018,176,3842,0.5081559675358478,POSITIVE,0.008155967535847797,True,,DATA_LIMITED,,0,0,low_vs_t0_mid,CONTROL
board,SZ_CHINEXT,0,0,0,,UNKNOWN,,False,NO_ROWS,DATA_LIMITED,,0,0,low_vs_t0_mid,CONTROL
board,SH_STAR,0,0,0,,UNKNOWN,,False,NO_ROWS,DATA_LIMITED,,0,0,low_vs_t0_mid,CONTROL
board,BSE,0,0,0,,UNKNOWN,,False,NO_ROWS,DATA_LIMITED,,0,0,low_vs_t0_mid,CONTROL
t0_position,LOW,263,9,254,,UNKNOWN,,False,GATE success_n<10,DATA_LIMITED,,0,0,low_vs_t0_mid,CONTROL
t0_position,MID,1609,68,1541,0.4932721303966103,NEGATIVE,0.0067278696033897245,True,,DATA_LIMITED,,0,0,low_vs_t0_mid,CONTROL
t0_position,HIGH,5126,263,4863,0.5390142372489091,POSITIVE,0.03901423724890907,True,,DATA_LIMITED,,0,0,low_vs_t0_mid,CONTROL
t0_gap_up,GAP_UP,4766,228,4538,0.49539995592772146,NEGATIVE,0.004600044072278542,True,,DATA_LIMITED,,0,0,low_vs_t0_mid,CONTROL
t0_gap_up,NO_GAP_UP,3072,142,2930,0.5400122578474259,POSITIVE,0.0400122578474259,True,,DATA_LIMITED,,0,0,low_vs_t0_mid,CONTROL
year,2024,2050,108,1942,0.5771207613380631,POSITIVE,0.07712076133806312,True,,UNSTABLE,0.3333333333333333,1,2,max_drawdown_from_post_t0_high,CONTROL
year,2025,3893,166,3727,0.49601572374822606,NEGATIVE,0.003984276251773944,True,,UNSTABLE,0.3333333333333333,1,2,max_drawdown_from_post_t0_high,CONTROL
year,2026,1895,96,1799,0.4620593616824162,NEGATIVE,0.03794063831758382,True,,UNSTABLE,0.3333333333333333,1,2,max_drawdown_from_post_t0_high,CONTROL
quarter,2024Q3,868,58,810,0.5975095785440613,POSITIVE,0.09750957854406128,True,,UNSTABLE,0.625,1,3,max_drawdown_from_post_t0_high,CONTROL
quarter,2024Q4,1182,50,1132,0.5403710247349823,POSITIVE,0.04037102473498233,True,,UNSTABLE,0.625,1,3,max_drawdown_from_post_t0_high,CONTROL
quarter,2025Q1,1152,47,1105,0.483652642726485,NEGATIVE,0.016347357273514995,True,,UNSTABLE,0.625,1,3,max_drawdown_from_post_t0_high,CONTROL
quarter,2025Q2,1057,44,1013,0.5125639414879296,POSITIVE,0.012563941487929609,True,,UNSTABLE,0.625,1,3,max_drawdown_from_post_t0_high,CONTROL
quarter,2025Q3,751,26,725,0.5168169761273209,POSITIVE,0.016816976127320915,True,,UNSTABLE,0.625,1,3,max_drawdown_from_post_t0_high,CONTROL
quarter,2025Q4,933,49,884,0.48505171299288946,NEGATIVE,0.014948287007110539,True,,UNSTABLE,0.625,1,3,max_drawdown_from_post_t0_high,CONTROL
quarter,2026Q1,596,39,557,0.5265617087879206,POSITIVE,0.026561708787920635,True,,UNSTABLE,0.625,1,3,max_drawdown_from_post_t0_high,CONTROL
quarter,2026Q2,1001,50,951,0.41974763406940063,NEGATIVE,0.08025236593059937,True,,UNSTABLE,0.625,1,3,max_drawdown_from_post_t0_high,CONTROL
quarter,2026Q3,298,7,291,,UNKNOWN,,False,GATE success_n<10,UNSTABLE,0.625,1,3,max_drawdown_from_post_t0_high,CONTROL
regime,RISK_ON,4168,240,3928,0.5264802910726408,POSITIVE,0.026480291072640827,True,,DATA_LIMITED,,0,0,max_drawdown_from_post_t0_high,CONTROL
regime,RISK_OFF,3670,130,3540,0.48122012168622336,NEGATIVE,0.018779878313776643,True,,DATA_LIMITED,,0,0,max_drawdown_from_post_t0_high,CONTROL
regime,NEUTRAL,0,0,0,,UNKNOWN,,False,NO_ROWS,DATA_LIMITED,,0,0,max_drawdown_from_post_t0_high,CONTROL
board,SH_MAIN,3820,194,3626,0.5335755227139616,POSITIVE,0.03357552271396158,True,,DATA_LIMITED,,0,0,max_drawdown_from_post_t0_high,CONTROL
board,SZ_MAIN,4018,176,3842,0.4837664450333633,NEGATIVE,0.0162335549666367,True,,DATA_LIMITED,,0,0,max_drawdown_from_post_t0_high,CONTROL
board,SZ_CHINEXT,0,0,0,,UNKNOWN,,False,NO_ROWS,DATA_LIMITED,,0,0,max_drawdown_from_post_t0_high,CONTROL
board,SH_STAR,0,0,0,,UNKNOWN,,False,NO_ROWS,DATA_LIMITED,,0,0,max_drawdown_from_post_t0_high,CONTROL
board,BSE,0,0,0,,UNKNOWN,,False,NO_ROWS,DATA_LIMITED,,0,0,max_drawdown_from_post_t0_high,CONTROL
t0_position,LOW,263,9,254,,UNKNOWN,,False,GATE success_n<10,DATA_LIMITED,,0,0,max_drawdown_from_post_t0_high,CONTROL
t0_position,MID,1609,68,1541,0.4882381570408825,NEGATIVE,0.011761842959117474,True,,DATA_LIMITED,,0,0,max_drawdown_from_post_t0_high,CONTROL
t0_position,HIGH,5126,263,4863,0.5412766063915544,POSITIVE,0.041276606391554393,True,,DATA_LIMITED,,0,0,max_drawdown_from_post_t0_high,CONTROL
t0_gap_up,GAP_UP,4766,228,4538,0.494928788476259,NEGATIVE,0.005071211523741015,True,,DATA_LIMITED,,0,0,max_drawdown_from_post_t0_high,CONTROL
t0_gap_up,NO_GAP_UP,3072,142,2930,0.5319929817814738,POSITIVE,0.031992981781473806,True,,DATA_LIMITED,,0,0,max_drawdown_from_post_t0_high,CONTROL
year,2024,2070,108,1962,0.49007531996828635,NEGATIVE,0.00992468003171365,True,,MIXED,0.6666666666666666,0,1,days_since_t0,CONTROL
year,2025,3918,169,3749,0.5295234547753168,POSITIVE,0.029523454775316815,True,,MIXED,0.6666666666666666,0,1,days_since_t0,CONTROL
year,2026,2483,129,2354,0.5420922987756285,POSITIVE,0.04209229877562848,True,,MIXED,0.6666666666666666,0,1,days_since_t0,CONTROL
quarter,2024Q3,876,58,818,0.49839811145771856,NEGATIVE,0.0016018885422814377,True,,MIXED,0.7777777777777778,0,2,days_since_t0,CONTROL
quarter,2024Q4,1194,50,1144,0.5088461538461538,POSITIVE,0.008846153846153837,True,,MIXED,0.7777777777777778,0,2,days_since_t0,CONTROL
quarter,2025Q1,1152,47,1105,0.5234620198324829,POSITIVE,0.02346201983248286,True,,MIXED,0.7777777777777778,0,2,days_since_t0,CONTROL
quarter,2025Q2,1075,46,1029,0.528541851523218,POSITIVE,0.028541851523217976,True,,MIXED,0.7777777777777778,0,2,days_since_t0,CONTROL
quarter,2025Q3,754,26,728,0.55520921386306,POSITIVE,0.05520921386305999,True,,MIXED,0.7777777777777778,0,2,days_since_t0,CONTROL
quarter,2025Q4,937,50,887,0.5279143179255918,POSITIVE,0.027914317925591847,True,,MIXED,0.7777777777777778,0,2,days_since_t0,CONTROL
quarter,2026Q1,597,39,558,0.4939573568605827,NEGATIVE,0.006042643139417325,True,,MIXED,0.7777777777777778,0,2,days_since_t0,CONTROL
quarter,2026Q2,1553,80,1473,0.5584945689069926,POSITIVE,0.05849456890699256,True,,MIXED,0.7777777777777778,0,2,days_since_t0,CONTROL
quarter,2026Q3,333,10,323,0.5928792569659442,POSITIVE,0.09287925696594423,True,,MIXED,0.7777777777777778,0,2,days_since_t0,CONTROL
regime,RISK_ON,4610,265,4345,0.5198267364352868,POSITIVE,0.019826736435286763,True,,DATA_LIMITED,,0,0,days_since_t0,CONTROL
regime,RISK_OFF,3861,141,3720,0.52300770228018,POSITIVE,0.02300770228018001,True,,DATA_LIMITED,,0,0,days_since_t0,CONTROL
regime,NEUTRAL,0,0,0,,UNKNOWN,,False,NO_ROWS,DATA_LIMITED,,0,0,days_since_t0,CONTROL
board,SH_MAIN,4140,211,3929,0.5042948352209057,POSITIVE,0.0042948352209056795,True,,DATA_LIMITED,,0,0,days_since_t0,CONTROL
board,SZ_MAIN,4331,195,4136,0.543723032286862,POSITIVE,0.04372303228686203,True,,DATA_LIMITED,,0,0,days_since_t0,CONTROL
board,SZ_CHINEXT,0,0,0,,UNKNOWN,,False,NO_ROWS,DATA_LIMITED,,0,0,days_since_t0,CONTROL
board,SH_STAR,0,0,0,,UNKNOWN,,False,NO_ROWS,DATA_LIMITED,,0,0,days_since_t0,CONTROL
board,BSE,0,0,0,,UNKNOWN,,False,NO_ROWS,DATA_LIMITED,,0,0,days_since_t0,CONTROL
t0_position,LOW,267,9,258,,UNKNOWN,,False,GATE success_n<10,DATA_LIMITED,,0,0,days_since_t0,CONTROL
t0_position,MID,1628,69,1559,0.5308633367729221,POSITIVE,0.03086333677292208,True,,DATA_LIMITED,,0,0,days_since_t0,CONTROL
t0_position,HIGH,5164,266,4898,0.49687497121734514,NEGATIVE,0.0031250287826548595,True,,DATA_LIMITED,,0,0,days_since_t0,CONTROL
t0_gap_up,GAP_UP,4870,231,4639,0.5403519380669629,POSITIVE,0.04035193806696291,True,,DATA_LIMITED,,0,0,days_since_t0,CONTROL
t0_gap_up,NO_GAP_UP,3147,149,2998,0.5007488213618922,POSITIVE,0.000748821361892249,True,,DATA_LIMITED,,0,0,days_since_t0,CONTROL
year,2024,2050,108,1942,0.4693948582980509,NEGATIVE,0.030605141701949112,True,,MIXED,0.6666666666666666,1,1,days_to_pullback_low,CONTROL
year,2025,3893,166,3727,0.5464843004968627,POSITIVE,0.046484300496862696,True,,MIXED,0.6666666666666666,1,1,days_to_pullback_low,CONTROL
year,2026,1895,96,1799,0.5610176950157495,POSITIVE,0.061017695015749496,True,,MIXED,0.6666666666666666,1,1,days_to_pullback_low,CONTROL
quarter,2024Q3,868,58,810,0.46773094934014475,NEGATIVE,0.03226905065985525,True,,MIXED,0.875,1,1,days_to_pullback_low,CONTROL
quarter,2024Q4,1182,50,1132,0.5000618374558304,POSITIVE,6.183745583043798e-05,True,,MIXED,0.875,1,1,days_to_pullback_low,CONTROL
quarter,2025Q1,1152,47,1105,0.5571964956195244,POSITIVE,0.057196495619524446,True,,MIXED,0.875,1,1,days_to_pullback_low,CONTROL
quarter,2025Q2,1057,44,1013,0.5127770797810285,POSITIVE,0.012777079781028489,True,,MIXED,0.875,1,1,days_to_pullback_low,CONTROL
quarter,2025Q3,751,26,725,0.5465517241379311,POSITIVE,0.04655172413793107,True,,MIXED,0.875,1,1,days_to_pullback_low,CONTROL
quarter,2025Q4,933,49,884,0.5735640410010158,POSITIVE,0.07356404100101577,True,,MIXED,0.875,1,1,days_to_pullback_low,CONTROL
quarter,2026Q1,596,39,557,0.5232242323804263,POSITIVE,0.023224232380426257,True,,MIXED,0.875,1,1,days_to_pullback_low,CONTROL
quarter,2026Q2,1001,50,951,0.583322818086225,POSITIVE,0.08332281808622499,True,,MIXED,0.875,1,1,days_to_pullback_low,CONTROL
quarter,2026Q3,298,7,291,,UNKNOWN,,False,GATE success_n<10,MIXED,0.875,1,1,days_to_pullback_low,CONTROL
regime,RISK_ON,4168,240,3928,0.5302910726408689,POSITIVE,0.030291072640868943,True,,DATA_LIMITED,,0,0,days_to_pullback_low,CONTROL
regime,RISK_OFF,3670,130,3540,0.5240145588874402,POSITIVE,0.024014558887440196,True,,DATA_LIMITED,,0,0,days_to_pullback_low,CONTROL
regime,NEUTRAL,0,0,0,,UNKNOWN,,False,NO_ROWS,DATA_LIMITED,,0,0,days_to_pullback_low,CONTROL
board,SH_MAIN,3820,194,3626,0.5043159085868953,POSITIVE,0.004315908586895345,True,,DATA_LIMITED,,0,0,days_to_pullback_low,CONTROL
board,SZ_MAIN,4018,176,3842,0.5559005430410298,POSITIVE,0.05590054304102976,True,,DATA_LIMITED,,0,0,days_to_pullback_low,CONTROL
board,SZ_CHINEXT,0,0,0,,UNKNOWN,,False,NO_ROWS,DATA_LIMITED,,0,0,days_to_pullback_low,CONTROL
board,SH_STAR,0,0,0,,UNKNOWN,,False,NO_ROWS,DATA_LIMITED,,0,0,days_to_pullback_low,CONTROL
board,BSE,0,0,0,,UNKNOWN,,False,NO_ROWS,DATA_LIMITED,,0,0,days_to_pullback_low,CONTROL
t0_position,LOW,263,9,254,,UNKNOWN,,False,GATE success_n<10,DATA_LIMITED,,0,0,days_to_pullback_low,CONTROL
t0_position,MID,1609,68,1541,0.5322603733251899,POSITIVE,0.03226037332518994,True,,DATA_LIMITED,,0,0,days_to_pullback_low,CONTROL
t0_position,HIGH,5126,263,4863,0.5104955632231899,POSITIVE,0.010495563223189897,True,,DATA_LIMITED,,0,0,days_to_pullback_low,CONTROL
t0_gap_up,GAP_UP,4766,228,4538,0.5478860770259717,POSITIVE,0.047886077025971696,True,,DATA_LIMITED,,0,0,days_to_pullback_low,CONTROL
t0_gap_up,NO_GAP_UP,3072,142,2930,0.4982105946257751,NEGATIVE,0.001789405374224895,True,,DATA_LIMITED,,0,0,days_to_pullback_low,CONTROL
year,2024,2057,108,1949,0.4818947988522129,NEGATIVE,0.018105201147787076,True,,MIXED,0.6666666666666666,0,1,pullback_duration,CONTROL
year,2025,3899,167,3732,0.521651231299459,POSITIVE,0.021651231299459006,True,,MIXED,0.6666666666666666,0,1,pullback_duration,CONTROL
year,2026,1970,99,1871,0.5231146310782869,POSITIVE,0.02311463107828693,True,,MIXED,0.6666666666666666,0,1,pullback_duration,CONTROL
quarter,2024Q3,869,58,811,0.4876908031804073,NEGATIVE,0.012309196819592694,True,,MIXED,0.75,0,2,pullback_duration,CONTROL
quarter,2024Q4,1188,50,1138,0.4778558875219684,NEGATIVE,0.022144112478031608,True,,MIXED,0.75,0,2,pullback_duration,CONTROL
quarter,2025Q1,1152,47,1105,0.5288052373158756,POSITIVE,0.028805237315875587,True,,MIXED,0.75,0,2,pullback_duration,CONTROL
quarter,2025Q2,1061,45,1016,0.5220472440944882,POSITIVE,0.022047244094488216,True,,MIXED,0.75,0,2,pullback_duration,CONTROL
quarter,2025Q3,752,26,726,0.5160786183513456,POSITIVE,0.016078618351345608,True,,MIXED,0.75,0,2,pullback_duration,CONTROL
quarter,2025Q4,934,49,885,0.516960682578116,POSITIVE,0.016960682578116004,True,,MIXED,0.75,0,2,pullback_duration,CONTROL
quarter,2026Q1,596,39,557,0.5306817658702757,POSITIVE,0.030681765870275712,True,,MIXED,0.75,0,2,pullback_duration,CONTROL
quarter,2026Q2,1075,53,1022,0.5298157515784809,POSITIVE,0.02981575157848093,True,,MIXED,0.75,0,2,pullback_duration,CONTROL
quarter,2026Q3,299,7,292,,UNKNOWN,,False,GATE success_n<10,MIXED,0.75,0,2,pullback_duration,CONTROL
regime,RISK_ON,4217,241,3976,0.49302818988620517,NEGATIVE,0.00697181011379483,True,,DATA_LIMITED,,0,0,pullback_duration,CONTROL
regime,RISK_OFF,3709,133,3576,0.534944744411364,POSITIVE,0.03494474441136397,True,,DATA_LIMITED,,0,0,pullback_duration,CONTROL
regime,NEUTRAL,0,0,0,,UNKNOWN,,False,NO_ROWS,DATA_LIMITED,,0,0,pullback_duration,CONTROL
board,SH_MAIN,3862,196,3666,0.5011140708329158,POSITIVE,0.0011140708329158144,True,,DATA_LIMITED,,0,0,pullback_duration,CONTROL
board,SZ_MAIN,4064,178,3886,0.5215430499574966,POSITIVE,0.021543049957496563,True,,DATA_LIMITED,,0,0,pullback_duration,CONTROL
board,SZ_CHINEXT,0,0,0,,UNKNOWN,,False,NO_ROWS,DATA_LIMITED,,0,0,pullback_duration,CONTROL
board,SH_STAR,0,0,0,,UNKNOWN,,False,NO_ROWS,DATA_LIMITED,,0,0,pullback_duration,CONTROL
board,BSE,0,0,0,,UNKNOWN,,False,NO_ROWS,DATA_LIMITED,,0,0,pullback_duration,CONTROL
t0_position,LOW,266,9,257,,UNKNOWN,,False,GATE success_n<10,DATA_LIMITED,,0,0,pullback_duration,CONTROL
t0_position,MID,1623,69,1554,0.5210303471173037,POSITIVE,0.02103034711730367,True,,DATA_LIMITED,,0,0,pullback_duration,CONTROL
t0_position,HIGH,5144,265,4879,0.5027673471597567,POSITIVE,0.0027673471597566834,True,,DATA_LIMITED,,0,0,pullback_duration,CONTROL
t0_gap_up,GAP_UP,4820,230,4590,0.5153661077957753,POSITIVE,0.015366107795775297,True,,DATA_LIMITED,,0,0,pullback_duration,CONTROL
t0_gap_up,NO_GAP_UP,3106,144,2962,0.5036023426363568,POSITIVE,0.0036023426363568367,True,,DATA_LIMITED,,0,0,pullback_duration,CONTROL
