baseline_id,baseline_role,factor_name,factor_family,factor_role,sample_scope,auc_3d_signal,effect_3d_signal,direction_match_3d,auc_5d_signal,effect_5d_signal,direction_match_5d,auc_3d_nonsignal,auc_5d_nonsignal,incremental_classification,sensitivity_note
B4,SECONDARY_BASELINE,close_vs_pullback_high,F6,ROBUSTNESS_CONTROL,COMMON,0.58731847384978,0.08731847384977998,True,0.5824200460583507,0.08242004605835074,True,0.6495934959349593,0.5713541666666667,INCREMENTAL_SUPPORTED,
B4,SECONDARY_BASELINE,close_vs_pullback_high,F6,ROBUSTNESS_CONTROL,OWN,0.5883193782507774,0.0883193782507774,True,0.583370276631416,0.08337027663141605,True,0.6524193548387097,0.5738636363636364,INCREMENTAL_SUPPORTED,
B4,SECONDARY_BASELINE,high_vs_pullback_high,F6,ROBUSTNESS_CONTROL,COMMON,0.5513922152843118,0.051392215284311815,True,0.5507953453613751,0.05079534536137509,True,0.6357723577235772,0.5645833333333333,INCREMENTAL_SUPPORTED,
B4,SECONDARY_BASELINE,high_vs_pullback_high,F6,ROBUSTNESS_CONTROL,OWN,0.5530983342137369,0.053098334213736886,True,0.5523142289463503,0.052314228946350294,True,0.6387096774193548,0.5671487603305785,INCREMENTAL_SUPPORTED,
B4,SECONDARY_BASELINE,median_range_ratio,F3,PRIMARY_INCREMENTAL_CANDIDATE,COMMON,0.4187339493262026,0.08126605067379739,True,0.4154270533457989,0.08457294665420112,True,0.4079247577155527,0.3875567822436893,INCREMENTAL_SUPPORTED,
B4,SECONDARY_BASELINE,median_range_ratio,F3,PRIMARY_INCREMENTAL_CANDIDATE,OWN,0.4187339493262026,0.08126605067379739,True,0.4154270533457989,0.08457294665420112,True,0.4079247577155527,0.3875567822436893,INCREMENTAL_SUPPORTED,
B4,SECONDARY_BASELINE,min_volume_ratio,F3,PRIMARY_INCREMENTAL_CANDIDATE,COMMON,0.4377163712702288,0.06228362872977122,True,0.43703769240740475,0.06296230759259525,True,0.3880359761112899,0.3813678581480439,INCREMENTAL_SUPPORTED,
B4,SECONDARY_BASELINE,min_volume_ratio,F3,PRIMARY_INCREMENTAL_CANDIDATE,OWN,0.4377163712702288,0.06228362872977122,True,0.43703769240740475,0.06296230759259525,True,0.3880359761112899,0.3813678581480439,INCREMENTAL_SUPPORTED,
B4,SECONDARY_BASELINE,pullback_volume_ratio,F3,PRIMARY_INCREMENTAL_CANDIDATE,COMMON,0.45606489573252057,0.04393510426747943,True,0.45536539146072225,0.044634608539277754,True,0.38503558273432753,0.3776681223500359,INCREMENTAL_SUPPORTED,
B4,SECONDARY_BASELINE,pullback_volume_ratio,F3,PRIMARY_INCREMENTAL_CANDIDATE,OWN,0.45606489573252057,0.04393510426747943,True,0.45536539146072225,0.044634608539277754,True,0.38503558273432753,0.3776681223500359,INCREMENTAL_SUPPORTED,
B4,SECONDARY_BASELINE,quiet_days_n,F3,PRIMARY_INCREMENTAL_CANDIDATE,COMMON,0.5765239565708179,0.0765239565708179,True,0.5767907154222194,0.07679071542221938,True,0.57482923863677,0.5763212369374359,INCREMENTAL_SUPPORTED,
B4,SECONDARY_BASELINE,quiet_days_n,F3,PRIMARY_INCREMENTAL_CANDIDATE,OWN,0.5765239565708179,0.0765239565708179,True,0.5767907154222194,0.07679071542221938,True,0.57482923863677,0.5763212369374359,INCREMENTAL_SUPPORTED,
B5,WEAK_CONTROL_BASELINE,close_vs_pullback_high,F6,ROBUSTNESS_CONTROL,COMMON,0.5566602253373509,0.056660225337350933,True,0.5654471615015679,0.06544716150156793,True,0.627996685998343,0.6063730534037778,INCREMENTAL_SUPPORTED,
B5,WEAK_CONTROL_BASELINE,close_vs_pullback_high,F6,ROBUSTNESS_CONTROL,OWN,0.5566602253373509,0.056660225337350933,True,0.5654471615015679,0.06544716150156793,True,0.627996685998343,0.6063730534037778,INCREMENTAL_SUPPORTED,
B5,WEAK_CONTROL_BASELINE,high_vs_pullback_high,F6,ROBUSTNESS_CONTROL,COMMON,0.5029067863225468,0.002906786322546817,True,0.5142933729939125,0.014293372993912534,True,0.6020878210439106,0.5839602070682568,INCREMENTAL_WEAK,
B5,WEAK_CONTROL_BASELINE,high_vs_pullback_high,F6,ROBUSTNESS_CONTROL,OWN,0.5029067863225468,0.002906786322546817,True,0.5142933729939125,0.014293372993912534,True,0.6020878210439106,0.5839602070682568,INCREMENTAL_WEAK,
B5,WEAK_CONTROL_BASELINE,median_range_ratio,F3,PRIMARY_INCREMENTAL_CANDIDATE,COMMON,0.42028329993990454,0.07971670006009546,True,0.4101128685773529,0.08988713142264709,True,0.4004118645904838,0.38686951593676105,INCREMENTAL_SUPPORTED,
B5,WEAK_CONTROL_BASELINE,median_range_ratio,F3,PRIMARY_INCREMENTAL_CANDIDATE,OWN,0.42028329993990454,0.07971670006009546,True,0.4101128685773529,0.08988713142264709,True,0.4004118645904838,0.38686951593676105,INCREMENTAL_SUPPORTED,
B5,WEAK_CONTROL_BASELINE,min_volume_ratio,F3,PRIMARY_INCREMENTAL_CANDIDATE,COMMON,0.3848676311586736,0.11513236884132638,True,0.3896788456807479,0.1103211543192521,True,0.45730638310690724,0.4335665019332952,INCREMENTAL_SUPPORTED,
B5,WEAK_CONTROL_BASELINE,min_volume_ratio,F3,PRIMARY_INCREMENTAL_CANDIDATE,OWN,0.3848676311586736,0.11513236884132638,True,0.3896788456807479,0.1103211543192521,True,0.45730638310690724,0.4335665019332952,INCREMENTAL_SUPPORTED,
B5,WEAK_CONTROL_BASELINE,pullback_volume_ratio,F3,PRIMARY_INCREMENTAL_CANDIDATE,COMMON,0.40125031604116984,0.09874968395883016,True,0.40578104132986575,0.09421895867013425,True,0.4664517878121517,0.44165652358815677,INCREMENTAL_SUPPORTED,
B5,WEAK_CONTROL_BASELINE,pullback_volume_ratio,F3,PRIMARY_INCREMENTAL_CANDIDATE,OWN,0.40125031604116984,0.09874968395883016,True,0.40578104132986575,0.09421895867013425,True,0.4664517878121517,0.44165652358815677,INCREMENTAL_SUPPORTED,
B5,WEAK_CONTROL_BASELINE,quiet_days_n,F3,PRIMARY_INCREMENTAL_CANDIDATE,COMMON,0.5997845202717382,0.09978452027173823,True,0.5895079558234343,0.0895079558234343,True,0.5550357069739995,0.5855367297883567,INCREMENTAL_SUPPORTED,
B5,WEAK_CONTROL_BASELINE,quiet_days_n,F3,PRIMARY_INCREMENTAL_CANDIDATE,OWN,0.5997845202717382,0.09978452027173823,True,0.5895079558234343,0.0895079558234343,True,0.5550357069739995,0.5855367297883567,INCREMENTAL_SUPPORTED,
B6,PRIMARY_BASELINE,close_vs_pullback_high,F6,ROBUSTNESS_CONTROL,COMMON,0.5967390249874116,0.0967390249874116,True,0.5859057093156897,0.08590570931568975,True,0.5979515912147019,0.5948976714905319,INCREMENTAL_SUPPORTED,
B6,PRIMARY_BASELINE,close_vs_pullback_high,F6,ROBUSTNESS_CONTROL,OWN,0.5967390249874116,0.0967390249874116,True,0.5859057093156897,0.08590570931568975,True,0.5979515912147019,0.5948976714905319,INCREMENTAL_SUPPORTED,
B6,PRIMARY_BASELINE,high_vs_pullback_high,F6,ROBUSTNESS_CONTROL,COMMON,0.5633393234135142,0.06333932341351423,True,0.558749184605349,0.05874918460534895,True,0.5617929179740027,0.5602423132924714,INCREMENTAL_SUPPORTED,
B6,PRIMARY_BASELINE,high_vs_pullback_high,F6,ROBUSTNESS_CONTROL,OWN,0.5633393234135142,0.06333932341351423,True,0.558749184605349,0.05874918460534895,True,0.5617929179740027,0.5602423132924714,INCREMENTAL_SUPPORTED,
B6,PRIMARY_BASELINE,median_range_ratio,F3,PRIMARY_INCREMENTAL_CANDIDATE,COMMON,0.42221997070987116,0.07778002929012884,True,0.40993238304093566,0.09006761695906434,True,0.4405606009410984,0.42830684573281386,INCREMENTAL_SUPPORTED,
B6,PRIMARY_BASELINE,median_range_ratio,F3,PRIMARY_INCREMENTAL_CANDIDATE,OWN,0.42221997070987116,0.07778002929012884,True,0.40993238304093566,0.09006761695906434,True,0.4405606009410984,0.42830684573281386,INCREMENTAL_SUPPORTED,
B6,PRIMARY_BASELINE,min_volume_ratio,F3,PRIMARY_INCREMENTAL_CANDIDATE,COMMON,0.5049484574082492,0.004948457408249229,False,0.4947839941492974,0.0052160058507025875,True,0.43169556765531003,0.4299947523182147,NO_INCREMENTAL_VALUE,
B6,PRIMARY_BASELINE,min_volume_ratio,F3,PRIMARY_INCREMENTAL_CANDIDATE,OWN,0.5049484574082492,0.004948457408249229,False,0.4947839941492974,0.0052160058507025875,True,0.43169556765531003,0.4299947523182147,NO_INCREMENTAL_VALUE,
B6,PRIMARY_BASELINE,pullback_volume_ratio,F3,PRIMARY_INCREMENTAL_CANDIDATE,COMMON,0.503464841686223,0.0034648416862229636,False,0.49440526563234605,0.005594734367653953,True,0.4438130906045779,0.4411541381928626,NO_INCREMENTAL_VALUE,
B6,PRIMARY_BASELINE,pullback_volume_ratio,F3,PRIMARY_INCREMENTAL_CANDIDATE,OWN,0.503464841686223,0.0034648416862229636,False,0.49440526563234605,0.005594734367653953,True,0.4438130906045779,0.4411541381928626,NO_INCREMENTAL_VALUE,
B6,PRIMARY_BASELINE,quiet_days_n,F3,PRIMARY_INCREMENTAL_CANDIDATE,COMMON,0.514764803949562,0.014764803949562033,True,0.5294029344193818,0.0294029344193818,True,0.5527955677412865,0.5461290284752699,INCREMENTAL_WEAK,
B6,PRIMARY_BASELINE,quiet_days_n,F3,PRIMARY_INCREMENTAL_CANDIDATE,OWN,0.514764803949562,0.014764803949562033,True,0.5294029344193818,0.0294029344193818,True,0.5527955677412865,0.5461290284752699,INCREMENTAL_WEAK,
B7,WEAK_CONTROL_BASELINE,close_vs_pullback_high,F6,ROBUSTNESS_CONTROL,COMMON,0.6739079102715466,0.17390791027154662,True,0.6628333333333334,0.16283333333333339,True,0.5779333742659677,0.5703884494290711,INCREMENTAL_SUPPORTED,
B7,WEAK_CONTROL_BASELINE,close_vs_pullback_high,F6,ROBUSTNESS_CONTROL,OWN,0.675516917293233,0.17551691729323304,True,0.664469320066335,0.16446932006633497,True,0.578825211730748,0.5712346149800126,INCREMENTAL_SUPPORTED,
B7,WEAK_CONTROL_BASELINE,high_vs_pullback_high,F6,ROBUSTNESS_CONTROL,COMMON,0.612349468713105,0.11234946871310503,True,0.5998125,0.09981249999999997,True,0.5470308096789936,0.5437840522341187,INCREMENTAL_SUPPORTED,
B7,WEAK_CONTROL_BASELINE,high_vs_pullback_high,F6,ROBUSTNESS_CONTROL,OWN,0.6142152255639097,0.11421522556390973,True,0.601679104477612,0.10167910447761197,True,0.5486579611851625,0.5452188091731538,INCREMENTAL_SUPPORTED,
B7,WEAK_CONTROL_BASELINE,median_range_ratio,F3,PRIMARY_INCREMENTAL_CANDIDATE,COMMON,0.4559026182820395,0.044097381717960515,True,0.45004051863857375,0.04995948136142625,True,0.4088954875055049,0.397884185312078,INCREMENTAL_SUPPORTED,
B7,WEAK_CONTROL_BASELINE,median_range_ratio,F3,PRIMARY_INCREMENTAL_CANDIDATE,OWN,0.4559026182820395,0.044097381717960515,True,0.45004051863857375,0.04995948136142625,True,0.4088954875055049,0.397884185312078,INCREMENTAL_SUPPORTED,
B7,WEAK_CONTROL_BASELINE,min_volume_ratio,F3,PRIMARY_INCREMENTAL_CANDIDATE,COMMON,0.5012402388608176,0.0012402388608175885,False,0.4963128038897893,0.0036871961102106776,True,0.4039052364183465,0.40108866145889954,NO_INCREMENTAL_VALUE,
B7,WEAK_CONTROL_BASELINE,min_volume_ratio,F3,PRIMARY_INCREMENTAL_CANDIDATE,OWN,0.5012402388608176,0.0012402388608175885,False,0.4963128038897893,0.0036871961102106776,True,0.4039052364183465,0.40108866145889954,NO_INCREMENTAL_VALUE,
B7,WEAK_CONTROL_BASELINE,pullback_volume_ratio,F3,PRIMARY_INCREMENTAL_CANDIDATE,COMMON,0.5054662379421222,0.0054662379421221985,False,0.5119124797406807,0.01191247974068066,False,0.41126260588947156,0.4075162825919919,NO_INCREMENTAL_VALUE,
B7,WEAK_CONTROL_BASELINE,pullback_volume_ratio,F3,PRIMARY_INCREMENTAL_CANDIDATE,OWN,0.5054662379421222,0.0054662379421221985,False,0.5119124797406807,0.01191247974068066,False,0.41126260588947156,0.4075162825919919,NO_INCREMENTAL_VALUE,
B7,WEAK_CONTROL_BASELINE,quiet_days_n,F3,PRIMARY_INCREMENTAL_CANDIDATE,COMMON,0.5525264124942582,0.05252641249425816,True,0.544935170178282,0.04493517017828197,True,0.5880653699076921,0.5884343178347107,INCREMENTAL_SUPPORTED,
B7,WEAK_CONTROL_BASELINE,quiet_days_n,F3,PRIMARY_INCREMENTAL_CANDIDATE,OWN,0.5525264124942582,0.05252641249425816,True,0.544935170178282,0.04493517017828197,True,0.5880653699076921,0.5884343178347107,INCREMENTAL_SUPPORTED,
